id,phone_number,status,risk_score,report_count,first_reported_at,last_reported_at
aef72a81-64a4-4c1f-871b-4c0e681216b7,0848779365,high_risk,87,1,2026-04-10T15:56:37+07:00,2026-04-10T15:56:37+07:00
d3e7b77b-5c87-4ac5-ac6a-5f51c88e6efd,0981584040,suspect,77,1,2026-04-03T11:29:27+07:00,2026-04-03T11:29:27+07:00
2c783a02-8b20-49c2-adaa-a94d78c732ca,027688870,high_risk,87,1,2026-04-03T07:16:28+07:00,2026-04-03T07:16:28+07:00
79130e1e-05ce-44ac-803d-6f90dbbd593b,0918249031,high_risk,84,2,2026-04-04T14:27:39+07:00,2026-04-07T01:39:38+07:00
b7f0be6c-5266-421c-a505-80ba0765a0b7,0672621830,high_risk,85,2,2026-04-03T12:01:55+07:00,2026-04-16T23:33:43+07:00
c2605f68-0c1a-4989-a1e6-39982e663096,0829313635,suspect,78,1,2026-04-02T22:03:23+07:00,2026-04-02T22:03:23+07:00
9e8280ea-cdd6-4f4c-afa5-1bd68c79f34e,0848671362,high_risk,94,2,2026-04-08T04:00:28+07:00,2026-05-04T12:34:50+07:00
e7273f04-ffe0-4583-ab50-a6e72ae4e9ce,0965056141,suspect,78,2,2026-04-05T04:09:55+07:00,2026-04-18T07:44:08+07:00
22706fb7-3824-4115-8f51-3b74a90727b8,0852758109,high_risk,89,2,2026-04-04T12:11:09+07:00,2026-04-23T20:32:41+07:00
3f9cbb89-a4d0-448d-9d5e-a77dd2c4751f,0658417958,high_risk,89,1,2026-04-03T08:43:16+07:00,2026-04-03T08:43:16+07:00
b86fbdaf-a12f-4f21-8aee-e6af52174284,0855030514,high_risk,86,2,2026-04-05T04:05:11+07:00,2026-04-13T23:29:52+07:00
abe6c876-4bae-4550-8b45-19f7bd460800,0929357131,high_risk,87,2,2026-04-05T12:13:38+07:00,2026-04-16T13:55:28+07:00
f8244357-82dd-46a9-804a-d08c5e5b4286,0643728631,high_risk,94,2,2026-04-04T06:17:14+07:00,2026-04-24T07:38:09+07:00
97ee3406-c58c-49d2-9f84-5c07f0243bce,0883745435,high_risk,99,5,2026-04-05T10:42:11+07:00,2026-05-04T11:38:49+07:00
d0d73e1c-c6b0-45ea-85c6-7a56983d19e1,0857391266,high_risk,88,2,2026-04-09T17:39:51+07:00,2026-04-13T02:40:50+07:00
b9e15053-184b-487b-9c12-00f9734ccb5e,0828798348,high_risk,91,2,2026-04-02T17:31:51+07:00,2026-05-06T03:27:01+07:00
915501db-75d8-4c7f-849e-25720858dad4,027472078,high_risk,97,2,2026-04-05T18:07:34+07:00,2026-04-30T19:14:27+07:00
911ea5e2-fef5-4923-abaa-e6c5550100ea,0951915539,high_risk,99,2,2026-04-14T15:33:12+07:00,2026-05-06T09:58:59+07:00
309c2080-c694-4d09-a12c-0334377aa89d,0918080746,high_risk,91,2,2026-04-08T00:09:33+07:00,2026-05-08T20:31:05+07:00
b5a4f3db-fec6-46ba-85d2-ff9c47c3cc0d,0846715056,high_risk,80,1,2026-04-03T09:54:42+07:00,2026-04-03T09:54:42+07:00
ee04f029-f289-4633-8407-c725ea762b57,026311211,high_risk,96,2,2026-04-04T03:08:28+07:00,2026-04-29T07:31:57+07:00
cf9f82dd-7c01-4d0c-9ced-4cb220f9d65a,0937344206,high_risk,99,2,2026-04-04T12:13:45+07:00,2026-05-07T17:59:23+07:00
57f6a41c-969c-4215-a903-7fc1d797c49e,0929957349,high_risk,91,2,2026-04-05T06:40:57+07:00,2026-04-28T06:10:55+07:00
09766640-148c-40c8-981f-4ed39eb41ed6,0834627010,high_risk,92,2,2026-04-05T13:31:26+07:00,2026-04-08T08:38:26+07:00
8118ea3d-a296-412f-a593-986e4c481f2d,0896180966,high_risk,91,3,2026-04-04T20:23:40+07:00,2026-04-29T01:05:32+07:00
ac394d0b-dd36-4e26-8940-2efeb57f4e0d,022483277,high_risk,94,1,2026-04-10T06:01:02+07:00,2026-04-10T06:01:02+07:00
81a09237-f3d9-4c26-bd8c-ff4f5b192956,0845555609,high_risk,90,3,2026-04-04T14:25:12+07:00,2026-04-23T23:42:54+07:00
dbf91a5d-baa1-4078-a6d8-52f8c955c229,0973566657,high_risk,96,2,2026-04-12T15:44:05+07:00,2026-05-03T16:22:56+07:00
73f1d226-46a7-4e11-a22f-60901385db42,0684762780,high_risk,97,2,2026-04-05T01:48:00+07:00,2026-04-17T19:09:30+07:00
544404a4-4f3d-427b-9b7c-c631ba73315e,021570840,high_risk,98,4,2026-04-02T19:59:21+07:00,2026-04-28T17:17:39+07:00
735e6223-057e-4c24-a8cc-d3264605a429,0858450235,high_risk,94,2,2026-04-05T00:32:24+07:00,2026-04-19T05:53:14+07:00
4c671eca-3190-4975-adc8-66f99bcc9454,0992237480,high_risk,84,1,2026-04-06T00:59:32+07:00,2026-04-06T00:59:32+07:00
9ebe07da-7117-4582-b67f-65840664b56f,0817723883,high_risk,88,1,2026-04-15T11:23:34+07:00,2026-04-15T11:23:34+07:00
025e6056-7c73-41d3-9038-2a4dd718fe00,0635460976,high_risk,86,2,2026-04-04T15:29:18+07:00,2026-04-13T00:04:23+07:00
b0d944bd-bb37-4e9f-a34c-4003910bdb9a,0954705880,high_risk,99,3,2026-04-04T09:20:34+07:00,2026-04-08T05:12:26+07:00
2865f389-7cf9-4cda-8ebb-b64a80fb9f91,0965160579,high_risk,94,5,2026-04-03T07:40:24+07:00,2026-04-25T02:59:03+07:00
426c1392-913a-45e8-9e2b-0d5fd1e267e0,023861740,high_risk,98,1,2026-04-06T13:45:43+07:00,2026-04-06T13:45:43+07:00
d4f65154-7d9f-407b-b662-306713f44fd5,0849106594,high_risk,98,2,2026-04-04T17:07:06+07:00,2026-04-12T15:36:15+07:00
5aae55ad-685b-4789-9907-ea1dfd7fea6e,0688174219,high_risk,85,1,2026-04-08T04:10:34+07:00,2026-04-08T04:10:34+07:00
f86d98e9-2ffd-4b01-b653-f3f0939d3ca3,025933332,high_risk,99,3,2026-04-04T04:50:03+07:00,2026-04-28T20:34:44+07:00
b107633a-a739-4f80-bc38-8f66a95702f9,0863481367,high_risk,83,2,2026-04-06T17:55:23+07:00,2026-04-11T04:24:54+07:00
69e106f7-e1d8-468f-98aa-6724d282e054,0643330740,high_risk,95,6,2026-04-03T13:43:25+07:00,2026-04-21T21:32:06+07:00
82d3e432-8754-4247-b398-b7a9cf4abd6a,0681982286,high_risk,89,3,2026-04-05T23:00:21+07:00,2026-04-20T03:34:30+07:00
a33624e5-6529-4fa8-bf7e-2e9c1c9447e8,021362696,high_risk,88,2,2026-04-11T06:59:12+07:00,2026-04-19T04:38:33+07:00
2437569a-b3f0-4ea2-bfc6-04feb2aa6259,0998902212,high_risk,95,2,2026-04-02T05:36:36+07:00,2026-04-10T09:16:56+07:00
47611958-038e-417e-bb35-e02bc785dbf9,026642847,high_risk,99,3,2026-04-04T03:23:30+07:00,2026-04-24T03:06:38+07:00
d85233d8-1212-48a6-bcd2-f3e984074ed2,0858794330,high_risk,85,2,2026-04-11T03:46:03+07:00,2026-04-26T01:29:47+07:00
92e96277-7742-4b5a-8213-cf1b097e4e67,027309745,high_risk,89,2,2026-04-02T09:00:06+07:00,2026-04-04T03:22:38+07:00
59816b55-5ec1-4b75-9b0e-94ea542d0b86,0821518497,high_risk,89,2,2026-04-05T09:47:07+07:00,2026-04-16T11:04:31+07:00
78963c1f-e0c7-4f50-8495-2c647b8518d6,0961681662,suspect,78,2,2026-04-15T17:09:14+07:00,2026-04-18T00:24:34+07:00
836f91ef-7418-474a-b565-709c2e6612fd,0633948079,high_risk,96,2,2026-04-08T08:57:55+07:00,2026-04-09T19:00:23+07:00
d043b1bf-beed-467d-a7d1-2908af3914e2,0656796419,high_risk,83,2,2026-04-05T04:11:47+07:00,2026-04-22T10:00:16+07:00
d40f4d79-e52c-48db-a687-cda41b6e0396,0996330233,high_risk,88,1,2026-04-06T01:13:36+07:00,2026-04-06T01:13:36+07:00
82199436-7100-4240-9291-f8ee288406ec,0874212786,high_risk,99,1,2026-04-09T20:59:59+07:00,2026-04-09T20:59:59+07:00
dd25ba82-bc25-471f-ad7b-dda00578a105,0952083675,high_risk,99,2,2026-04-02T21:11:50+07:00,2026-04-08T07:29:11+07:00
f5bd4d49-ddce-42d9-a1b1-f62f592907a9,0683393257,high_risk,93,2,2026-04-11T06:52:42+07:00,2026-04-16T14:00:43+07:00
7f00a9d4-f5d5-4f5f-bd51-12e983724348,022956874,high_risk,86,1,2026-04-05T07:53:12+07:00,2026-04-05T07:53:12+07:00
dc623785-692a-415a-8c46-2b823f16ffba,0687269419,high_risk,88,2,2026-04-03T10:14:28+07:00,2026-04-03T13:34:24+07:00
2ada6ec0-97d8-4a08-871f-ebb12d8f9d00,0811854984,high_risk,88,2,2026-04-03T06:46:17+07:00,2026-04-10T04:04:22+07:00
ff92375f-a0d7-4162-a071-d23e33189c8d,0822818847,high_risk,87,2,2026-04-02T03:22:22+07:00,2026-04-02T17:02:44+07:00
ef1f1c54-fabd-4d55-98a4-821364efbb72,0891467708,high_risk,95,3,2026-04-10T05:35:15+07:00,2026-04-15T21:14:59+07:00
2b22f09b-777a-4bb3-8c7e-140ee6edafb2,0917583990,high_risk,92,3,2026-04-08T23:09:28+07:00,2026-05-03T16:20:07+07:00
8afd0099-e47c-47ec-87c2-446cb5c98cc5,0871008096,high_risk,88,5,2026-04-04T09:24:09+07:00,2026-04-28T12:37:51+07:00
08faaf9e-9ffe-46be-8074-48a20b9af1cb,0813175699,high_risk,87,2,2026-04-06T06:07:06+07:00,2026-04-06T14:46:07+07:00
83eff6a0-dbde-44dd-8f37-325779ddedec,0827814661,high_risk,97,2,2026-04-05T10:05:11+07:00,2026-04-08T18:27:07+07:00
7ec392f8-5526-4e23-870d-f8732d2255f3,0867213838,suspect,79,1,2026-04-07T18:25:43+07:00,2026-04-07T18:25:43+07:00
7b712474-b892-499b-94ec-68cb9fc8d064,027426172,high_risk,93,2,2026-04-03T15:08:44+07:00,2026-04-25T08:36:30+07:00
359a99c8-1c70-442d-b395-bab717ddb66f,0944809357,high_risk,84,2,2026-04-18T08:51:06+07:00,2026-05-02T09:14:38+07:00
f8d76e01-63c4-4024-b310-bca6cbaeb316,0639811339,high_risk,93,2,2026-04-02T15:19:35+07:00,2026-04-03T02:00:32+07:00
d231db78-0334-459a-a888-4e3760fbe9a8,0923294506,high_risk,99,3,2026-04-02T03:10:18+07:00,2026-04-12T05:28:20+07:00
d6cb1721-efaf-4cce-8c7f-f0102248991f,0970943475,suspect,79,1,2026-04-08T08:42:34+07:00,2026-04-08T08:42:34+07:00
e8b01924-44a5-46bc-a031-fbca8bdd2d2b,0828356487,high_risk,81,2,2026-04-06T16:33:40+07:00,2026-05-01T13:58:58+07:00
4d2b791d-f18e-474f-9058-fd676d341b79,0618651578,high_risk,97,2,2026-04-02T13:33:10+07:00,2026-04-11T15:22:05+07:00
222a6316-96ed-45d4-b244-5e0f5883587b,0893154146,high_risk,97,2,2026-04-12T08:48:15+07:00,2026-04-18T06:40:30+07:00
ea85afb3-b7e8-4e5b-9b07-f037f8c40e92,023803448,high_risk,84,2,2026-04-04T23:30:14+07:00,2026-04-24T11:23:25+07:00
484eb6db-4b3a-4ba7-a847-51b638fd123b,0837080859,high_risk,84,2,2026-04-03T05:22:51+07:00,2026-04-07T22:52:16+07:00
b914b9eb-89ca-4018-8b76-d5bb84c6eae5,0966490114,high_risk,99,2,2026-04-05T23:11:49+07:00,2026-04-09T21:51:18+07:00
7c393328-cdc5-4f09-90c0-0035d5a714e6,024449068,high_risk,91,2,2026-04-10T11:44:50+07:00,2026-04-12T04:27:31+07:00
5af66630-21df-4377-b055-9f685338ba3f,0633817421,high_risk,99,8,2026-04-03T14:01:10+07:00,2026-04-18T14:44:06+07:00
332c7ac7-811f-4666-b228-6c290c738fb2,0814023097,high_risk,84,2,2026-04-03T10:05:37+07:00,2026-04-03T13:05:21+07:00
b42229c8-3f48-40b9-8ef6-07de867a738d,027010570,high_risk,92,1,2026-04-15T19:37:56+07:00,2026-04-15T19:37:56+07:00
d29a63f1-3553-4e11-bfb0-b0cb9fd9d442,0877509529,high_risk,94,2,2026-04-07T04:58:12+07:00,2026-04-11T02:23:59+07:00
e55b1873-ec15-41ed-96e4-86ce897a2388,0988440220,high_risk,85,2,2026-04-03T22:27:28+07:00,2026-04-10T00:46:33+07:00
2496ddc9-15a5-433e-ba73-7342252bdf58,0993617303,high_risk,89,2,2026-04-09T10:07:26+07:00,2026-04-26T20:08:23+07:00
2a89c532-3a57-4bd2-b838-77e98c462693,0859296160,high_risk,99,2,2026-04-08T21:33:10+07:00,2026-04-27T04:11:53+07:00
62a723ee-a05a-4c16-ab1d-df70bd8049e9,0863883030,suspect,77,1,2026-04-13T21:11:22+07:00,2026-04-13T21:11:22+07:00
e14d2d09-b4d3-411a-9ab0-7f477a22a0d2,0612180729,high_risk,96,1,2026-04-05T03:21:13+07:00,2026-04-05T03:21:13+07:00
aa8b943d-2d4b-4bda-a412-eec2801d8c3f,0846526252,high_risk,83,2,2026-04-07T18:33:06+07:00,2026-04-08T10:59:53+07:00
b2cb3503-c15a-40a7-9789-7e8fdfd403b2,0895151372,high_risk,84,1,2026-04-08T01:32:55+07:00,2026-04-08T01:32:55+07:00
29d100a0-d3f7-4d07-88f2-bf12f9195359,0852763281,suspect,77,1,2026-04-04T06:32:43+07:00,2026-04-04T06:32:43+07:00
976f7cc7-e174-40bc-9019-068db6b534aa,0865951832,high_risk,82,2,2026-04-16T01:29:02+07:00,2026-05-07T10:34:16+07:00
12f5dbba-d877-437f-8be0-c2ef5b24d54f,0999542245,high_risk,86,3,2026-04-02T20:55:01+07:00,2026-04-27T22:00:21+07:00
ac6b9968-7d1d-4c11-b9de-85e969363e6a,0880988779,high_risk,90,2,2026-04-05T18:09:37+07:00,2026-04-06T03:36:35+07:00
089d9a99-7f12-4354-afda-e057f16b95a1,0940432110,high_risk,87,1,2026-04-04T11:52:52+07:00,2026-04-04T11:52:52+07:00
b911eb66-0acd-4e36-8308-7361e563cca5,0990548825,high_risk,88,2,2026-04-04T23:21:06+07:00,2026-04-16T11:50:16+07:00
2d13a0a7-820c-477d-8d5e-a2dd6ac9cda4,0834532375,high_risk,91,3,2026-04-03T15:13:12+07:00,2026-04-10T05:48:23+07:00
adac8c4f-01cc-4291-94b6-aee92d041b31,0964537260,high_risk,99,12,2026-04-05T16:13:21+07:00,2026-04-24T16:38:05+07:00
5133fce4-c25e-424e-883e-2035daa3fa7b,0920899527,high_risk,85,2,2026-04-18T09:55:11+07:00,2026-04-20T15:29:09+07:00
ca5b7186-d428-4c99-a251-b87c1c2a024c,0929667759,high_risk,92,2,2026-04-17T02:40:02+07:00,2026-05-18T00:23:21+07:00
a0c51eed-7149-4535-9d42-cf9f8ce98a8a,0893372334,high_risk,81,2,2026-04-08T19:29:46+07:00,2026-04-10T08:42:22+07:00
f7c8b9bf-c61c-4164-a823-a1c7452c89a6,0664416316,high_risk,88,2,2026-04-04T22:00:57+07:00,2026-04-10T07:30:23+07:00
8cef66c3-dd7c-4c7b-bf84-8aedb3a3fa28,022355685,high_risk,88,2,2026-04-07T17:00:02+07:00,2026-04-07T18:04:03+07:00
e7747bbf-06b1-4d43-823d-ec3ac9ff6545,0867182706,high_risk,94,2,2026-04-09T06:54:35+07:00,2026-05-01T15:43:09+07:00
db83e486-96b2-44e2-aa21-823fe6d9c5df,0935457315,high_risk,99,4,2026-04-05T06:03:29+07:00,2026-05-05T04:28:10+07:00
5d675a52-f0e4-46c0-8a11-eb7101e245c3,0878658478,high_risk,93,2,2026-04-08T19:58:51+07:00,2026-04-13T18:25:46+07:00
312d8549-ebaa-4f61-945d-03f7d6dfe107,0943485975,suspect,79,1,2026-04-28T10:53:04+07:00,2026-04-28T10:53:04+07:00
49727571-7d3d-47eb-b594-7886109b569f,0879010608,high_risk,83,4,2026-04-08T01:19:58+07:00,2026-04-29T19:48:19+07:00
910964f8-77fa-4be2-84e5-2b00e1ebff72,0985395108,high_risk,84,1,2026-04-19T20:35:32+07:00,2026-04-19T20:35:32+07:00
5bfdec8c-6903-42a5-b415-5a185a3420d0,0826613373,high_risk,91,2,2026-04-14T23:09:22+07:00,2026-04-16T04:33:16+07:00
db5b4b5e-ed91-43d3-be6a-0964ac2d9092,021393363,high_risk,99,2,2026-04-09T09:00:57+07:00,2026-04-13T21:16:47+07:00
0565087c-73fc-423a-8744-1bad4536962e,0863021311,high_risk,99,3,2026-04-07T09:15:57+07:00,2026-04-20T14:12:35+07:00
46f29da7-7fad-4143-b3d9-e96a6bded5c8,021200605,high_risk,97,3,2026-04-06T00:24:16+07:00,2026-04-13T14:42:29+07:00
9c11fa2b-01a6-4b0f-8b9b-691e01013a53,026166356,high_risk,84,2,2026-04-08T05:14:43+07:00,2026-04-08T05:22:10+07:00
a694dc72-89ff-455b-a00d-f2fe5681d5f3,026050441,high_risk,83,1,2026-04-12T05:50:08+07:00,2026-04-12T05:50:08+07:00
273212c7-67ff-4484-927d-624ff61fcab5,0833962539,high_risk,98,3,2026-04-09T04:24:43+07:00,2026-04-30T02:04:59+07:00
ca971093-78f6-4629-9eb1-7c8569cec1d4,0855641654,high_risk,91,2,2026-04-25T09:55:39+07:00,2026-05-03T14:47:49+07:00
fec57c49-01c6-4ed5-8367-d3b910e2ca2f,0925237043,high_risk,91,2,2026-04-11T01:41:24+07:00,2026-04-13T17:42:02+07:00
a92f23f9-ca13-444e-bb6f-a8712121f6d4,0873146497,high_risk,88,2,2026-04-07T22:59:04+07:00,2026-04-08T13:10:38+07:00
183f0164-3d8a-40cf-9395-b7283e344b4b,0842522801,high_risk,88,2,2026-04-24T17:02:10+07:00,2026-04-26T03:16:11+07:00
54ca626e-cba2-4be9-8c89-3cbb041cb014,0861751873,high_risk,99,3,2026-04-07T20:57:47+07:00,2026-04-25T13:39:08+07:00
5385124e-27f9-43a0-936a-3646f208b263,0858353190,high_risk,93,3,2026-04-08T20:20:01+07:00,2026-04-18T00:27:03+07:00
06ee343a-c839-42bc-a558-eacce9137d01,0968500177,high_risk,89,2,2026-04-10T18:45:50+07:00,2026-05-06T16:50:05+07:00
0b4da850-b36f-457b-8ea8-52a7cb4c3287,0819574233,high_risk,90,3,2026-04-09T16:24:38+07:00,2026-05-09T17:26:56+07:00
4e57a09d-a343-410c-b362-bea38918eb70,026006141,high_risk,91,1,2026-04-13T09:04:50+07:00,2026-04-13T09:04:50+07:00
eb42f2e9-378f-4ae3-911a-95446fdb021b,0854533413,high_risk,83,1,2026-04-09T14:24:26+07:00,2026-04-09T14:24:26+07:00
29a8c87c-91a4-4c46-9321-7bcc4eb2d430,0991874071,high_risk,99,3,2026-04-15T23:37:24+07:00,2026-04-30T06:42:47+07:00
76f2654f-e6ed-4244-9a7e-6c246d555bd6,029892763,high_risk,96,3,2026-04-11T09:54:33+07:00,2026-04-15T08:04:32+07:00
015e2b58-4de7-4cd7-88f9-68bcd1714176,0946218323,high_risk,89,3,2026-04-15T11:44:17+07:00,2026-05-08T08:13:13+07:00
8670e385-d871-445f-865f-1ea33cfb6d1f,0915690569,high_risk,81,1,2026-04-11T04:19:42+07:00,2026-04-11T04:19:42+07:00
3cfb4058-e097-470b-884c-b158a893b5ba,0894152358,high_risk,86,2,2026-04-11T19:11:22+07:00,2026-05-05T02:40:54+07:00
048c4257-af3a-4445-a6be-4fc8fcfd3fa1,022762135,high_risk,89,1,2026-04-09T12:34:22+07:00,2026-04-09T12:34:22+07:00
dbe44fbf-e4cc-4721-b7a9-9bce79fbfdb7,0820895723,high_risk,88,4,2026-04-12T14:34:29+07:00,2026-05-07T15:44:29+07:00
cbba9ca0-4f55-4968-a273-7ec01e7a15a4,0971280823,high_risk,82,2,2026-04-10T10:21:10+07:00,2026-04-22T11:51:00+07:00
55e0e7c9-0517-4a54-a078-f2372e9a85ba,0670503472,high_risk,97,2,2026-04-15T09:34:59+07:00,2026-04-19T03:51:44+07:00
bf6fefcc-7810-49ba-abfa-4a250a02e5cb,0833925930,high_risk,83,1,2026-04-12T11:42:05+07:00,2026-04-12T11:42:05+07:00
2cc98633-57fd-4677-8577-d2a25b5f6665,028722381,high_risk,89,2,2026-04-10T12:41:06+07:00,2026-04-14T10:54:39+07:00
574d8f46-20f3-45fa-a7ac-e9ce43150adf,0840010733,high_risk,86,1,2026-04-11T19:34:09+07:00,2026-04-11T19:34:09+07:00
8bd2b699-c75e-4081-882a-b73ed88a603e,021401852,high_risk,86,1,2026-04-22T13:03:10+07:00,2026-04-22T13:03:10+07:00
2386a144-c7d6-4dfb-a7ce-e538bba5742f,0884114650,high_risk,81,2,2026-04-12T09:19:54+07:00,2026-04-18T06:51:53+07:00
812139cc-4647-43d4-a7af-96280985a7db,021537364,high_risk,86,2,2026-04-19T22:54:07+07:00,2026-05-30T10:12:49+07:00
863a2ed5-8341-48cb-a717-c048371471b1,022802489,high_risk,91,2,2026-04-11T06:15:22+07:00,2026-04-18T16:00:41+07:00
bc33f1b6-6ef0-45d5-907a-41701377e5a7,0991723794,high_risk,87,4,2026-04-12T01:03:11+07:00,2026-04-19T06:09:46+07:00
9dbaee72-c180-4b16-955d-59b252160ef0,0666939367,high_risk,93,2,2026-04-11T15:33:00+07:00,2026-04-15T08:09:31+07:00
bb861c03-1a14-479e-8a9f-2b15d397ffff,0892233428,high_risk,95,2,2026-04-15T04:15:30+07:00,2026-04-16T00:33:44+07:00
1b72584f-f98e-429b-869c-9cd8da044455,0931168344,high_risk,97,3,2026-04-14T02:38:05+07:00,2026-05-04T10:24:49+07:00
1d3e2ecd-0900-47bb-9570-69fc59d3a2cb,0910218089,high_risk,95,2,2026-04-12T09:43:39+07:00,2026-04-15T19:10:17+07:00
dbf534a2-79ff-465f-a118-284ff3d0d554,0895877411,high_risk,97,2,2026-04-15T06:44:42+07:00,2026-04-20T00:29:50+07:00
9d04f56b-727e-4176-8164-90c77e06d332,0824009667,high_risk,90,1,2026-04-16T01:47:28+07:00,2026-04-16T01:47:28+07:00
bde72fd4-ceda-496f-b114-549eb29b4e6c,0679945334,high_risk,95,2,2026-04-18T02:18:36+07:00,2026-04-21T01:11:20+07:00
0e475b44-067c-42ef-acee-12cafad48117,0942750202,high_risk,92,2,2026-04-12T16:20:30+07:00,2026-04-17T16:50:18+07:00
be4b55e8-b50c-4f67-b804-3d6fdb3afc0d,0935516637,high_risk,92,1,2026-04-16T21:58:35+07:00,2026-04-16T21:58:35+07:00
18046f03-4c38-4ca2-9d41-56fa8ea174dc,025631496,high_risk,88,3,2026-04-16T19:53:08+07:00,2026-05-18T06:43:16+07:00
3b0eeebf-5584-478b-9fbe-dea3aad31fda,0939847368,high_risk,90,2,2026-04-25T22:56:25+07:00,2026-04-27T00:49:21+07:00
ce23b4f9-04d9-43d0-8f10-cac07592912c,022893240,high_risk,96,6,2026-04-14T17:14:17+07:00,2026-04-27T11:11:04+07:00
3cea203f-8588-45c0-b678-50834067c8d6,0937196364,high_risk,91,1,2026-04-16T09:58:28+07:00,2026-04-16T09:58:28+07:00
b7902091-338b-41d4-9e68-1c04e35d600e,028962807,high_risk,91,2,2026-04-20T00:51:04+07:00,2026-04-21T04:41:06+07:00
d99cb7b0-3625-4002-9b50-7fe381554065,0978386483,high_risk,94,2,2026-04-14T01:04:47+07:00,2026-04-18T21:30:56+07:00
dc86fc46-ea7f-442e-a624-5667512aa82f,0892107757,high_risk,93,5,2026-04-20T13:36:43+07:00,2026-05-06T01:05:17+07:00
3715fd9d-3d96-4177-9b2e-7fdfe6e54d95,0668123416,high_risk,99,2,2026-04-24T06:28:00+07:00,2026-05-03T13:20:13+07:00
fea559b0-50ab-4aaf-9e0e-d66e8c78cae3,0640515599,high_risk,88,2,2026-04-14T22:39:11+07:00,2026-04-15T17:28:27+07:00
338670b9-ded3-4bce-9338-594f53dff5cf,0936292146,high_risk,90,1,2026-04-20T00:21:37+07:00,2026-04-20T00:21:37+07:00
2327fbb5-1c1d-477a-bc69-8f2051895816,0661144223,high_risk,93,1,2026-04-17T15:21:57+07:00,2026-04-17T15:21:57+07:00
1c7a906a-5cb2-4149-bd74-5d87b9e30d67,0817426204,high_risk,96,3,2026-04-18T00:39:27+07:00,2026-04-27T13:56:55+07:00
48110033-d399-4393-92a2-de7f5ca3c1f5,0923009882,high_risk,87,2,2026-04-28T19:47:05+07:00,2026-05-05T00:11:17+07:00
e61cab03-9de9-4ecf-89de-5b0bd1f66ac3,022030115,high_risk,86,1,2026-04-16T09:57:09+07:00,2026-04-16T09:57:09+07:00
b9146ca6-9c0f-4eb7-bc96-45abb3ee4f9d,0696365197,high_risk,94,3,2026-04-17T04:20:02+07:00,2026-05-24T12:53:50+07:00
59c1d8e1-037b-4656-b255-72b48d2284a4,0899700839,high_risk,89,4,2026-04-15T00:16:44+07:00,2026-04-30T16:31:12+07:00
d08daa32-6d4f-4b23-9342-9e366fe1e40e,0969544505,high_risk,81,2,2026-04-21T05:40:47+07:00,2026-05-06T02:32:21+07:00
8905e12b-4375-4563-b163-c57d29627d32,026799702,high_risk,99,4,2026-04-18T07:22:14+07:00,2026-05-18T02:29:15+07:00
f339eda6-4aaa-48fd-acee-a695948b4a25,0974388833,high_risk,86,2,2026-04-16T15:20:06+07:00,2026-04-20T04:23:59+07:00
95a83c0c-c0c4-4bee-8a50-5efbc1dfb8c9,029171645,high_risk,88,1,2026-04-19T05:46:51+07:00,2026-04-19T05:46:51+07:00
59c28efe-d04a-4f1c-93cb-69b829f643bf,0889603211,high_risk,90,3,2026-04-15T12:33:10+07:00,2026-04-17T03:39:29+07:00
40fa97d5-2704-4722-af4d-f74df64b86a7,0986532462,suspect,74,1,2026-04-21T01:27:44+07:00,2026-04-21T01:27:44+07:00
21a62ffe-238d-4583-85da-4b275568becf,0852277154,suspect,79,1,2026-04-23T11:54:46+07:00,2026-04-23T11:54:46+07:00
0b2e6dc8-6443-40f5-9dae-dc9c89a3ee97,0929339567,high_risk,99,3,2026-04-18T16:53:58+07:00,2026-05-07T02:58:52+07:00
d8072935-f12a-417c-b943-bf68fbfee17b,0658651779,high_risk,82,2,2026-04-25T02:41:26+07:00,2026-04-25T11:27:07+07:00
0e8a78be-d56e-4bbc-8a94-6b2188ad1e72,0864931348,high_risk,92,2,2026-04-18T22:30:04+07:00,2026-05-09T15:45:14+07:00
28c328d7-e89b-4a84-b055-7d31174abdbe,0918202434,suspect,78,1,2026-05-02T23:02:06+07:00,2026-05-02T23:02:06+07:00
756edfd7-46f8-4b32-9a8b-00a2d1896953,025189966,high_risk,93,2,2026-04-18T04:05:09+07:00,2026-05-03T22:38:29+07:00
e05d87bb-4dc3-4493-ab92-068e64f24a21,0992533338,high_risk,96,8,2026-04-17T07:08:20+07:00,2026-05-07T23:51:20+07:00
23ef75ce-d7c4-44e1-92bf-6354ce19e6c9,0932955309,high_risk,99,1,2026-04-18T18:25:09+07:00,2026-04-18T18:25:09+07:00
ba5c4be0-f776-4ce9-b883-745dfb111824,0941845519,high_risk,91,1,2026-04-29T01:00:52+07:00,2026-04-29T01:00:52+07:00
056afad0-72a9-4126-9cba-dd55a805f6ff,0998438982,high_risk,99,6,2026-04-18T18:37:45+07:00,2026-05-22T23:38:58+07:00
b80db399-159d-464a-add0-098a4c798e21,0829307524,high_risk,92,1,2026-04-25T03:01:28+07:00,2026-04-25T03:01:28+07:00
4245d109-5589-4606-89b8-bb56f4676e1b,029639958,high_risk,98,2,2026-04-20T00:02:22+07:00,2026-04-29T06:28:58+07:00
02d392e2-803f-4129-af83-ee9b89f33fc9,0874509132,high_risk,98,1,2026-04-20T18:03:55+07:00,2026-04-20T18:03:55+07:00
1dedd26a-975a-42d2-a5d9-86117df7edd8,0955258379,high_risk,97,3,2026-04-23T08:53:13+07:00,2026-05-08T10:54:38+07:00
c92acd4b-1406-4278-be1e-87a7fa0b8ed2,0677895597,high_risk,88,3,2026-04-24T15:49:39+07:00,2026-05-23T16:54:29+07:00
f4601d0f-9b2b-49fa-a415-b8133b4ec729,0849711494,high_risk,84,2,2026-04-23T05:34:25+07:00,2026-05-08T14:57:40+07:00
41f0ff97-a2f1-4cba-b55d-f58f6485856d,0873442433,high_risk,93,8,2026-04-18T16:55:36+07:00,2026-05-19T03:51:18+07:00
41a759c4-0876-43a1-bc1b-b32d7fd4c5de,0673213506,high_risk,88,3,2026-04-26T07:37:05+07:00,2026-05-13T23:22:08+07:00
1148adef-0f52-4e15-9121-9011a5e41134,0979481110,high_risk,91,2,2026-04-23T15:19:45+07:00,2026-04-24T02:00:50+07:00
25bb0843-eca2-4fda-a24a-afa0cb855fd1,0980970344,high_risk,91,2,2026-04-20T22:54:36+07:00,2026-04-30T15:59:11+07:00
1bf17fb0-0c1d-4926-a03a-59dd7294e624,0848357230,high_risk,98,1,2026-04-25T01:12:01+07:00,2026-04-25T01:12:01+07:00
769ef0c7-c48a-479a-9fcd-3653dff1a059,024755840,high_risk,93,3,2026-04-23T04:14:49+07:00,2026-05-29T14:32:11+07:00
16dacb81-220b-4265-82c6-8722b0797fd8,0824342637,high_risk,97,2,2026-04-21T09:01:51+07:00,2026-05-20T19:06:10+07:00
ed81edf1-4581-413b-a2cb-0823fd3b197f,0853964541,high_risk,96,2,2026-04-22T02:15:08+07:00,2026-04-23T13:49:40+07:00
1b262a3c-b9eb-4304-824f-0c9d167e50c2,0910174379,high_risk,92,2,2026-04-22T22:09:02+07:00,2026-04-23T12:43:15+07:00
60eafd38-7526-4171-95a0-955524d5ce48,0869282769,high_risk,97,3,2026-04-24T00:22:51+07:00,2026-04-30T22:03:58+07:00
b67fe944-bcb4-4253-8221-4c6792bf3cdb,0877571181,high_risk,90,3,2026-04-26T13:34:48+07:00,2026-05-13T04:07:54+07:00
cc687cdb-7b5b-43c4-a290-2a84461e5c72,0852889090,high_risk,94,2,2026-05-01T22:50:14+07:00,2026-06-03T19:01:46+07:00
32b242f5-a556-48af-be70-3b345c2bc9dc,0629152350,high_risk,88,2,2026-04-26T22:42:24+07:00,2026-04-28T20:16:34+07:00
6dd231ce-16b6-4c70-b1c4-b5d56b89197e,0945429320,high_risk,99,3,2026-04-20T17:19:18+07:00,2026-05-18T22:05:41+07:00
7bd9d36a-12b5-4b36-b6c7-caf7165bcdc9,0969522918,high_risk,85,2,2026-05-02T16:58:35+07:00,2026-05-10T19:44:57+07:00
0adde971-e028-40f3-a379-f543b109c799,0811946161,high_risk,82,1,2026-04-22T14:13:01+07:00,2026-04-22T14:13:01+07:00
33172c54-6e40-4490-a7c2-701308d9f106,0863040135,high_risk,99,2,2026-05-02T15:19:52+07:00,2026-05-05T10:48:52+07:00
319c7d90-d871-4a75-ab86-a7bc236fc940,029389910,high_risk,86,1,2026-04-29T14:07:16+07:00,2026-04-29T14:07:16+07:00
b69a5328-5cf6-44fd-9904-077d83680237,0818459679,high_risk,84,2,2026-04-25T09:57:36+07:00,2026-04-25T10:55:15+07:00
ed69c204-0dd7-4c23-86dc-6a1b81eceb6f,0846779047,high_risk,91,2,2026-04-23T21:18:37+07:00,2026-05-25T20:34:24+07:00
55bf2ef5-acb0-4538-9040-5174ac45b21d,0968620868,high_risk,96,5,2026-04-24T03:38:03+07:00,2026-05-08T08:03:37+07:00
1e7135a7-983a-4b0f-a3e2-15bb5ceeee93,0888938579,high_risk,84,1,2026-04-26T04:17:46+07:00,2026-04-26T04:17:46+07:00
5ac741e7-8d2a-4b5f-ad9a-f719b3b46b5a,0999377170,high_risk,87,5,2026-04-21T06:41:42+07:00,2026-05-02T21:15:16+07:00
939a4fcb-4c94-426d-a1de-a538987ed52c,0952838911,high_risk,86,1,2026-04-29T17:16:34+07:00,2026-04-29T17:16:34+07:00
91ad292d-1a93-4220-9bb5-76720bbe5df0,0874864545,high_risk,93,3,2026-04-24T04:15:37+07:00,2026-04-30T16:05:42+07:00
8f4008a2-6569-45df-aa7f-1e3a0e4cb33c,0943229390,high_risk,94,2,2026-05-10T06:50:31+07:00,2026-05-10T11:30:37+07:00
c7de1a93-628f-4a1d-829f-18339b90a9ec,0643669475,high_risk,91,2,2026-04-26T21:11:17+07:00,2026-04-29T20:28:22+07:00
aeee0f0f-4923-42f0-9a6c-fd15189d7382,0675399066,high_risk,93,1,2026-04-23T08:29:10+07:00,2026-04-23T08:29:10+07:00
ada9ac87-0fd9-421a-85c3-73ab328d527e,0647697827,high_risk,93,3,2026-04-26T09:18:12+07:00,2026-05-24T04:14:28+07:00
c1a956a1-14df-4dd6-8489-91f361e04696,0930863037,high_risk,93,3,2026-04-23T06:16:15+07:00,2026-04-29T00:23:44+07:00
f3698a97-7aa1-4a05-af2d-099faae10ea7,0858994104,high_risk,99,1,2026-04-23T21:11:14+07:00,2026-04-23T21:11:14+07:00
a143046b-baa5-4f5c-998d-a936a578f340,0814828641,high_risk,90,2,2026-04-23T17:18:10+07:00,2026-05-20T19:16:55+07:00
35ea66f6-1b09-4c50-bd49-1f25d2e48a86,0932873778,high_risk,93,2,2026-04-23T09:58:17+07:00,2026-04-26T13:44:48+07:00
2a8991b8-5269-4ec1-b67e-dcff49ca90a8,0865035820,high_risk,99,4,2026-04-22T20:22:47+07:00,2026-05-26T10:57:55+07:00
bc24a91c-a6ba-4996-862c-8817a2c66729,0983386310,high_risk,94,2,2026-04-24T03:00:33+07:00,2026-05-10T02:33:12+07:00
e009b7ed-332d-4d63-854f-c1a4782e6a18,028797463,high_risk,86,2,2026-04-29T20:14:04+07:00,2026-05-10T19:34:05+07:00
d77ae5b0-56a9-4f1e-9e1a-9ebfb981f3de,0823697844,high_risk,99,3,2026-04-24T10:08:05+07:00,2026-04-24T11:28:54+07:00
c547af86-fa70-4444-b8b5-7d6649e406cc,0929694580,high_risk,93,1,2026-04-26T19:13:26+07:00,2026-04-26T19:13:26+07:00
bd906812-cb26-4b58-802a-b83f20864a9a,0817727594,high_risk,90,2,2026-04-24T12:29:49+07:00,2026-04-26T02:53:54+07:00
32dcca1d-923f-4050-b894-4e14c0286b04,0838958795,high_risk,85,3,2026-04-24T20:21:00+07:00,2026-06-04T06:08:06+07:00
e8760cca-1011-4fa1-8ff6-dabc75fea779,0650414234,high_risk,89,2,2026-04-24T16:34:18+07:00,2026-04-25T17:03:16+07:00
9300e466-6222-482b-a591-f72eb5c9bd3f,0848438703,high_risk,97,3,2026-04-27T13:48:27+07:00,2026-05-25T10:05:27+07:00
bebcb920-5f8f-4a53-b5db-180686580b47,0820545715,high_risk,92,2,2026-04-28T15:49:09+07:00,2026-05-10T08:27:59+07:00
00f276de-c0ca-4fa5-8043-3958ac908d0d,024614294,high_risk,96,3,2026-04-26T12:46:21+07:00,2026-05-14T09:13:10+07:00
ebc86148-6a7c-4280-b3ca-752c831f0db5,0922640151,high_risk,83,2,2026-04-29T13:33:26+07:00,2026-05-11T15:35:37+07:00
b5940ad4-556d-41f4-9327-4b87314e63d3,0842853181,high_risk,86,2,2026-05-03T02:40:42+07:00,2026-05-16T08:10:38+07:00
5907c837-f02d-4edb-be50-1d358a008602,0646451091,high_risk,92,3,2026-04-27T10:19:57+07:00,2026-04-28T16:50:05+07:00
3a0fbe9c-df2e-4b5c-a432-9daa1f65bceb,0973862267,high_risk,96,3,2026-04-25T06:27:03+07:00,2026-06-02T13:11:26+07:00
c6ee5c48-d2ae-4cc2-9c9a-299668964abf,0987327012,high_risk,91,3,2026-04-26T02:21:37+07:00,2026-05-01T09:46:55+07:00
792743ab-de77-4290-a5f2-b325aed46b2d,0948756345,high_risk,95,3,2026-05-02T00:17:39+07:00,2026-05-28T18:47:18+07:00
8b7a8768-a24c-4762-b0b1-e8621d5e58bf,0973387734,high_risk,85,1,2026-05-04T15:30:17+07:00,2026-05-04T15:30:17+07:00
deb9ec2e-f9ad-474f-bea3-32ba706190ce,0834779989,high_risk,94,2,2026-05-05T12:19:46+07:00,2026-05-21T13:13:30+07:00
1776f853-6346-4c6f-8b7a-14efb26b97e5,0899562471,high_risk,84,2,2026-04-28T03:51:08+07:00,2026-05-01T12:16:13+07:00
b7d3ec1d-e2e4-48cb-b31b-10f46699adfe,0884080747,high_risk,92,2,2026-04-29T23:42:50+07:00,2026-05-03T02:26:05+07:00
7f8949a1-7f18-4b6e-8617-a1f31927dbba,0938020697,high_risk,88,2,2026-05-08T05:53:15+07:00,2026-06-03T03:44:21+07:00
e2512af8-2b48-4619-97a2-ac038f25f551,0858360731,high_risk,90,2,2026-05-02T03:02:38+07:00,2026-05-09T08:22:52+07:00
204c9600-11c4-4b98-9563-8f6f8baaebd4,0681407591,high_risk,85,2,2026-04-29T07:17:39+07:00,2026-04-30T16:51:25+07:00
e764cb45-da6e-456a-965e-ef85e5589feb,0867074040,high_risk,97,2,2026-04-26T18:45:55+07:00,2026-04-28T09:09:23+07:00
c52e3fe8-4365-4f94-bf9b-adedf92ab1ff,0660093346,high_risk,94,3,2026-04-26T19:04:37+07:00,2026-05-30T01:17:38+07:00
f1d487cf-5273-4915-85f8-5821ffcf2b17,0651964510,high_risk,90,2,2026-04-26T23:22:07+07:00,2026-04-28T09:59:31+07:00
788c7d01-d10e-4a2b-a422-864d0eb4c4d6,0943043685,high_risk,90,3,2026-04-27T20:49:54+07:00,2026-05-09T01:56:36+07:00
81c56464-692d-4880-9301-4f09af92b17d,0938689963,high_risk,88,3,2026-04-30T19:42:57+07:00,2026-05-19T11:46:00+07:00
c69399ea-317f-4bf6-9c9a-2d1ee1f878c6,0682696552,high_risk,98,2,2026-04-30T07:03:18+07:00,2026-05-13T17:35:47+07:00
4bb214c9-d4e6-4abf-a83a-3a07193ff504,0873388376,high_risk,82,2,2026-05-01T16:55:25+07:00,2026-05-02T19:38:45+07:00
b4709628-d78e-44de-8e92-8a669b6b0dd0,0960556387,high_risk,95,2,2026-05-01T03:43:40+07:00,2026-05-26T21:12:36+07:00
c9622af9-0785-4235-aec8-5dfb973f552c,0933457603,high_risk,95,2,2026-04-27T13:44:21+07:00,2026-04-28T12:00:37+07:00
5faac420-f6ff-4e7b-a41e-081745787a98,0924539425,high_risk,98,4,2026-04-26T10:53:02+07:00,2026-04-29T13:45:01+07:00
ca9f2bea-7292-4c2b-b078-67f5776c464f,0870476891,high_risk,95,3,2026-05-06T12:14:08+07:00,2026-05-29T14:30:08+07:00
ad4f7111-76c4-45c6-b08b-55a2199492a5,0838239430,high_risk,96,1,2026-05-09T08:16:25+07:00,2026-05-09T08:16:25+07:00
bca1163e-3934-4e87-8aac-9a9364f1ba69,0968840414,high_risk,98,5,2026-05-01T12:38:59+07:00,2026-05-14T20:50:38+07:00
543fdee6-31e0-4750-8f84-6f46d32c21f6,0916697547,high_risk,87,2,2026-05-07T08:33:33+07:00,2026-05-09T22:25:34+07:00
290db095-c6e1-4dc8-99dc-481222e76346,0923475485,high_risk,96,4,2026-04-27T23:38:43+07:00,2026-05-19T07:29:57+07:00
bef062e1-433b-44f7-a8be-2c2b65415588,0634511248,high_risk,93,6,2026-04-27T19:38:07+07:00,2026-05-07T10:34:38+07:00
831d2445-564a-467c-8e77-bf6e6f60f9b8,0951739904,high_risk,85,1,2026-05-01T01:42:53+07:00,2026-05-01T01:42:53+07:00
f61f1509-1863-4d93-9a6a-a43b3172dd54,0948301537,high_risk,87,2,2026-05-07T21:19:17+07:00,2026-05-23T05:06:17+07:00
f6fc1383-8de1-41a3-9f54-091e752d46e6,0910957591,high_risk,93,2,2026-05-11T06:20:34+07:00,2026-06-13T09:59:54+07:00
11fda7b6-efa1-45b4-83f3-787400cdff94,0830282711,suspect,79,2,2026-05-01T13:41:42+07:00,2026-05-06T11:29:39+07:00
73ccd484-9e56-41a4-9dea-b4f929259c64,0933715111,high_risk,80,2,2026-04-28T10:41:15+07:00,2026-05-10T04:43:49+07:00
49c8a77a-502a-4b51-8918-49410489f40d,0665382535,high_risk,90,3,2026-04-29T09:12:49+07:00,2026-05-01T13:51:23+07:00
3b6f6f9f-f27d-4f34-8742-beb32216cb0c,0855258782,high_risk,86,1,2026-05-04T05:03:45+07:00,2026-05-04T05:03:45+07:00
6d177728-7899-4a8c-a922-293880a7c2e1,0833423854,high_risk,95,2,2026-05-03T19:29:46+07:00,2026-05-10T09:21:51+07:00
a2bf4c95-ed75-411b-adf1-d6c0feaf19ba,0692552702,high_risk,92,2,2026-05-02T22:56:25+07:00,2026-05-14T10:08:22+07:00
20d4fce6-4936-46bd-b20d-6ed930e836eb,0879006448,high_risk,96,2,2026-05-06T15:45:29+07:00,2026-06-07T11:10:24+07:00
badb63bc-4834-4938-a109-9170c136846d,0995991221,suspect,79,1,2026-05-07T23:40:41+07:00,2026-05-07T23:40:41+07:00
df954cb8-2d96-4939-a127-ae5d12451d92,0851428098,high_risk,91,2,2026-05-02T16:26:14+07:00,2026-05-21T01:58:40+07:00
b93f1890-c80f-4e15-9050-c66ffba8afb1,0623802473,high_risk,97,3,2026-04-30T11:25:16+07:00,2026-05-24T15:45:44+07:00
6180697c-d2d7-47a6-8ab7-91af57cd49fb,0986368219,high_risk,92,2,2026-04-29T15:42:57+07:00,2026-06-03T04:47:10+07:00
81d55c7e-b761-491c-92d1-b5090d707f00,0696972245,high_risk,89,2,2026-05-02T06:21:09+07:00,2026-05-02T12:19:00+07:00
b33f8fa5-c21e-4465-8c34-2061f9a6c681,0846082300,high_risk,89,1,2026-05-03T03:55:08+07:00,2026-05-03T03:55:08+07:00
0144ea45-2083-496b-95a0-4c71a15a72e7,0829699160,high_risk,88,2,2026-05-08T11:15:55+07:00,2026-05-10T03:02:33+07:00
93bcd653-6436-465f-916a-81da4be62717,0858744148,suspect,78,1,2026-05-02T00:32:46+07:00,2026-05-02T00:32:46+07:00
46f3aeb2-a9ac-4391-b457-e7a163306b5e,0925683096,high_risk,87,2,2026-05-06T07:54:51+07:00,2026-05-07T14:30:23+07:00
5d013dcc-0b41-4a01-b7ac-63d47d27e7ef,0868965575,high_risk,93,3,2026-05-02T06:50:25+07:00,2026-05-22T09:07:42+07:00
fed6b83d-32ef-450f-b0a0-050d3c478629,0999825663,high_risk,86,2,2026-05-01T05:38:42+07:00,2026-05-17T03:16:56+07:00
f0de82b7-f3b1-4c4c-b471-0698604ddac5,0844396050,high_risk,85,2,2026-05-06T08:12:30+07:00,2026-05-15T00:11:14+07:00
c247a5df-7c8d-4733-82b8-62b5555d68bf,0861159556,high_risk,90,1,2026-05-01T15:40:11+07:00,2026-05-01T15:40:11+07:00
741263ba-9d75-47ca-b9a6-97fe571fc958,025082226,high_risk,90,1,2026-05-02T22:09:32+07:00,2026-05-02T22:09:32+07:00
99ca5d71-7668-44d7-820e-1fa5021869f5,0994040936,high_risk,91,2,2026-05-05T10:12:28+07:00,2026-05-17T22:44:41+07:00
b21fd90d-5d3e-447d-9762-589ae7416e5f,0966473823,high_risk,87,2,2026-05-07T16:30:57+07:00,2026-05-22T10:20:55+07:00
537b4599-2ae4-4e5a-a36c-b588e5024552,0994339425,high_risk,96,3,2026-05-03T21:05:36+07:00,2026-05-29T18:23:39+07:00
5d751924-af70-4199-a1da-22b1346e4980,0894650673,suspect,78,1,2026-05-03T08:50:13+07:00,2026-05-03T08:50:13+07:00
bc36f9b4-ceba-4c02-a121-342e09b952f6,0828821251,high_risk,88,2,2026-05-03T12:03:31+07:00,2026-05-10T05:34:03+07:00
0cf6a9f3-9ad6-4097-8eb6-5db0b55cda85,0614341400,high_risk,90,3,2026-05-09T19:59:10+07:00,2026-05-28T20:48:11+07:00
1ea50232-41a7-44eb-8ee4-ac4e900d2145,0916495908,high_risk,96,2,2026-05-02T21:01:33+07:00,2026-06-10T05:41:40+07:00
891a5e1b-00ac-4650-a1d3-6c45594cddd9,0922078301,high_risk,99,2,2026-05-21T13:04:42+07:00,2026-06-11T04:46:44+07:00
df71e5de-987f-40c9-b74a-d19ebcdb237d,0969031823,high_risk,90,2,2026-05-02T15:47:08+07:00,2026-06-06T12:24:11+07:00
9c114d4b-ae68-48da-a024-7204d21f6c44,0921342869,high_risk,96,2,2026-05-03T09:23:35+07:00,2026-05-09T13:33:47+07:00
0a08e4c1-0f37-4e54-a6be-5492bf0e8963,0810589373,high_risk,90,2,2026-05-04T01:14:28+07:00,2026-05-14T15:02:23+07:00
d81d157f-3189-4bb5-b4e7-1132d1aaa8da,025327634,high_risk,97,6,2026-05-06T11:40:41+07:00,2026-06-01T12:19:07+07:00
072953d2-7736-4dcf-84b3-26a2dbb02e2e,0841100816,high_risk,83,1,2026-05-08T23:06:32+07:00,2026-05-08T23:06:32+07:00
892cca2d-3a4d-4feb-a49b-737d63e93ba3,0812508274,high_risk,92,3,2026-05-05T09:52:03+07:00,2026-05-30T10:48:29+07:00
bf025632-0043-4eb3-9b80-cd4aafe23129,0626703525,high_risk,86,2,2026-05-09T16:20:13+07:00,2026-05-28T01:52:07+07:00
537dc095-0fe0-4787-b467-95a48402e178,0849759967,high_risk,85,1,2026-05-08T15:48:19+07:00,2026-05-08T15:48:19+07:00
45baac9b-f0ae-4b7d-850f-a0253a9ef998,0810330484,high_risk,99,3,2026-05-06T00:07:01+07:00,2026-05-18T06:22:17+07:00
0571b370-03a9-4312-997f-165b0395b344,0889554838,high_risk,92,1,2026-05-10T00:47:01+07:00,2026-05-10T00:47:01+07:00
447fff84-cf27-417d-b796-1b285e764dd2,0988824570,high_risk,81,2,2026-05-05T02:02:16+07:00,2026-05-10T12:11:44+07:00
49b6fd0b-896f-4b0c-8cf0-6010bcfd525f,0873556156,high_risk,89,2,2026-05-06T17:08:42+07:00,2026-05-06T17:44:37+07:00
b7429639-e7df-4a98-a76f-6f7989b11bcc,0858671429,high_risk,87,2,2026-05-07T04:11:25+07:00,2026-05-21T17:26:08+07:00
0e54c5eb-c873-40d5-afef-b110a3935c27,0922552553,high_risk,83,2,2026-05-07T09:57:21+07:00,2026-05-20T08:22:31+07:00
7bb1f3a1-01e6-42e8-97c8-d3adc486b730,028452284,high_risk,84,1,2026-05-09T00:35:08+07:00,2026-05-09T00:35:08+07:00
dd487863-0e79-475d-be22-07cc34e61fa1,0640884566,high_risk,80,1,2026-05-06T02:48:28+07:00,2026-05-06T02:48:28+07:00
69440cfc-1c3e-4291-8f97-86141eac231c,0657913996,high_risk,93,2,2026-05-08T07:24:29+07:00,2026-05-09T06:10:27+07:00
20804da5-212c-43b3-9274-f7c4f916a9b7,0945230552,high_risk,86,2,2026-05-04T00:33:45+07:00,2026-05-16T17:57:53+07:00
e8c29d45-99a9-428b-9d8f-2eb7083669e3,0947711787,high_risk,89,3,2026-05-13T16:16:54+07:00,2026-06-21T05:13:20+07:00
a02bdefa-ce94-43af-831b-1ea3f7bf4c70,0967012955,high_risk,92,3,2026-05-09T03:15:07+07:00,2026-05-15T04:12:03+07:00
d0822d23-e043-446a-977a-955c1ac0deb2,0910124132,high_risk,90,2,2026-05-12T13:13:51+07:00,2026-05-30T13:02:32+07:00
0c53ee52-bdf3-4dd0-bccf-bb7224ffa69b,0910733162,high_risk,95,2,2026-05-06T12:35:41+07:00,2026-05-30T12:40:24+07:00
38abb234-d84b-4ddd-8b24-c40c267bda96,027705369,high_risk,89,1,2026-05-16T17:21:41+07:00,2026-05-16T17:21:41+07:00
68f90905-791e-4e76-8800-1a0b74e11180,0849170295,high_risk,91,2,2026-05-18T18:41:11+07:00,2026-05-20T06:21:57+07:00
2a5db53a-043e-4921-b3ff-f85009bf91b5,0845593293,high_risk,87,2,2026-05-05T10:45:08+07:00,2026-05-09T01:38:44+07:00
461c7ff1-2cc8-4ffd-abab-76ff6adc8d05,026171087,high_risk,99,2,2026-05-06T23:49:02+07:00,2026-05-15T10:29:41+07:00
3bf92cbc-0445-4cfd-a81c-f68044a30eb1,0977617623,high_risk,91,2,2026-05-08T16:42:29+07:00,2026-05-12T17:19:11+07:00
a966f201-8c20-4a00-a584-a063e49e3aa3,0984467479,high_risk,92,2,2026-05-10T06:10:27+07:00,2026-05-30T18:05:31+07:00
da11e9ab-8397-4aad-aa35-7177f5b8ee8c,0859133688,high_risk,94,3,2026-05-06T23:09:11+07:00,2026-06-04T20:54:27+07:00
c5ea9f61-0ede-4fe8-aaf9-27cd364cfea7,0928996944,high_risk,95,2,2026-05-09T11:35:13+07:00,2026-05-09T22:44:51+07:00
9743b7cc-fb75-496f-81a7-5fe256802217,0843808075,high_risk,94,2,2026-05-07T08:58:59+07:00,2026-05-19T11:42:17+07:00
833223a0-bade-4dee-96c5-ef34c2142131,0684962912,high_risk,91,2,2026-05-10T05:34:32+07:00,2026-05-13T07:25:33+07:00
5deba777-11eb-43ce-a6c1-3bb982055ca3,0814042306,high_risk,96,4,2026-05-06T22:25:39+07:00,2026-05-14T02:31:54+07:00
57b6f5a7-d417-46ac-9129-b73b63cf7733,021028748,high_risk,96,2,2026-05-07T10:27:30+07:00,2026-05-28T15:57:24+07:00
f0df0e82-5121-4d4e-94eb-307d61508b3c,0831773577,high_risk,96,2,2026-05-09T17:28:23+07:00,2026-05-17T19:34:52+07:00
1c8eb3ab-8e9a-4044-96d9-e6623ec53a54,0989654987,suspect,76,1,2026-05-11T02:08:10+07:00,2026-05-11T02:08:10+07:00
017260b0-9ec5-4f81-be3c-65f20a839e17,0826873615,high_risk,88,2,2026-05-13T16:46:31+07:00,2026-05-14T13:42:31+07:00
7b55aa0b-e9f1-46a9-8d4f-9cecd19d4f77,0924567794,suspect,79,1,2026-05-09T19:45:28+07:00,2026-05-09T19:45:28+07:00
e0bfb755-e050-4dd7-9003-29de8086947d,0637971842,high_risk,82,2,2026-05-10T08:58:35+07:00,2026-05-22T19:44:21+07:00
c80dc777-4a59-4508-84a7-3fa9d03ff938,0992991146,high_risk,94,4,2026-05-08T10:24:11+07:00,2026-05-22T18:15:27+07:00
6c811c91-fea0-4cd0-980c-0ef5e55d230b,0834474520,high_risk,83,2,2026-05-13T04:28:18+07:00,2026-05-18T10:22:16+07:00
2d1c4bec-92aa-4454-9a03-2d663c1db5f6,0873532106,high_risk,85,3,2026-05-09T13:43:54+07:00,2026-05-15T12:39:16+07:00
6d3c019e-80d7-48d5-a7dc-0aa42bfbd85d,0925815810,high_risk,87,2,2026-05-12T19:12:43+07:00,2026-05-21T04:33:03+07:00
b713e781-c76e-411b-bcdc-fe487ce70a84,0829609579,high_risk,82,2,2026-05-16T04:19:18+07:00,2026-06-04T16:39:42+07:00
8fe283b0-b7e8-4187-9858-fdfe54fdee54,0886241796,high_risk,87,2,2026-05-16T10:46:20+07:00,2026-06-17T23:01:48+07:00
05220d15-ff6b-4787-9357-ba98231a451b,0895815794,high_risk,90,2,2026-05-18T05:28:45+07:00,2026-06-07T13:37:34+07:00
bd31d607-26bc-4d7e-b298-66af9bad000e,0866348087,high_risk,94,4,2026-05-09T07:34:06+07:00,2026-05-22T19:34:58+07:00
75f13138-22f9-4070-b13d-3320f559f6c0,0857205053,high_risk,89,2,2026-05-16T05:09:52+07:00,2026-05-25T04:24:17+07:00
225e9549-0fc9-44b4-b137-d9aa468e854d,0913677762,high_risk,99,2,2026-05-11T15:10:39+07:00,2026-05-24T16:19:23+07:00
7ea113e7-7dbd-4e0c-a145-422adfd713a4,0989237202,high_risk,99,2,2026-05-09T00:59:29+07:00,2026-05-17T13:12:49+07:00
e7418ddc-5550-4351-b9ab-d03c61fc40c7,0941407542,high_risk,98,10,2026-05-08T11:11:54+07:00,2026-05-16T09:23:16+07:00
43a26de1-a8d7-4717-97d6-f98e3c14fe81,0970798893,high_risk,92,2,2026-05-13T08:05:48+07:00,2026-05-16T13:37:24+07:00
3e6fc3aa-aa7f-4a8a-b4cf-3c08fa2cca85,0889766507,high_risk,84,1,2026-05-22T02:43:33+07:00,2026-05-22T02:43:33+07:00
620455f6-6f9a-4013-adfc-2c5393a4f9d2,0984344985,high_risk,90,4,2026-05-10T07:21:52+07:00,2026-05-21T10:48:08+07:00
ae04f57b-e78f-4176-b5d9-a419f4ee7f65,0689907888,high_risk,85,2,2026-05-12T19:32:46+07:00,2026-05-12T19:40:10+07:00
26322712-1b77-4583-8565-d48dc1a61ba8,0935674465,high_risk,86,1,2026-05-11T08:47:35+07:00,2026-05-11T08:47:35+07:00
f7550d0c-85aa-4d96-823a-59d6b129b35e,0630889101,high_risk,93,2,2026-05-10T00:51:39+07:00,2026-05-15T04:00:23+07:00
1efb8b15-9d38-45fd-a6bd-c1dc713509b5,0831301169,high_risk,91,3,2026-05-12T00:36:22+07:00,2026-05-25T00:17:33+07:00
b40d3b0d-279f-406c-9bbc-04978a29b2ea,0964742639,high_risk,97,12,2026-05-09T23:38:06+07:00,2026-06-18T13:08:51+07:00
4623c359-fb33-48ea-801f-d540fad673a5,0933569458,high_risk,99,2,2026-05-15T06:55:57+07:00,2026-05-25T07:28:36+07:00
4fa86b85-60da-428c-9e51-2854dc6d87d0,0657284067,high_risk,91,2,2026-05-28T04:50:36+07:00,2026-06-12T13:06:35+07:00
1bb65889-ef45-4e87-9adb-7bd09173b82e,028975631,high_risk,97,2,2026-05-17T12:07:33+07:00,2026-05-24T13:31:20+07:00
b774ff75-df57-4b2e-86be-4ac3b049bab4,0893524468,high_risk,90,2,2026-05-14T09:01:20+07:00,2026-05-15T02:28:02+07:00
5b547540-190b-4418-9aed-c29eeb1d8aa1,0948154801,high_risk,84,1,2026-05-14T10:03:22+07:00,2026-05-14T10:03:22+07:00
747fe27e-565d-43c3-9e16-629df59a5e7a,0912225467,high_risk,92,2,2026-05-14T14:59:23+07:00,2026-06-08T01:22:36+07:00
d98dd4e8-b4b7-4442-8488-630fa9b28a00,0944161942,high_risk,99,3,2026-05-15T07:55:13+07:00,2026-05-28T15:18:56+07:00
6bb7b1d5-50f5-4c9f-b3ce-2aedaa0cf3d5,0982899521,high_risk,95,1,2026-05-11T11:24:34+07:00,2026-05-11T11:24:34+07:00
4cd50910-3d97-4525-a61a-e3f485bfa423,0912154712,high_risk,93,3,2026-05-14T07:35:37+07:00,2026-05-30T11:25:04+07:00
ac450efa-7e46-4868-a289-3f6a2b170b5a,027718577,high_risk,85,2,2026-05-18T00:43:45+07:00,2026-06-03T03:48:41+07:00
7572d9f9-9122-4135-a5eb-49332582f4b5,0883681651,high_risk,85,4,2026-05-12T15:16:53+07:00,2026-06-20T03:57:57+07:00
cff9aae1-3aa2-4bf3-9052-c3023fd12e02,0926254079,high_risk,94,6,2026-05-12T00:18:29+07:00,2026-06-08T03:36:24+07:00
fb8c6978-cedb-46e8-884a-0689d9e56dbc,0919162828,high_risk,90,1,2026-05-20T16:27:19+07:00,2026-05-20T16:27:19+07:00
bad45dde-18a0-45c1-adf1-740dd38c166e,0637878842,high_risk,85,1,2026-05-14T04:54:47+07:00,2026-05-14T04:54:47+07:00
71621082-d246-4cb0-90a3-a752ac7b0557,0631503569,high_risk,99,5,2026-05-14T23:05:37+07:00,2026-05-27T23:47:15+07:00
0b42d497-15c1-49e1-b4ef-20c6294bc554,024886162,high_risk,97,3,2026-05-12T22:49:14+07:00,2026-06-18T09:37:44+07:00
4b71934c-7b08-40b4-a545-a0adf58aed9f,0833118135,high_risk,99,3,2026-05-20T11:14:56+07:00,2026-05-24T14:50:52+07:00
bf05dfb6-e26c-4e2f-8037-aef91d17ba66,0659877774,high_risk,85,2,2026-05-14T09:11:32+07:00,2026-05-20T03:30:30+07:00
c173200a-51ec-46a2-bc22-963272a54274,0653782259,high_risk,97,1,2026-06-16T19:35:55+07:00,2026-06-16T19:35:55+07:00
5a50f9e6-3172-4a24-a768-42fa917dd6fd,025651889,high_risk,90,4,2026-05-13T20:38:01+07:00,2026-05-22T22:17:25+07:00
85c83b6c-607e-4835-af92-af0c022281d9,0844175294,high_risk,96,4,2026-05-12T05:23:37+07:00,2026-06-06T07:26:12+07:00
1b442621-9acc-4ce5-aee6-69ad7f991916,0684374548,high_risk,89,2,2026-05-20T21:07:03+07:00,2026-06-14T22:11:58+07:00
441b9e74-7185-4b77-86c7-47972ae0720e,0867757072,high_risk,94,2,2026-05-27T03:29:40+07:00,2026-06-11T03:40:52+07:00
1de8cdaa-66f5-4739-89a1-e9a4e0f7671c,0898754603,high_risk,89,2,2026-05-21T05:58:50+07:00,2026-05-29T01:55:21+07:00
c3254fdf-78b3-46b7-8717-6708458349d3,0629284391,high_risk,88,3,2026-05-13T03:25:34+07:00,2026-05-27T07:42:18+07:00
f428323d-273f-4680-9f17-76f42eefa722,0955630504,high_risk,84,3,2026-05-20T14:10:17+07:00,2026-06-10T02:20:39+07:00
139f3aeb-d63c-4f2f-90fe-e9cf0d53b579,026062644,high_risk,87,2,2026-05-21T02:10:07+07:00,2026-05-28T15:52:19+07:00
d4745eb5-97ef-497b-8165-1073650a2203,0983676208,high_risk,93,5,2026-05-14T07:36:07+07:00,2026-05-27T05:35:45+07:00
da299316-ba0d-47cf-8bb2-3756b12b04a7,0862176555,high_risk,89,2,2026-05-23T06:36:38+07:00,2026-05-25T07:53:11+07:00
4f0479de-7320-4a92-b6b1-2976a0b2ce75,0949563487,high_risk,96,6,2026-05-14T17:11:48+07:00,2026-06-20T02:37:49+07:00
a6e1e9d2-9428-4b47-8025-1be1ffebc3a7,0838057134,high_risk,97,2,2026-05-20T14:55:21+07:00,2026-05-21T04:51:24+07:00
74ce8f74-27b4-45be-9065-61e19a86226e,0694510702,high_risk,95,2,2026-05-14T00:20:29+07:00,2026-05-18T14:22:35+07:00
d13f9cfb-9fcf-45c9-a7a9-eeb83a256e60,0880564688,high_risk,82,2,2026-05-16T16:41:19+07:00,2026-06-10T12:15:45+07:00
9ee0c8db-6d32-4dc8-bf8a-0916ef78cbf0,0613109278,high_risk,90,4,2026-05-17T09:29:18+07:00,2026-05-29T23:39:14+07:00
52aa96f3-0c89-4e7c-931a-2894e16b8cc2,0823781013,high_risk,87,2,2026-05-16T12:16:08+07:00,2026-06-08T18:40:27+07:00
4caa2009-a942-4b0d-909c-1c42f87c1e52,0968331918,high_risk,99,2,2026-05-17T12:14:49+07:00,2026-05-18T21:04:33+07:00
2da7e245-a713-4a4a-9db0-faf22e7b0a99,0880547877,high_risk,95,5,2026-05-15T09:52:08+07:00,2026-06-02T04:21:11+07:00
ec1b7585-80ab-4bde-8fb2-d03be8fdfb6d,0617654783,suspect,77,1,2026-05-18T06:48:00+07:00,2026-05-18T06:48:00+07:00
46e15c3e-1f81-45ba-897e-9146eab82bf5,0932426232,high_risk,91,2,2026-05-27T04:46:35+07:00,2026-06-04T04:35:36+07:00
6f5310d8-bf8e-48e2-b983-12d1c29646c2,0875286333,high_risk,84,2,2026-05-18T06:07:32+07:00,2026-05-19T01:16:16+07:00
b61df4ba-dc3a-477d-b386-feda37b6698f,0931081580,high_risk,90,2,2026-05-23T12:42:05+07:00,2026-05-25T18:39:53+07:00
1442169f-1134-407d-b682-9d4ad5655fa6,0957968398,high_risk,87,2,2026-05-16T22:16:15+07:00,2026-05-19T17:58:56+07:00
82af7199-f7fb-4118-a6e8-ae4501041651,0977726100,high_risk,88,4,2026-05-20T04:45:49+07:00,2026-06-27T03:11:39+07:00
9b0207ec-4efd-4538-b619-3dac7d471388,0960538313,high_risk,96,2,2026-05-21T14:58:29+07:00,2026-05-21T21:14:51+07:00
5664925d-298d-4aac-b327-4b7efcf4cb1d,028799877,high_risk,84,1,2026-05-19T04:31:14+07:00,2026-05-19T04:31:14+07:00
49dbf038-ce30-4bf4-bdee-e72138b05831,0925785639,high_risk,93,3,2026-05-23T22:18:16+07:00,2026-05-30T05:03:47+07:00
977d227d-7d81-4f08-9082-c0e19c1d3112,0869904785,high_risk,96,1,2026-05-20T05:39:23+07:00,2026-05-20T05:39:23+07:00
d98f962d-7616-4b95-a52e-4d5bba1d6573,023800758,high_risk,99,1,2026-05-25T23:58:07+07:00,2026-05-25T23:58:07+07:00
dd6bb640-3cb9-47f7-bc87-ce1e907e7ef2,026771178,high_risk,86,1,2026-05-23T14:35:27+07:00,2026-05-23T14:35:27+07:00
2bcf4fd3-66ce-4d47-b8f5-7d4f84417256,0925623949,high_risk,91,2,2026-05-23T22:19:27+07:00,2026-05-26T11:38:59+07:00
6e828fa1-954e-45bd-9699-3c6161f6f3d1,026640141,high_risk,99,5,2026-05-20T01:40:41+07:00,2026-06-02T05:39:17+07:00
adab94fb-2b8f-42ae-acf4-b9c1387b9eba,023476841,high_risk,92,2,2026-05-19T04:05:17+07:00,2026-05-22T11:24:57+07:00
5903612f-4f79-4c21-a3dd-bb62e8873eaa,022855681,high_risk,88,2,2026-05-22T00:14:10+07:00,2026-06-12T22:36:22+07:00
26463825-2bfc-4b05-b47e-a842cb11b2ba,0971656508,high_risk,94,3,2026-05-20T12:16:39+07:00,2026-06-02T15:05:22+07:00
7d429c66-0e89-4de0-9990-af054262d8e2,0870328246,high_risk,95,3,2026-05-18T20:12:57+07:00,2026-06-21T19:25:21+07:00
f13cdd4a-33e0-4d7d-abaf-c467ed63d821,0888592943,high_risk,84,3,2026-05-20T07:56:07+07:00,2026-06-11T07:08:39+07:00
de4b6e2b-95a9-4c97-acd2-ba2d643047c6,0947063201,high_risk,99,2,2026-05-22T17:33:12+07:00,2026-06-16T03:59:28+07:00
e07bd138-0ffb-4a4f-912c-da7d57c44802,0976763419,high_risk,84,2,2026-05-19T17:14:55+07:00,2026-05-21T00:39:03+07:00
bee5d72a-d406-488d-857c-4c9103fed821,0668722717,high_risk,84,1,2026-05-20T12:30:31+07:00,2026-05-20T12:30:31+07:00
7a3264a9-67dd-4b78-9741-136ae2ace181,0979191517,high_risk,94,3,2026-05-20T06:49:38+07:00,2026-05-28T05:01:12+07:00
64ad0ad9-5027-472e-b8f0-27634d4752bf,0878620087,high_risk,89,1,2026-05-22T02:56:24+07:00,2026-05-22T02:56:24+07:00
7d1f0ef5-f121-47ae-ba94-44f7b2269e3b,0838218554,high_risk,81,3,2026-05-18T19:41:59+07:00,2026-06-09T11:38:18+07:00
ba67873e-6d6c-47ec-80f6-e526252498bf,0968972810,high_risk,86,1,2026-05-28T15:33:19+07:00,2026-05-28T15:33:19+07:00
df3788aa-c164-4ff2-947e-b1c0db081459,0994524617,high_risk,93,1,2026-05-20T02:24:18+07:00,2026-05-20T02:24:18+07:00
04c6c983-0b20-42b3-8de2-1aa363a5d577,0923425985,high_risk,84,1,2026-05-19T22:39:57+07:00,2026-05-19T22:39:57+07:00
c056978d-0b58-456e-a45b-9fee3036cb01,0873891701,high_risk,90,2,2026-06-05T23:58:53+07:00,2026-06-13T22:37:25+07:00
bd19ba54-d80a-4f56-aee1-e1b56e262530,0984045197,high_risk,93,2,2026-05-29T08:08:15+07:00,2026-06-03T00:23:09+07:00
457e96ed-861b-4d93-bfb3-11bfad7c2525,0832790132,high_risk,94,3,2026-05-19T17:09:10+07:00,2026-05-29T01:27:48+07:00
59786f28-c6e4-4f00-9ca4-6ad230049e79,0852736049,high_risk,83,1,2026-05-29T07:21:33+07:00,2026-05-29T07:21:33+07:00
bc34e091-d8ff-4f97-b2be-97d6b05de442,0839389414,high_risk,80,1,2026-05-26T23:17:42+07:00,2026-05-26T23:17:42+07:00
58e8f120-e481-4f6e-adb6-7b67d61fb2ba,026081682,high_risk,91,1,2026-05-24T07:10:26+07:00,2026-05-24T07:10:26+07:00
7ccfa492-6233-4468-a6e7-468b96762500,0612403057,high_risk,95,2,2026-05-19T03:23:11+07:00,2026-05-20T03:30:17+07:00
1e988c21-1084-4e4c-99ce-51cfbbf7e07c,0858700168,high_risk,91,2,2026-05-21T00:28:37+07:00,2026-06-18T21:21:53+07:00
1e87fcc8-6eec-4b58-a773-3b4e557fc460,0652632125,high_risk,92,1,2026-05-28T19:41:31+07:00,2026-05-28T19:41:31+07:00
2bd400bc-3a1d-4c4a-8362-6230e72edc68,0877581008,high_risk,91,2,2026-05-22T08:22:08+07:00,2026-05-25T02:36:17+07:00
cf838f33-0b5e-413d-8144-b231276ab082,0845292840,high_risk,93,3,2026-05-26T18:38:29+07:00,2026-06-29T03:34:51+07:00
51d2c53e-956d-4e89-a4b7-80d2645b6071,0854501594,high_risk,89,4,2026-05-21T08:25:32+07:00,2026-06-15T10:32:47+07:00
9dea5c0d-3214-4068-9fcb-b0f4155c0329,0930570265,high_risk,87,1,2026-05-29T21:18:24+07:00,2026-05-29T21:18:24+07:00
960eb14b-db10-4cbb-ae2e-c4da4d82b458,0988252409,high_risk,90,2,2026-05-29T23:25:06+07:00,2026-06-17T11:41:26+07:00
882ed40b-0616-48a9-a674-5da0375e7b66,0657011306,high_risk,82,2,2026-05-23T10:57:26+07:00,2026-05-27T05:06:55+07:00
1476c806-9f67-4e62-9f43-07bcd3d7625a,0958127873,high_risk,85,1,2026-05-21T04:59:30+07:00,2026-05-21T04:59:30+07:00
630c8930-4bfd-4c0d-910b-6b0a36e77775,0664378276,high_risk,90,3,2026-05-23T16:45:47+07:00,2026-06-17T17:18:42+07:00
258df73c-1d0a-4dc2-8787-785e16888c4c,024606377,high_risk,84,1,2026-05-23T00:20:17+07:00,2026-05-23T00:20:17+07:00
504ea4b5-a5c3-4fe7-a3d5-2fe5f91adc3a,023723496,high_risk,99,2,2026-05-21T15:26:09+07:00,2026-06-03T06:35:35+07:00
f82aa6ae-bb4e-4ba6-abde-161842d38087,0896364678,high_risk,85,1,2026-05-23T06:01:46+07:00,2026-05-23T06:01:46+07:00
dc10801f-1d51-4e9f-af8f-f85eacd7e645,0896978980,high_risk,81,1,2026-05-20T07:33:46+07:00,2026-05-20T07:33:46+07:00
5ecc40bf-524c-4930-8394-2397281e5efe,0879946292,high_risk,89,1,2026-05-23T07:28:36+07:00,2026-05-23T07:28:36+07:00
52c8bb67-3e14-4660-91e2-55808086e42c,0689685633,high_risk,96,2,2026-05-23T07:23:44+07:00,2026-06-12T04:16:19+07:00
c781b323-4865-4034-91d5-a4cf6f51a108,029064639,high_risk,94,2,2026-05-23T02:26:47+07:00,2026-06-01T19:07:04+07:00
718b4b5b-c7cb-4dbe-9142-40ebc86cc82d,0849682267,high_risk,97,2,2026-05-28T09:45:44+07:00,2026-06-01T03:07:28+07:00
1677f789-6479-43df-b3ed-77e9b50e7237,0856310534,high_risk,90,2,2026-05-25T03:48:53+07:00,2026-06-06T18:35:04+07:00
ec9532a5-3fb6-4044-9abe-5d6ad9e3396e,0866718148,high_risk,87,5,2026-05-23T04:35:28+07:00,2026-06-28T06:57:14+07:00
024d5496-f23c-4eea-ab7c-ac9846b68e6f,0685157643,high_risk,89,2,2026-05-22T00:36:19+07:00,2026-05-25T10:27:15+07:00
75de89f2-a77e-43f5-b33e-f439b94868a3,0812798601,high_risk,84,1,2026-05-23T09:48:00+07:00,2026-05-23T09:48:00+07:00
25d95a62-c557-4096-8388-c2c2e762c694,0844651072,high_risk,89,2,2026-05-29T22:45:37+07:00,2026-06-11T17:45:55+07:00
822b3fd1-4b6b-4f81-8d01-a80a908f7a1d,0625106600,high_risk,93,1,2026-05-23T16:20:56+07:00,2026-05-23T16:20:56+07:00
7fe3925c-1502-4180-9cab-ce1e2f999d8a,0629786042,high_risk,90,3,2026-05-23T00:51:21+07:00,2026-06-08T07:52:05+07:00
cc909fe8-49b5-425b-aaba-7db1c8a84137,0811237340,high_risk,98,1,2026-05-30T04:41:22+07:00,2026-05-30T04:41:22+07:00
c698a280-fd76-4ddf-bfd6-6737b8988bc1,0968985274,high_risk,92,3,2026-05-23T07:36:17+07:00,2026-06-21T19:45:57+07:00
5200e46d-2462-451e-86c5-4759807b6b54,0859245766,high_risk,99,2,2026-05-24T01:51:57+07:00,2026-05-24T02:01:55+07:00
189747e1-6704-49d7-ac31-62b72e4929d6,0866983774,high_risk,91,2,2026-05-23T10:17:28+07:00,2026-05-30T07:03:33+07:00
ee089ddd-5ed0-4a2e-bf66-ea1a8ec1281b,0943388852,high_risk,93,2,2026-05-31T07:22:05+07:00,2026-06-22T17:57:59+07:00
4f81f933-23b1-4b55-9e3d-c700cfe014fa,0999633403,high_risk,99,4,2026-05-23T11:00:54+07:00,2026-06-25T12:05:08+07:00
b189f81d-3556-4dc5-b7e9-926c581e8f47,029164379,high_risk,97,3,2026-06-06T21:09:11+07:00,2026-06-20T16:31:08+07:00
5a430ffc-85be-4ed5-9daf-5f71f57564d2,021086357,high_risk,92,2,2026-06-04T10:46:43+07:00,2026-06-11T12:38:31+07:00
054b46bf-c7c1-4b42-898b-f476399de4ee,024870114,high_risk,91,1,2026-05-23T17:07:23+07:00,2026-05-23T17:07:23+07:00
a9c5c476-7dfb-426d-9d54-38aa8dc437ee,0612391451,high_risk,80,2,2026-05-25T13:22:32+07:00,2026-06-13T00:40:52+07:00
57f3fe30-f953-4fe1-acce-f49aa1b125c1,0948402239,high_risk,91,1,2026-05-24T09:41:08+07:00,2026-05-24T09:41:08+07:00
94513c8e-b321-42c4-97e8-048c4b218f2f,023641332,high_risk,96,2,2026-06-01T12:12:00+07:00,2026-06-28T08:23:00+07:00
600d7b70-626b-483d-b66b-f693f190e70d,0884350640,high_risk,99,5,2026-05-24T23:42:54+07:00,2026-06-27T13:58:54+07:00
4d372ad1-c0bc-4ae3-912a-c2d5a806c0bf,0912175336,high_risk,99,14,2026-05-23T14:24:50+07:00,2026-06-22T12:45:28+07:00
97164e9c-4ab1-4ad5-a565-00d8b93ca2e3,0827051011,high_risk,88,2,2026-05-30T16:56:10+07:00,2026-06-05T18:17:43+07:00
f31a2d9c-dcea-4aeb-a9e3-60745f80ab6c,0615082184,high_risk,82,2,2026-06-05T18:55:46+07:00,2026-06-20T21:57:14+07:00
281f3f64-44d8-4b16-b930-2794590806a8,0995981039,high_risk,99,4,2026-05-28T18:07:08+07:00,2026-06-16T22:47:26+07:00
3422fe77-151a-4e0c-92e0-618f269e999f,0884398629,high_risk,84,1,2026-05-29T08:16:54+07:00,2026-05-29T08:16:54+07:00
76c12d12-33e1-4018-bd6c-e94ae7d5039c,022713492,high_risk,97,2,2026-05-30T12:33:44+07:00,2026-06-01T23:30:33+07:00
f474eb6f-cb7b-40b6-b9fa-3e9f1c2d7f03,0875618413,high_risk,98,2,2026-05-27T17:46:13+07:00,2026-06-02T23:33:51+07:00
9ebd946c-0c6c-49c5-8bc2-5eabfe3aba42,0923493406,high_risk,86,2,2026-06-01T18:05:20+07:00,2026-06-20T01:12:04+07:00
e30e3b7b-a69a-4e52-9c84-5f98a389c2e5,0940340466,high_risk,95,1,2026-05-29T13:17:36+07:00,2026-05-29T13:17:36+07:00
42847ce4-a0b4-4da4-b9a9-9f295bbdc3fe,0816453286,high_risk,91,4,2026-05-26T03:04:09+07:00,2026-06-09T18:39:13+07:00
853272f0-b444-4e08-84b2-e11827661113,0957352672,high_risk,93,2,2026-05-27T15:38:52+07:00,2026-06-09T18:29:51+07:00
4ece0328-9295-491e-82d0-35c632179d81,0939624742,high_risk,99,2,2026-05-30T12:20:39+07:00,2026-06-25T15:48:18+07:00
a6c0d196-fd5f-422f-8aa1-db9b21aa2d0d,0695514580,high_risk,94,2,2026-05-27T19:37:43+07:00,2026-06-10T19:08:12+07:00
d8552d96-202c-4bf1-afc6-97ad28d92598,0858327879,high_risk,96,2,2026-05-26T23:41:10+07:00,2026-05-27T21:28:21+07:00
46e6d07b-1a56-4eb2-8dcb-0f40351b6711,0996920961,high_risk,96,2,2026-05-26T01:30:07+07:00,2026-05-26T20:51:55+07:00
06f191eb-19e2-4596-b44e-41fc321fef47,0685020399,high_risk,90,1,2026-06-01T09:45:55+07:00,2026-06-01T09:45:55+07:00
20fc89ca-aed5-4bb4-a033-c55e54275a23,0818956489,high_risk,90,2,2026-05-31T00:23:53+07:00,2026-05-31T23:40:20+07:00
5b29f8a6-f226-49c9-867c-2f9255066c48,0982351048,high_risk,99,2,2026-05-27T14:22:49+07:00,2026-05-28T18:42:21+07:00
94992566-4224-4eac-992d-f6f55a7662ee,0923382084,high_risk,90,1,2026-05-26T06:50:50+07:00,2026-05-26T06:50:50+07:00
1579cac0-eded-4062-bb07-3b65ed46500d,0938214473,high_risk,91,2,2026-06-13T23:47:23+07:00,2026-06-19T11:09:48+07:00
f55e857b-5b00-4749-87ca-bfc68277d3c7,028647713,high_risk,93,5,2026-05-30T00:25:00+07:00,2026-06-06T21:25:58+07:00
8305e523-0021-4d71-bc15-71d3b9128462,0679755820,high_risk,93,2,2026-05-27T21:26:42+07:00,2026-06-01T08:05:45+07:00
fe36ec73-83bb-4686-b119-f5add16b5476,0853088671,high_risk,98,4,2026-05-28T20:48:29+07:00,2026-06-11T09:15:22+07:00
37b73d7f-5e05-49c8-9f55-1f0c6c355fc9,0897777871,high_risk,96,3,2026-05-27T03:33:22+07:00,2026-06-05T17:59:02+07:00
0c687fb6-ef2e-4ee1-81d3-636e5257bb4b,0910807445,high_risk,94,3,2026-05-30T19:10:45+07:00,2026-06-05T20:02:02+07:00
4437bf00-5782-4366-923e-10ee925681e5,0850628310,high_risk,97,2,2026-05-31T07:33:27+07:00,2026-06-13T20:27:09+07:00
dcf2bf9d-903d-454d-94cb-a4d87e530f5c,0985150334,high_risk,88,2,2026-06-03T02:45:54+07:00,2026-06-04T10:43:24+07:00
97c44213-cef5-4232-9b54-9cdceb3599b1,0859286868,high_risk,87,2,2026-05-31T08:37:28+07:00,2026-06-06T11:47:35+07:00
6dc6bc9e-c547-4013-b05f-e703be7d590a,0657010096,high_risk,92,2,2026-06-10T03:45:34+07:00,2026-07-10T19:58:18+07:00
d6d74179-87f4-4738-b7ad-150943a73891,028425511,high_risk,92,2,2026-05-30T14:53:00+07:00,2026-06-03T11:29:50+07:00
da609e38-fcfa-4e7c-8ada-900c480e2240,0859057947,high_risk,88,2,2026-05-29T08:43:01+07:00,2026-06-29T13:31:19+07:00
6ae98d0c-073e-4a1c-910e-daf316ec4701,0897866161,high_risk,92,1,2026-05-30T06:35:25+07:00,2026-05-30T06:35:25+07:00
fd61bfc4-42d9-4679-ab1f-987111e0dec9,0987945248,high_risk,86,3,2026-05-29T14:50:03+07:00,2026-06-01T11:08:43+07:00
48a5493e-f8db-477f-90ec-d5812907e5fb,0865851367,high_risk,92,2,2026-06-03T03:41:21+07:00,2026-06-14T16:05:02+07:00
b793ca57-bee9-437e-9a99-824330ca16c8,025006930,high_risk,91,2,2026-05-29T05:45:31+07:00,2026-05-29T10:26:10+07:00
2aa7ffcb-ad7e-456d-85e1-a47f4486433a,0828184948,high_risk,94,2,2026-05-31T14:36:06+07:00,2026-06-05T09:27:26+07:00
3d391872-dc4c-451b-8f3c-93f9e1160a26,0899384182,high_risk,99,1,2026-05-29T22:24:39+07:00,2026-05-29T22:24:39+07:00
8e18dcc1-9ee2-4b23-adf1-b7699361b696,0983947241,high_risk,84,1,2026-05-28T07:12:01+07:00,2026-05-28T07:12:01+07:00
f2d6559c-0ba1-4d63-a521-02f292b170c1,0942563712,high_risk,96,1,2026-06-03T10:50:42+07:00,2026-06-03T10:50:42+07:00
6e569863-6aec-4f2d-bb6f-ab49d1645add,0917489604,high_risk,91,2,2026-05-30T21:47:30+07:00,2026-06-07T04:01:02+07:00
91a7b030-687a-490a-a0e1-47cc3dfda040,0687472684,high_risk,86,4,2026-05-29T16:32:12+07:00,2026-06-23T10:27:40+07:00
d364d2f7-3a3a-4568-b67a-729c2785d81a,0977535171,high_risk,95,3,2026-05-30T10:37:34+07:00,2026-07-04T16:33:20+07:00
87b36a80-f90f-4ec5-b202-7b6d57157f09,0936224699,high_risk,93,2,2026-05-30T05:26:48+07:00,2026-06-14T23:03:57+07:00
878b5e7c-d6d3-41c4-a05d-6596813eff4d,0926795187,high_risk,93,1,2026-06-01T08:43:23+07:00,2026-06-01T08:43:23+07:00
2d2de019-be81-4882-a84c-8350f72b36cc,0935759006,high_risk,92,5,2026-05-30T11:20:44+07:00,2026-06-15T10:03:38+07:00
3d8b7b2c-363b-49df-bab3-f0b03c396d1f,0820915698,high_risk,82,1,2026-06-01T13:38:30+07:00,2026-06-01T13:38:30+07:00
b3e7aaba-6662-4a73-b9cc-229f441a8d35,024244365,high_risk,99,2,2026-05-31T22:34:43+07:00,2026-06-11T23:49:08+07:00
5469b90a-2f61-4230-b050-c66db01a61b4,024843754,high_risk,93,4,2026-05-30T20:05:36+07:00,2026-06-15T12:20:53+07:00
e8afddae-e4a9-4b02-bd8c-cd8fbb114758,0862304612,high_risk,89,2,2026-06-04T02:27:13+07:00,2026-06-04T02:33:07+07:00
650c7290-b6f5-4c81-9e2f-094cf6b92994,0686992998,high_risk,96,3,2026-05-31T06:44:15+07:00,2026-06-18T17:24:48+07:00
962930d7-5353-406f-8e33-c289176af2af,0828443618,high_risk,99,3,2026-06-03T04:19:26+07:00,2026-06-22T17:36:41+07:00
25c9b44a-b5be-4c50-8df4-47c617f23c4e,0691370975,high_risk,93,2,2026-06-05T21:41:46+07:00,2026-07-06T02:51:22+07:00
7c8e94b2-6a2d-4e82-839b-d5985d3aec9e,026033622,high_risk,85,2,2026-06-07T06:31:58+07:00,2026-06-23T06:03:14+07:00
b3f697a1-80da-48f2-8a80-bee47274e872,0881967562,high_risk,95,5,2026-06-01T08:10:37+07:00,2026-06-26T02:41:28+07:00
d03c5e67-1a9d-43db-881b-35bcb5eb2a15,0815590062,high_risk,93,3,2026-06-02T11:19:54+07:00,2026-07-12T12:11:39+07:00
a19e2327-07ca-4037-8925-2a89a06f5135,029858051,high_risk,89,1,2026-06-01T08:04:50+07:00,2026-06-01T08:04:50+07:00
d749d076-9202-4571-b438-202af58f4130,0998975558,high_risk,99,7,2026-06-01T08:02:55+07:00,2026-06-21T13:38:50+07:00
0118dbd4-a156-4c36-a524-60cef9056e92,0879679571,high_risk,92,2,2026-06-09T01:52:55+07:00,2026-06-09T17:12:11+07:00
152ebd7b-26a5-4de1-b4fd-416e97328a6e,0959424702,high_risk,99,3,2026-06-01T21:24:43+07:00,2026-06-05T05:46:45+07:00
6396aed3-9119-4d32-be25-2b54589fd850,0625532540,high_risk,99,2,2026-06-02T02:06:04+07:00,2026-06-05T10:23:33+07:00
7f070194-afbb-4fe3-816c-e98fc19307ad,0818073400,high_risk,99,4,2026-06-04T01:18:33+07:00,2026-06-25T17:57:50+07:00
a6fa4c6e-8d7d-4a47-8399-0d749a3ad97d,0813286512,high_risk,97,2,2026-06-03T12:50:03+07:00,2026-06-14T19:20:57+07:00
a58e33ed-1b28-412f-8058-8e7597bdd3bc,0982718398,high_risk,88,2,2026-06-03T09:46:14+07:00,2026-06-03T12:32:02+07:00
c6fa501b-713d-4025-9777-7e5d2fad9775,0677325060,high_risk,90,2,2026-06-10T03:20:00+07:00,2026-07-01T01:13:19+07:00
9994d282-ed75-4e56-a935-a918bc1b9cf2,023700553,high_risk,97,2,2026-06-03T08:06:29+07:00,2026-06-06T16:17:26+07:00
57da9df9-69d3-419e-88f5-10c4efc7f0fc,0984036170,high_risk,81,1,2026-06-17T16:50:30+07:00,2026-06-17T16:50:30+07:00
e05b3ef4-d357-48e1-b3c3-f2aed0e8480c,0679156572,high_risk,99,3,2026-06-02T14:46:19+07:00,2026-06-11T19:55:05+07:00
1c9b3ee1-461a-4340-a4a4-3e9018eb634c,0948963840,high_risk,84,2,2026-06-07T15:58:33+07:00,2026-07-11T13:06:16+07:00
4ba2571b-9d38-4818-a2fb-a63946d6e207,0686727511,high_risk,99,3,2026-06-03T12:19:06+07:00,2026-07-15T05:36:22+07:00
666a067d-7ddb-420c-8dd7-5fa951b86ae8,0979921307,high_risk,87,2,2026-06-02T15:59:28+07:00,2026-06-08T12:38:02+07:00
437fc1c0-d53c-47b1-846c-890cdfde3422,0870305527,high_risk,93,2,2026-06-04T10:19:50+07:00,2026-07-01T02:55:00+07:00
e3889d41-8a6b-4253-9a0f-40861bfaf9b8,0966196140,high_risk,91,2,2026-06-04T06:39:41+07:00,2026-06-19T09:14:22+07:00
f2b3f8cf-ff01-44cc-bcc9-1c2c402b3261,0685332228,high_risk,91,2,2026-06-02T19:04:35+07:00,2026-06-05T15:27:42+07:00
11e42e73-66e0-49ca-9070-aa1cba00a970,025878771,high_risk,96,2,2026-06-06T00:07:31+07:00,2026-06-17T06:56:05+07:00
26695423-bb0a-40ba-9e50-7c3f447d1413,0877025131,suspect,77,2,2026-06-05T03:38:37+07:00,2026-06-09T19:10:55+07:00
394c42b5-6516-472d-b9b1-46cbafd262a0,0821756016,high_risk,91,2,2026-06-10T01:15:18+07:00,2026-06-20T18:17:12+07:00
0104c556-7eec-40cd-9709-0cfd1ed1a044,0944506507,high_risk,80,2,2026-06-07T07:57:18+07:00,2026-06-28T22:21:35+07:00
6671f616-44c1-42a1-96ac-d5cffaac9bc0,0626280858,high_risk,82,2,2026-06-05T02:16:13+07:00,2026-06-10T23:09:09+07:00
449d9910-877c-4cea-81ad-0e30bd421f27,0881568864,high_risk,97,1,2026-06-03T05:05:46+07:00,2026-06-03T05:05:46+07:00
9205ba53-2eaf-4a97-ae9c-a168e382e9fb,0625188151,high_risk,87,2,2026-06-09T05:19:10+07:00,2026-06-10T13:05:13+07:00
f22eec25-f346-433c-9bc7-20067409e3ca,0935249802,high_risk,85,6,2026-06-05T06:21:25+07:00,2026-06-21T11:34:13+07:00
3db11a8d-592e-43ba-bac7-83778bda4a0a,0877371414,high_risk,80,2,2026-06-10T13:04:52+07:00,2026-06-11T05:00:12+07:00
a5a3392c-e6a6-4038-9a5d-9285c052cd33,0827145878,high_risk,87,2,2026-06-05T11:50:14+07:00,2026-06-08T21:41:58+07:00
1c2c1e0e-f591-43b3-9626-6a4a58fd8cc8,0925446149,high_risk,84,1,2026-06-13T06:47:20+07:00,2026-06-13T06:47:20+07:00
1cc9711f-3410-496f-8a16-4be484f89ce6,0880425121,high_risk,87,1,2026-06-12T14:15:00+07:00,2026-06-12T14:15:00+07:00
67199255-f50b-46a7-849b-4cbeae9c3399,0913336957,high_risk,90,3,2026-06-05T12:42:58+07:00,2026-07-15T11:37:27+07:00
8bbc23fa-9204-4cad-9d74-33238686821a,0957914240,high_risk,99,3,2026-06-04T08:34:24+07:00,2026-06-13T02:25:11+07:00
1f02833e-6ed0-43c6-8ae4-826f835598b6,0847722026,high_risk,87,1,2026-06-11T23:30:49+07:00,2026-06-11T23:30:49+07:00
50c015a8-b7b9-4952-8c1a-fa68a6b73eea,0825372053,high_risk,99,3,2026-06-05T13:14:30+07:00,2026-06-12T17:38:13+07:00
cab72f8f-a807-4c92-83e3-c14b5d59d280,0971665297,high_risk,84,1,2026-06-10T22:19:33+07:00,2026-06-10T22:19:33+07:00
0ae9e085-0fb6-4a56-bb27-bd0ea0fc27a8,0647629779,high_risk,98,2,2026-06-09T14:37:14+07:00,2026-06-09T15:27:31+07:00
39c63862-c522-4c3a-b0f4-4588a443dc12,0986329748,high_risk,85,1,2026-06-08T05:07:08+07:00,2026-06-08T05:07:08+07:00
fa368a01-a635-480f-ab24-28ffe3340e6e,029242299,high_risk,98,2,2026-06-05T14:10:27+07:00,2026-06-18T07:56:31+07:00
fd3bcd96-8c40-46ed-bae9-4c9f05eed661,0814676417,high_risk,92,4,2026-06-05T13:00:53+07:00,2026-06-14T16:08:59+07:00
b0ea14d1-c682-4a2b-acdb-4e9cfa09dc3b,0953865345,high_risk,91,2,2026-06-13T17:29:16+07:00,2026-07-12T22:50:02+07:00
2cbbc373-bbd5-4aac-a8fe-e448604083d9,022429815,high_risk,91,5,2026-06-06T15:24:57+07:00,2026-06-23T18:50:30+07:00
43c94f94-3b10-47c3-ac8f-ed7d2df85439,0610488546,high_risk,90,2,2026-06-13T00:08:56+07:00,2026-06-29T00:32:51+07:00
7d0cdffd-b754-49b7-a419-50c0c82e5631,0897317957,high_risk,90,2,2026-06-13T11:01:30+07:00,2026-06-21T01:05:41+07:00
2fd19fe2-ba76-4c20-8a75-1dc03a96409c,0884381302,high_risk,90,3,2026-06-18T02:50:42+07:00,2026-06-23T03:52:50+07:00
fec6bb88-e120-4dcc-9916-fc53b70f9d13,0998668609,high_risk,84,2,2026-06-20T06:46:10+07:00,2026-06-23T07:33:04+07:00
41edd3af-ec67-4f8e-a58f-d35cfeaac899,0850571811,high_risk,91,1,2026-06-19T14:06:13+07:00,2026-06-19T14:06:13+07:00
55641ab8-ee5c-4b3e-b203-0d52bd3c3c18,0931412731,high_risk,98,1,2026-06-14T02:09:52+07:00,2026-06-14T02:09:52+07:00
60f03c54-8034-4374-9815-6cf611f6ac47,0899631106,high_risk,91,2,2026-06-07T01:15:56+07:00,2026-06-16T13:36:27+07:00
16493a75-c8ee-412c-9852-13274fe55e48,0966714794,high_risk,87,1,2026-06-08T06:33:00+07:00,2026-06-08T06:33:00+07:00
e550942d-8481-46d0-bcda-7b24917ca1c6,0950885064,high_risk,95,5,2026-06-06T21:43:24+07:00,2026-06-24T02:02:12+07:00
48943e16-8ac5-4f69-863c-35a4ebf28d33,0622658048,high_risk,88,2,2026-06-08T22:30:25+07:00,2026-06-29T03:59:20+07:00
87fe8d7d-7ec1-439e-a996-f4ed5ea8001b,0869584007,high_risk,94,1,2026-06-16T13:53:47+07:00,2026-06-16T13:53:47+07:00
19cc6488-d458-42ba-b8cc-9a51a276c0d5,0813622990,high_risk,97,2,2026-06-13T16:59:10+07:00,2026-06-19T22:09:01+07:00
bdf72dc8-7072-4f5b-a994-2d10d526399d,0939872957,high_risk,88,3,2026-06-07T15:02:44+07:00,2026-06-14T08:33:54+07:00
4d58e8f9-9dac-4d4b-a29c-23e9dbeed90e,0894936641,high_risk,95,2,2026-06-13T04:47:41+07:00,2026-06-14T21:56:43+07:00
e514cf07-4b28-4317-9a52-b189b3ad2492,0984647655,high_risk,90,1,2026-06-10T10:53:10+07:00,2026-06-10T10:53:10+07:00
9cc511c0-5a66-4e12-9260-24abec41d292,0928825666,high_risk,96,2,2026-06-19T16:46:14+07:00,2026-06-29T01:10:13+07:00
7389c955-c91f-47ca-a8c1-6282fe5d5442,0888284017,high_risk,96,2,2026-06-09T09:42:53+07:00,2026-06-14T11:07:41+07:00
a84fdc65-6c87-4545-be2c-02dd41418dd9,0826654955,high_risk,89,2,2026-06-10T18:27:37+07:00,2026-06-17T08:45:06+07:00
c27129f0-5b8c-4c94-84a6-6c1793f5a029,0961772889,high_risk,81,1,2026-06-14T23:57:50+07:00,2026-06-14T23:57:50+07:00
6630dd46-860c-4f77-a912-db423e3be99b,0951601591,high_risk,89,3,2026-06-09T05:34:29+07:00,2026-06-27T12:59:20+07:00
1b1d1e95-7891-4e72-867b-3501f2d86206,0838085109,high_risk,99,5,2026-06-13T11:00:50+07:00,2026-06-17T20:30:43+07:00
1f5a93a7-dfce-4d5b-8a7e-7b85349c8236,0939135813,high_risk,99,7,2026-06-09T04:13:41+07:00,2026-07-06T05:02:52+07:00
44ef9e91-8150-4612-94ad-9751452687df,0634485801,high_risk,99,4,2026-06-10T20:41:03+07:00,2026-06-30T02:47:35+07:00
3e79459f-755d-440e-8a5f-bf6edc6305ab,0839730665,high_risk,90,3,2026-06-09T01:29:01+07:00,2026-07-03T20:15:26+07:00
08934b27-cc54-427b-b509-f6bf4757e067,0992494303,high_risk,94,3,2026-06-11T21:00:21+07:00,2026-07-10T14:08:00+07:00
3df43888-d860-435f-8059-b08a5d997020,0962877495,high_risk,88,2,2026-06-25T10:44:40+07:00,2026-07-20T04:21:05+07:00
6ca76f80-5cab-4238-a351-9ba5cfd8d1cc,0839112627,high_risk,87,1,2026-06-10T10:49:58+07:00,2026-06-10T10:49:58+07:00
ae93a1d8-2b87-4a33-8674-9c38ade682e9,0828904548,high_risk,91,3,2026-06-10T01:19:35+07:00,2026-07-03T13:42:32+07:00
8ea4d030-e13b-4102-8ec8-415a4a807431,0654049755,high_risk,93,3,2026-06-09T22:57:09+07:00,2026-06-15T09:33:46+07:00
5958e56b-b502-4802-a881-4998d7edadee,0919574571,high_risk,98,3,2026-06-10T08:59:18+07:00,2026-06-22T13:15:38+07:00
b2942eff-f3d8-4521-8c3f-411334e22b0c,0965487702,high_risk,98,2,2026-06-12T07:26:53+07:00,2026-06-29T09:57:40+07:00
aa44a27f-d541-45e2-805e-d22c23970b72,0956912420,high_risk,86,2,2026-06-14T13:07:39+07:00,2026-07-03T02:05:16+07:00
59f10079-0e37-4ea7-8c12-e7c0db14c57b,0890919195,high_risk,87,3,2026-06-12T05:16:54+07:00,2026-07-07T10:05:22+07:00
dbe8d66e-1e0a-4a8a-b302-40358cdd476c,025709235,high_risk,95,1,2026-06-10T05:22:14+07:00,2026-06-10T05:22:14+07:00
ed96cedf-efc9-4061-8e99-932408f0604b,0862865008,high_risk,81,2,2026-06-15T22:08:30+07:00,2026-07-14T03:14:37+07:00
294a1077-2037-4550-84bf-cb343ed0efd4,0814357866,high_risk,87,4,2026-06-10T19:11:56+07:00,2026-06-28T13:39:21+07:00
b5db82c8-39e5-4e0a-88dc-5c974d1ea9a3,0983796055,suspect,78,1,2026-06-26T08:56:48+07:00,2026-06-26T08:56:48+07:00
399cacbc-feb5-4020-9a63-225af7f40fee,0999606595,high_risk,99,2,2026-06-13T02:32:23+07:00,2026-06-26T13:57:22+07:00
11592640-036d-4a66-92c8-1051d33628d5,0832809877,high_risk,90,2,2026-06-12T21:38:38+07:00,2026-06-14T09:17:58+07:00
3ebd04db-d96d-4029-a78c-552f041464c0,0649152042,high_risk,90,3,2026-06-12T15:35:02+07:00,2026-07-09T05:12:39+07:00
080dd93d-3aea-4327-ae9e-fa9b7d135955,0858838574,high_risk,92,2,2026-06-12T11:51:41+07:00,2026-06-30T02:21:52+07:00
d0db6036-67ff-48bf-b200-53765b742f67,0914786153,high_risk,94,2,2026-06-25T03:26:40+07:00,2026-06-30T10:48:19+07:00
74f6b862-f0f9-4523-819f-69686566ccaf,0652833420,high_risk,92,3,2026-06-12T10:07:49+07:00,2026-07-05T05:00:37+07:00
afa87af4-64e2-4b44-a879-f219c167a4b9,0869597381,high_risk,94,5,2026-06-13T08:12:28+07:00,2026-07-03T16:50:50+07:00
d3da002f-d672-441a-af2d-d23d6009b37f,0627934049,high_risk,92,5,2026-06-13T00:00:56+07:00,2026-07-21T09:11:34+07:00
5d8a3642-3fb9-4d79-bc22-c7243a7e9950,0679159231,high_risk,85,1,2026-06-13T17:50:26+07:00,2026-06-13T17:50:26+07:00
edde899d-b0ee-426e-8b3b-ea2174e542b6,0890894716,high_risk,87,1,2026-06-12T00:33:38+07:00,2026-06-12T00:33:38+07:00
c6e8ea9b-e3fe-4977-ba6f-e0abed64cce1,0967500881,high_risk,93,3,2026-06-17T13:28:00+07:00,2026-06-27T14:56:02+07:00
3fa42a0d-9d45-4296-b714-fd45cc9fc4a9,028735117,high_risk,87,2,2026-06-13T18:31:52+07:00,2026-06-13T18:54:07+07:00
64a013d4-641f-4459-8f0b-29a4a56119be,0859245565,high_risk,94,2,2026-06-13T09:36:15+07:00,2026-06-18T10:37:01+07:00
92f30315-21a8-47b4-99a8-aa97c1a089a1,0968941952,high_risk,86,1,2026-06-16T05:20:36+07:00,2026-06-16T05:20:36+07:00
fb5802d3-e3bd-4dd0-bf3b-b13be0f3feb3,0921589776,high_risk,95,3,2026-06-14T12:16:42+07:00,2026-07-01T22:55:25+07:00
2c5282f9-ad33-480a-bd19-96ea6f18fe12,0644204317,high_risk,86,2,2026-06-14T08:18:40+07:00,2026-06-26T02:07:16+07:00
4fe3a275-9918-4bc8-bdac-bad27fce4c40,0919768099,high_risk,89,2,2026-06-19T05:24:32+07:00,2026-06-19T13:03:19+07:00
e9a9845e-c048-40f9-ab70-9c69377ebf9d,0947816753,high_risk,99,8,2026-06-15T20:18:00+07:00,2026-07-01T14:26:53+07:00
0e551bdb-309a-48b7-8a5d-d3f0288c478c,0876767745,high_risk,88,2,2026-06-14T16:15:51+07:00,2026-06-29T13:24:25+07:00
4bc014c6-9c5e-424c-850b-131ff24f928f,0876362097,high_risk,89,2,2026-06-17T12:31:23+07:00,2026-06-20T16:37:49+07:00
c4ea9717-6848-408e-b166-b88b1ea29b70,0673643773,high_risk,85,1,2026-06-14T10:32:42+07:00,2026-06-14T10:32:42+07:00
eb995fdf-437d-4222-b9fa-ff70370d515e,0977066098,high_risk,85,2,2026-06-17T00:41:28+07:00,2026-06-26T12:01:21+07:00
222441cd-59bc-4751-b466-aef9f6134130,0852722510,high_risk,91,1,2026-06-20T10:50:50+07:00,2026-06-20T10:50:50+07:00
82ef9b20-33ca-4f1b-baf7-90116bd17ad3,0637976022,high_risk,91,4,2026-06-19T11:13:30+07:00,2026-07-04T21:36:57+07:00
0690b238-d866-4e5c-88a8-55852e071c2c,0975119896,high_risk,88,3,2026-06-20T07:41:56+07:00,2026-07-05T22:38:57+07:00
f4bf541f-991a-4e41-bc6b-5253ff558e57,0938169847,high_risk,80,1,2026-06-21T00:56:44+07:00,2026-06-21T00:56:44+07:00
a05f21b1-ce64-418e-90a8-993706a4c300,0688645759,high_risk,95,2,2026-06-14T22:36:14+07:00,2026-07-08T16:13:30+07:00
9504d120-b70b-42cb-8756-08501d983845,0979080155,high_risk,93,2,2026-06-17T06:41:19+07:00,2026-06-18T12:34:37+07:00
4e2d210e-f5c5-4a05-b260-9a292baeea51,0875898029,high_risk,98,2,2026-06-24T04:19:13+07:00,2026-06-27T16:00:47+07:00
ea8b0d1e-eac1-40a4-b783-8a8eca54fc41,027606187,high_risk,85,3,2026-06-15T08:25:55+07:00,2026-06-20T12:33:26+07:00
8e055fa1-b080-49b9-bf92-3479adf51141,0665080403,high_risk,99,3,2026-06-21T17:57:27+07:00,2026-07-19T04:38:30+07:00
b8c8e158-4a44-465b-adca-da9b218372b4,0817638291,high_risk,99,2,2026-06-20T14:19:41+07:00,2026-06-24T04:59:49+07:00
1b038846-3bbd-4b5b-a45b-98a617711e1c,0858662348,high_risk,84,2,2026-06-25T16:17:54+07:00,2026-07-09T07:34:47+07:00
6d777c8c-c43a-4134-9d2c-492e8ad163d8,0689844679,high_risk,95,2,2026-06-22T22:27:33+07:00,2026-06-23T06:06:25+07:00
306397e6-9f56-45dd-8aab-4b5b67c04308,029015192,high_risk,88,2,2026-06-18T04:13:32+07:00,2026-06-26T16:40:34+07:00
bf12ad63-2d5a-4792-9b18-c7e66b64456d,0944262979,high_risk,86,2,2026-06-17T14:49:22+07:00,2026-07-10T15:48:43+07:00
c16b8146-c68c-4d45-a523-eb061a28fa33,0913226734,high_risk,91,1,2026-06-16T11:04:02+07:00,2026-06-16T11:04:02+07:00
95deee8f-8fb2-42b0-b223-7bbfbab05bbf,0879463148,high_risk,95,5,2026-06-19T03:35:49+07:00,2026-06-26T09:03:33+07:00
23f6a1f3-6958-4a7c-8bc0-6b7c2b7cc326,0885853202,high_risk,93,2,2026-06-20T16:20:37+07:00,2026-07-15T19:26:55+07:00
7a5079ac-b6a1-4d1d-9395-d34e980f2e08,0958023144,high_risk,93,4,2026-06-15T19:40:29+07:00,2026-06-21T17:31:24+07:00
7d6953fc-aa8b-4ea0-b046-f1ed1eaf14a3,024760501,high_risk,84,1,2026-06-27T11:32:32+07:00,2026-06-27T11:32:32+07:00
20a46457-9b85-4857-91e9-74308a203ece,0837932614,high_risk,90,3,2026-06-17T05:37:50+07:00,2026-07-04T19:40:22+07:00
ecdbb11e-32e0-4630-b4ca-236994b7678e,0848708771,high_risk,91,3,2026-06-16T16:42:21+07:00,2026-07-26T06:01:53+07:00
338148c0-09f1-4956-bb1b-0c55eec19e3d,0856741163,high_risk,99,2,2026-06-17T17:09:49+07:00,2026-06-27T10:39:40+07:00
4530802c-6bba-46d4-b4be-f607a2015303,0855677303,high_risk,94,2,2026-06-24T03:18:50+07:00,2026-06-24T03:19:42+07:00
bd650e78-49f3-4a2d-93ab-8b7c97fe0da3,0653247361,high_risk,84,3,2026-06-18T10:49:11+07:00,2026-07-05T13:55:41+07:00
fd4909ae-176b-4f87-991d-3b35595ed5db,0942888857,high_risk,81,1,2026-06-17T13:46:37+07:00,2026-06-17T13:46:37+07:00
a71f1e03-516c-48f7-9c70-56236d0d495d,0616334007,high_risk,89,2,2026-06-20T06:17:45+07:00,2026-07-22T19:32:19+07:00
df74715e-8d51-4d30-9165-a6c0499b5b83,0895344052,high_risk,84,2,2026-06-17T04:34:22+07:00,2026-07-20T00:46:19+07:00
ad020253-00c0-4a0b-ab22-f950996d469a,022064114,high_risk,95,3,2026-06-20T09:14:58+07:00,2026-07-16T02:46:04+07:00
65f6adcf-7ce1-4d04-b4e5-7940765946f9,0867466489,high_risk,99,4,2026-06-23T10:37:13+07:00,2026-07-07T03:38:55+07:00
285f5c34-c8c9-4138-9fd2-8caf0638de1b,0846158096,high_risk,91,2,2026-06-17T00:50:08+07:00,2026-06-20T13:18:34+07:00
5c9fc4b7-a5b0-4156-a9df-a53fae785f52,0987335798,high_risk,95,5,2026-06-16T21:07:40+07:00,2026-07-01T06:18:58+07:00
dc5876f2-0cbf-47b6-8a29-55792fbf1c3b,0628477953,high_risk,91,1,2026-07-02T22:26:54+07:00,2026-07-02T22:26:54+07:00
8d45919d-a251-4926-b281-bc267a1e230c,0977210791,high_risk,86,2,2026-06-18T04:53:01+07:00,2026-06-23T16:10:16+07:00
7b6abb47-ae94-4553-9a31-3f50b314adfb,0850499868,high_risk,95,2,2026-06-18T06:23:56+07:00,2026-06-20T04:54:26+07:00
adae4a84-fcb4-44dc-88be-4af96f9c6a94,0615429101,high_risk,95,2,2026-06-20T04:17:07+07:00,2026-06-27T18:59:57+07:00
fc7bd005-0c0d-47a1-8f8f-619954da6ef3,0863121388,high_risk,96,3,2026-06-19T22:57:21+07:00,2026-07-23T18:04:11+07:00
f3ead0a4-47ed-4840-9bb2-336675c51f1a,0929475913,high_risk,92,3,2026-06-24T01:26:45+07:00,2026-07-17T21:55:08+07:00
fdafb8f0-f206-4c61-8041-e7b364ff21a6,0960879425,high_risk,90,5,2026-06-20T16:31:41+07:00,2026-07-20T04:12:23+07:00
bf841ff6-7fb2-4d1f-b10a-14fb38a972ad,0816940423,high_risk,88,2,2026-06-28T00:30:45+07:00,2026-07-04T10:53:24+07:00
768feff2-7e18-45c1-af59-b2b6c5e5a1f6,0638607910,high_risk,87,1,2026-06-24T02:49:21+07:00,2026-06-24T02:49:21+07:00
dfd9d553-0e57-4c4a-9301-8e1d01789068,0992241848,high_risk,92,2,2026-06-18T08:30:41+07:00,2026-06-23T18:01:20+07:00
0fa5769f-0336-4ee1-9d0b-0ca6d73bc9ed,0855965048,high_risk,84,3,2026-06-19T09:39:06+07:00,2026-06-24T09:35:22+07:00
140ac1b7-6a42-4051-abe5-510a30e43761,0697999680,high_risk,84,2,2026-06-22T20:17:17+07:00,2026-07-07T08:55:16+07:00
5336cb65-5701-49a7-b611-a6f636d555df,0825288434,high_risk,92,2,2026-06-20T16:19:25+07:00,2026-07-16T00:22:57+07:00
456bd22c-8513-462d-b732-322adf1d3d70,0687667149,suspect,71,1,2026-07-09T16:06:00+07:00,2026-07-09T16:06:00+07:00
6c25d0fb-2e9e-4133-b56d-5771dc1b4165,0935234407,high_risk,90,3,2026-06-27T17:54:01+07:00,2026-07-28T13:00:42+07:00
d190d30a-fbc0-4078-99a1-132d056e924f,0896739725,high_risk,84,1,2026-06-20T08:34:27+07:00,2026-06-20T08:34:27+07:00
8086c0c6-741d-498e-9faa-578cb2e99b15,0975981076,high_risk,88,1,2026-06-25T00:34:21+07:00,2026-06-25T00:34:21+07:00
71730697-d5cc-45f8-b6cd-632d4ec6fef7,0970040937,suspect,72,1,2026-07-04T15:31:55+07:00,2026-07-04T15:31:55+07:00
04360229-b35d-4225-8cce-4a953e53f5dc,0957943625,high_risk,94,2,2026-06-25T07:51:13+07:00,2026-07-21T22:22:29+07:00
3b350e82-9356-4963-a8e2-088634d91650,0917640563,high_risk,88,2,2026-06-30T20:33:20+07:00,2026-07-01T17:20:28+07:00
dd2f4055-fdd4-4319-8b6f-924c0f240670,0852477149,high_risk,93,3,2026-06-20T13:00:17+07:00,2026-07-26T05:13:54+07:00
29558397-12df-4f52-a008-515198937358,0676278939,high_risk,80,2,2026-06-26T02:37:23+07:00,2026-06-29T08:33:00+07:00
236e4d28-1276-435a-81fd-d14a61345eb3,0893929062,high_risk,96,6,2026-06-20T14:04:13+07:00,2026-06-30T15:57:00+07:00
09700f78-a9fb-4b40-8b1f-1d16559210c5,0951061866,high_risk,92,4,2026-06-22T18:31:18+07:00,2026-07-28T20:28:18+07:00
6d77c213-b07c-4425-ba52-d8c5f9c1994a,0913473824,high_risk,86,1,2026-06-19T20:15:33+07:00,2026-06-19T20:15:33+07:00
8f659d1b-901d-4ed8-bd95-8084f1486f69,0958582822,high_risk,87,3,2026-06-20T16:38:36+07:00,2026-07-01T06:57:03+07:00
2ed1df59-af77-4bef-a615-2d64c5075a08,0852159817,high_risk,84,1,2026-06-22T08:23:09+07:00,2026-06-22T08:23:09+07:00
fddbd7e4-8501-4642-bc72-0ec6acc33c62,0862880073,high_risk,98,4,2026-06-25T08:47:07+07:00,2026-07-20T23:35:41+07:00
7abeb59c-1b59-4e95-b874-00d9781e11d8,0674384927,high_risk,91,3,2026-06-25T08:04:34+07:00,2026-07-13T06:20:27+07:00
3d567699-f569-41db-beab-eed105b4545d,0631436748,high_risk,87,1,2026-06-28T03:49:30+07:00,2026-06-28T03:49:30+07:00
0b2fa5a2-669f-4a9b-83d5-c7666aced79d,0843175374,high_risk,94,4,2026-06-29T03:07:28+07:00,2026-08-01T07:07:13+07:00
6c733cd2-b8f8-4188-996e-ff620c84141a,0856582485,high_risk,97,3,2026-06-23T22:57:12+07:00,2026-07-01T03:20:56+07:00
b00a932e-b264-4fbc-974f-7e5518466ffc,0981529379,suspect,78,2,2026-06-23T06:51:54+07:00,2026-06-23T09:50:03+07:00
331c0ef2-897d-4577-bfc7-49ce0a4a13e6,0893816679,high_risk,84,2,2026-06-26T06:04:45+07:00,2026-07-07T15:58:59+07:00
1250fbb3-ea71-44f9-8fc3-c0a7500bcc8c,0993265071,high_risk,96,2,2026-06-22T17:26:16+07:00,2026-07-23T12:31:13+07:00
5e4fdc41-2d75-44c1-8e8e-5b19f49ee62a,023553092,high_risk,94,2,2026-07-03T23:16:40+07:00,2026-07-24T03:23:48+07:00
b5964394-5383-4d73-ad75-201b043c26e1,0934139146,high_risk,89,1,2026-06-26T01:53:01+07:00,2026-06-26T01:53:01+07:00
3620117a-4972-439a-b995-5b15038128f9,0613200648,high_risk,82,2,2026-06-23T19:28:43+07:00,2026-07-08T06:52:41+07:00
bd4261f3-c3c3-4bd8-a118-3c4a3e3cd6a6,0986476528,high_risk,84,1,2026-06-25T05:05:54+07:00,2026-06-25T05:05:54+07:00
8888219a-6087-4541-8f69-4171ffe7b18d,0948542628,high_risk,80,1,2026-06-26T06:17:03+07:00,2026-06-26T06:17:03+07:00
f310883e-048c-4206-91a5-3df087516da1,0962490174,high_risk,84,1,2026-06-23T02:03:18+07:00,2026-06-23T02:03:18+07:00
39ce8c6f-c79f-432d-810d-075dfd30a236,0953099012,high_risk,85,3,2026-06-23T17:13:51+07:00,2026-07-20T04:37:37+07:00
f99e6bc8-d88a-4590-8dd2-9ee3493f44c6,0983578558,high_risk,88,3,2026-06-24T10:52:36+07:00,2026-07-22T16:44:06+07:00
eb50f725-9700-4fe4-be57-e40cc2ae3385,0699524865,high_risk,93,2,2026-06-23T08:35:59+07:00,2026-07-08T03:59:03+07:00
87fd37bb-cf06-4852-ad1b-82cb0b0cb01d,0669347852,high_risk,99,3,2026-06-24T05:43:06+07:00,2026-08-02T05:11:14+07:00
d4968ecd-2f65-4c43-a549-9481c75358bf,0825623245,high_risk,95,2,2026-06-23T11:54:14+07:00,2026-06-24T01:08:01+07:00
888b34ca-b270-43ae-9937-4539f644ae3b,0950151903,high_risk,91,3,2026-06-24T06:47:01+07:00,2026-07-14T22:01:11+07:00
f16cfdfb-3a4e-4644-96fb-e1cdc885daeb,0913701416,high_risk,96,3,2026-06-23T15:16:21+07:00,2026-07-18T20:05:03+07:00
e3e4df84-2bd8-4c02-af7e-42ed57b9f6f0,0869584081,high_risk,89,2,2026-06-23T02:44:19+07:00,2026-07-07T01:39:15+07:00
3919b1a0-b660-4efa-83bc-b1d22258fac7,0883204778,high_risk,96,3,2026-06-24T05:34:34+07:00,2026-08-05T15:52:10+07:00
21754bb8-b2a0-4b2c-80ed-6f95bf51b761,0970636538,high_risk,93,2,2026-06-23T14:12:07+07:00,2026-07-07T08:31:21+07:00
9bcfaf22-0e37-4872-b175-c561876f5424,0864518207,high_risk,92,2,2026-06-23T23:56:29+07:00,2026-06-30T18:12:31+07:00
c82aec8d-3615-462e-b14d-a8f12247366d,0894772543,high_risk,88,1,2026-06-30T12:14:47+07:00,2026-06-30T12:14:47+07:00
8f5426e1-a9f8-43a4-95f9-ed420511cd4f,0983013479,high_risk,92,3,2026-06-24T15:50:55+07:00,2026-07-11T17:14:26+07:00
bc6d03bb-6f97-4ac3-975b-24b56d760333,0964266204,high_risk,95,8,2026-06-23T19:17:44+07:00,2026-07-28T07:06:03+07:00
c43d8a3c-d39a-4cf8-baab-19acfa7ada65,0612531942,high_risk,90,2,2026-06-26T13:09:06+07:00,2026-06-27T00:47:32+07:00
6b184867-10b1-49d6-a717-12ddb3d033db,0963960243,high_risk,83,2,2026-06-24T16:24:24+07:00,2026-06-29T11:23:43+07:00
4dbdc00e-955c-4799-8d8b-09c375500589,023197285,suspect,79,1,2026-06-25T12:03:54+07:00,2026-06-25T12:03:54+07:00
874a3742-f1de-4767-bf6e-9e04bb5bac76,0875316451,high_risk,97,2,2026-06-24T18:58:22+07:00,2026-06-30T11:11:05+07:00
740dc1e8-de69-413c-9f48-37833b9d375d,0919907922,high_risk,87,2,2026-07-11T17:35:30+07:00,2026-07-11T18:01:38+07:00
3c2d899f-9442-4ab0-875a-b6cea0fdc2e0,0968016349,high_risk,85,1,2026-06-28T04:02:44+07:00,2026-06-28T04:02:44+07:00
3ef1b340-c184-470d-b785-09d3dda32fa7,0672726470,high_risk,99,8,2026-06-25T08:31:05+07:00,2026-07-10T12:28:33+07:00
c7587286-a20f-4a2d-b448-006ce41790a7,0835129783,high_risk,85,2,2026-06-27T09:33:06+07:00,2026-06-29T15:49:06+07:00
80ad60e8-a19f-4834-bc1f-bdf47e4553b5,0673255143,high_risk,99,5,2026-06-26T05:01:56+07:00,2026-07-10T02:23:38+07:00
0bfc08ae-6642-40d1-8495-90d33b68a1fe,0954081338,high_risk,86,1,2026-07-05T03:39:34+07:00,2026-07-05T03:39:34+07:00
d0bad506-40b6-4a66-b5ef-584d030f2969,0997103250,high_risk,87,4,2026-06-26T03:04:06+07:00,2026-07-10T07:20:51+07:00
d645f900-9782-46fe-b8a3-35afc41e16da,0944109250,high_risk,99,2,2026-06-28T18:19:06+07:00,2026-06-30T13:54:25+07:00
2bbdd028-306b-43f8-b7ad-4fb498689fdc,0848428956,high_risk,99,2,2026-06-26T12:46:43+07:00,2026-07-01T19:27:06+07:00
15cfc17f-367c-4923-bd18-95f4616d5ed8,0944085332,high_risk,84,2,2026-06-26T04:15:03+07:00,2026-07-22T06:39:35+07:00
5f28831a-801c-4eb1-8704-d4d46e5b8387,0939374001,high_risk,90,2,2026-06-27T02:43:13+07:00,2026-07-02T15:46:00+07:00
7b863cca-7100-423d-a3f6-7d29771346a2,0977186584,high_risk,93,2,2026-07-06T09:55:18+07:00,2026-07-15T01:41:10+07:00
7dc1f410-7ae8-454a-b5c1-b4e8288554f2,0912216427,high_risk,98,2,2026-06-29T19:28:04+07:00,2026-07-15T22:18:05+07:00
cd4e1f2f-40ce-4148-8e47-8a1d3943d34d,027908815,high_risk,90,1,2026-07-02T04:26:43+07:00,2026-07-02T04:26:43+07:00
d9a1a844-b1f6-4748-a810-14c5a7816054,0877725936,high_risk,84,2,2026-07-09T05:47:08+07:00,2026-07-09T06:06:03+07:00
ee3da1e2-ac58-45c3-b0f6-f4920ee774b2,0929695364,high_risk,91,2,2026-06-27T14:33:40+07:00,2026-07-13T20:41:34+07:00
b07c384a-b00a-473c-8d1b-e05e2f5b993a,0981873509,high_risk,81,2,2026-06-28T13:53:41+07:00,2026-07-19T05:58:52+07:00
11e4ead2-6d18-4808-b768-4a297a3cff9e,0865579196,high_risk,89,3,2026-06-28T01:53:08+07:00,2026-07-14T14:00:12+07:00
9b05dbb1-a511-4746-b1c7-d6c9b5a3e8f3,0687415235,high_risk,91,1,2026-07-06T21:38:57+07:00,2026-07-06T21:38:57+07:00
14c886eb-9bc5-4a5a-abdc-55a50ef22bd4,0940466851,high_risk,91,3,2026-06-29T16:37:58+07:00,2026-07-24T15:57:07+07:00
eed26f84-c844-441b-98bf-1e72eddfa40e,0621831067,high_risk,88,1,2026-07-01T06:36:38+07:00,2026-07-01T06:36:38+07:00
9f681eb4-57c7-4ff5-8067-18e4c7b986a3,0693264776,high_risk,90,3,2026-06-27T17:40:50+07:00,2026-07-12T01:53:58+07:00
9415b825-3ad7-4c06-a8c7-0d37f01bcea2,0993478290,high_risk,94,2,2026-06-28T01:36:44+07:00,2026-06-28T03:01:32+07:00
f52f55c5-487a-4c10-9233-3901ecdbcdfa,0880903844,high_risk,93,3,2026-07-05T18:08:50+07:00,2026-07-26T03:55:54+07:00
29adb6c2-ec68-4096-8bce-150254c03520,0937667082,high_risk,99,4,2026-06-28T05:09:14+07:00,2026-07-21T21:23:19+07:00
4a8215e6-3f50-4662-b929-bc1584ddfb2d,0615649931,high_risk,93,3,2026-06-28T15:36:18+07:00,2026-07-11T17:13:39+07:00
ef16f66d-d361-40e9-978d-0eba49e909d6,0840774953,high_risk,94,2,2026-06-30T10:10:50+07:00,2026-07-15T08:17:27+07:00
e1e62fac-0a44-48e3-aeab-dea53f20cfe0,0679286221,high_risk,87,2,2026-06-27T19:55:59+07:00,2026-07-09T10:57:33+07:00
d6d59c11-890d-409e-bf01-9a37e1ffb3fa,0963001632,high_risk,84,3,2026-06-30T14:12:57+07:00,2026-07-12T17:57:50+07:00
b9cd515f-18dc-42fb-a9b8-8c1fea20f3d8,0652846738,high_risk,99,8,2026-06-30T00:36:13+07:00,2026-07-15T12:21:18+07:00
ea0f298f-f48d-4e68-bbf1-50437db35160,0892744026,high_risk,97,3,2026-06-30T16:18:35+07:00,2026-07-04T20:39:55+07:00
98060ddc-c842-4837-b9b9-6f60fce47154,0892175501,suspect,78,1,2026-06-30T11:04:41+07:00,2026-06-30T11:04:41+07:00
73544767-0f83-47f9-bf41-0a9628db8a95,0894043708,high_risk,93,2,2026-07-09T08:06:20+07:00,2026-07-12T01:39:16+07:00
bb8e8e2e-c0d6-4e71-9eca-b12eea37511f,0835824727,high_risk,87,3,2026-07-14T23:54:35+07:00,2026-08-08T18:53:09+07:00
31c839aa-808f-4856-9d47-75586dadbca3,0853188355,high_risk,91,2,2026-06-30T06:13:58+07:00,2026-07-04T20:56:11+07:00
468ee899-5938-4b63-984c-731d4fe4fe6f,0686902373,high_risk,84,2,2026-07-01T11:48:54+07:00,2026-07-02T02:01:40+07:00
fc3b08ed-dcc9-41e3-bb33-c6fcacd20266,0818423578,high_risk,99,2,2026-07-01T05:24:15+07:00,2026-07-27T23:38:01+07:00
b1b5d4f8-1191-4f85-9658-014e206145e6,0917037769,high_risk,87,2,2026-06-30T22:37:36+07:00,2026-07-12T16:19:33+07:00
273dadd6-be03-4002-8764-6cbf6e15757b,0837732016,high_risk,88,2,2026-07-02T04:49:08+07:00,2026-07-02T06:52:05+07:00
08d75db5-b348-42e0-9d52-e176984b893b,0827817061,high_risk,91,5,2026-06-30T11:56:53+07:00,2026-07-20T21:28:05+07:00
a73982f4-4e43-4fd2-9c04-493350e69942,0983632439,high_risk,84,4,2026-06-30T00:52:19+07:00,2026-07-06T00:05:41+07:00
da012cc1-222a-4020-bd13-149dc36b7260,0623670093,high_risk,99,2,2026-07-02T02:18:42+07:00,2026-07-08T12:15:38+07:00
6c422f1e-6bab-4c21-a92d-fb872b9d0222,0883028257,high_risk,92,1,2026-07-07T01:41:05+07:00,2026-07-07T01:41:05+07:00
0027488c-32a5-48a1-a383-ecccad62eaf4,0893407081,high_risk,86,3,2026-07-01T21:28:49+07:00,2026-07-11T02:49:59+07:00
e79a9e13-11b2-4cd3-ac30-af69bc9f6254,0881405542,high_risk,99,2,2026-07-07T23:43:50+07:00,2026-07-10T02:34:49+07:00
fbc0c154-ec84-45d9-8a66-36ca0b465b23,0911256596,high_risk,93,2,2026-06-30T05:37:29+07:00,2026-07-15T13:49:00+07:00
2935a77b-fa19-4508-b08d-b6c45d358d41,0846912954,high_risk,83,1,2026-06-30T13:17:16+07:00,2026-06-30T13:17:16+07:00
39df7c6a-0b54-4346-9343-0a4e467ed549,0965758006,high_risk,89,2,2026-07-04T19:29:43+07:00,2026-07-06T07:59:02+07:00
511c6526-ce7b-4194-9552-027148a9326b,0829725400,high_risk,83,1,2026-06-30T11:33:15+07:00,2026-06-30T11:33:15+07:00
a77553d1-0501-4380-9de0-0aa5e7eb8b13,0824041101,high_risk,97,6,2026-06-30T09:11:25+07:00,2026-07-05T14:44:36+07:00
ead17d1d-56b1-49b5-9b67-b62421bfc422,0941020375,suspect,79,1,2026-07-10T00:44:14+07:00,2026-07-10T00:44:14+07:00
278e1f32-7a69-4b55-8ab6-00e701b2a802,0981137629,high_risk,89,2,2026-07-01T11:46:52+07:00,2026-07-03T18:41:27+07:00
08626da3-7f4c-413a-8315-084b45de5eaa,021339167,high_risk,83,2,2026-07-01T21:34:40+07:00,2026-07-12T02:57:24+07:00
30f319ef-5080-459b-9758-a66d56339028,0899281031,high_risk,86,3,2026-07-01T09:58:10+07:00,2026-07-11T10:10:02+07:00
8926ecd4-69f2-40eb-bca5-20d5e1a5d957,0941973853,high_risk,99,1,2026-06-30T20:05:11+07:00,2026-06-30T20:05:11+07:00
0ca20d8f-93af-49dc-9936-ac02baeaf318,0814710240,high_risk,84,4,2026-07-01T01:49:02+07:00,2026-07-07T12:49:19+07:00
18f73a90-5373-4408-8dad-cd00aba7348a,0872115526,high_risk,92,3,2026-07-01T15:26:23+07:00,2026-07-14T09:39:39+07:00
d0c6aa7e-88ab-406a-ab72-e8bc4ab8f92b,0982468158,high_risk,87,3,2026-07-06T10:09:32+07:00,2026-07-30T15:39:36+07:00
ced695c3-3488-4836-a22a-cb5aae063798,0823744884,high_risk,92,3,2026-07-02T12:18:01+07:00,2026-07-26T03:56:43+07:00
02c9759b-967a-4900-bcd4-4dd5b4f8a4fc,0853233637,high_risk,92,2,2026-07-01T09:02:03+07:00,2026-07-13T03:02:12+07:00
2ac18aed-1a69-48cb-94a5-59b1cd217c9d,0876566788,high_risk,92,2,2026-07-04T02:45:40+07:00,2026-07-04T07:22:19+07:00
40dc968f-014e-4669-9b01-66ead55efc98,0898558051,high_risk,82,2,2026-07-08T01:03:33+07:00,2026-07-09T10:08:35+07:00
3a96aa56-1930-4989-8352-f34fb058d480,0652787702,high_risk,90,2,2026-07-04T08:27:11+07:00,2026-07-13T18:53:19+07:00
38ab1739-bd89-4105-a0fb-806abf2b346e,0951094376,suspect,78,2,2026-07-02T15:55:27+07:00,2026-07-07T18:23:35+07:00
07213ab9-9fac-4769-a9ae-2812f4d27074,029562272,high_risk,92,2,2026-07-03T08:59:58+07:00,2026-07-09T04:01:48+07:00
be4d97a0-aade-4588-9fd2-1c341dfc4e23,0817813522,high_risk,94,2,2026-07-11T01:47:39+07:00,2026-08-12T17:40:29+07:00
8d8bbf8d-bf63-4732-b102-28c0e6b9ec73,0992715535,high_risk,93,2,2026-07-08T13:02:09+07:00,2026-07-08T13:05:57+07:00
bd971295-dbfe-4fea-843f-46403bf0e2be,0893435437,high_risk,89,5,2026-07-02T21:41:36+07:00,2026-07-19T14:39:21+07:00
6eb2b7bc-099c-42f4-b4e8-f7c8fe43bff0,029321985,high_risk,99,2,2026-07-10T01:07:29+07:00,2026-08-03T17:14:26+07:00
5a46aa96-0af6-440b-b619-f1237f55fa78,0950318038,high_risk,97,3,2026-07-05T11:25:22+07:00,2026-07-12T23:19:38+07:00
a3fd1d14-85fb-459b-aaca-c2291c9c3a9c,0969947625,high_risk,94,4,2026-07-02T23:28:03+07:00,2026-07-19T11:34:35+07:00
8b099ed5-81a1-4ccd-a0dc-63a5e1af45f5,0990460174,high_risk,85,7,2026-07-02T15:35:01+07:00,2026-08-08T06:53:24+07:00
5b856fb2-d709-4aba-b356-38640e718a9a,022970761,high_risk,88,3,2026-07-05T19:34:09+07:00,2026-08-11T21:28:15+07:00
3b493667-323b-4cb6-8c69-8e919af50f8f,0893282132,high_risk,96,2,2026-07-04T12:44:55+07:00,2026-07-04T22:35:28+07:00
82c82baa-2ae9-4a62-9c25-4f0f17fa150c,028298479,high_risk,91,2,2026-07-03T17:48:18+07:00,2026-07-21T03:40:58+07:00
46a42e18-1b42-42e1-9318-a99e88db1859,0694256346,high_risk,88,2,2026-07-04T23:23:18+07:00,2026-07-25T15:37:27+07:00
9e784c1d-ba94-4d15-838e-e24d1095f36b,0984267506,high_risk,89,3,2026-07-03T14:24:27+07:00,2026-07-14T04:37:51+07:00
820a6ec4-6d47-4b39-9719-fc8dfee2c50e,0970950060,high_risk,98,3,2026-07-09T07:08:51+07:00,2026-07-10T20:38:34+07:00
0c648b9b-bd8b-4159-ad53-17eb404f9077,027161178,high_risk,88,5,2026-07-04T11:22:07+07:00,2026-07-23T11:18:45+07:00
9f5fa7fa-a1fa-404f-abae-affb28c84bd1,0829035524,high_risk,99,2,2026-07-10T17:21:38+07:00,2026-07-11T19:07:29+07:00
2bc12507-c02e-4e31-a0e0-d375e5d1bb2a,0641644156,high_risk,84,2,2026-07-07T09:09:01+07:00,2026-07-08T18:44:40+07:00
1738789c-eb69-4195-8462-ddd0cd416f8c,0937781582,high_risk,84,2,2026-07-03T01:42:24+07:00,2026-07-13T23:15:04+07:00
ff8bece0-3f70-491e-b66c-5e8c1b2473c7,0914754850,high_risk,91,2,2026-07-03T14:44:42+07:00,2026-07-25T21:00:16+07:00
60c547fe-87df-4cef-9243-5db0561e1433,0624142902,high_risk,94,2,2026-07-04T13:24:06+07:00,2026-07-19T13:47:12+07:00
f42352da-988b-4c18-a684-46a13b79ece5,0935734490,high_risk,92,3,2026-07-04T12:28:20+07:00,2026-07-13T20:27:32+07:00
9e1233cb-72c9-41b3-af3e-66c6e80729ec,0815505712,high_risk,95,2,2026-07-04T19:07:49+07:00,2026-07-11T06:17:40+07:00
4da52671-7d68-418b-b8c5-77921cbe0db4,021821284,high_risk,99,3,2026-07-03T04:16:36+07:00,2026-07-06T01:46:30+07:00
c01593a3-c0bf-449f-be1e-d0b7a97d7167,0821223121,high_risk,90,3,2026-07-04T02:07:01+07:00,2026-07-26T00:31:40+07:00
9a49c1f0-c0f5-4818-967d-2e959183c374,0820522406,high_risk,90,3,2026-07-04T12:41:40+07:00,2026-07-10T20:12:12+07:00
2b305bb3-13c9-41c2-a8d0-e5d7e7ed267f,0873115649,high_risk,85,2,2026-07-11T21:13:04+07:00,2026-08-03T21:32:04+07:00
03295af4-4f86-49cb-ba13-ca9489855f2e,0919958976,high_risk,85,2,2026-07-04T23:08:52+07:00,2026-07-12T15:00:44+07:00
7512ce8f-7888-4aef-92b7-597daf6fad72,0811950424,high_risk,94,2,2026-07-05T17:33:47+07:00,2026-07-18T20:15:27+07:00
6ab291e2-d737-4125-b7c3-6f74e80b3cd7,0687079861,high_risk,96,3,2026-07-11T19:20:38+07:00,2026-07-23T04:24:37+07:00
4a082802-24d7-40f1-989f-59e33c9749ba,023117521,high_risk,85,2,2026-07-06T18:03:02+07:00,2026-08-07T14:55:46+07:00
2b771385-e6d2-4f28-abba-741e05909917,0897999512,high_risk,91,2,2026-07-12T05:24:14+07:00,2026-07-18T05:25:43+07:00
50612791-616e-43e0-b543-5361e376fb5c,0928131801,high_risk,93,10,2026-07-04T17:46:44+07:00,2026-08-11T18:19:30+07:00
b65d6136-4d26-4eaa-bd14-030838d0fdab,0842560225,high_risk,90,3,2026-07-08T05:55:02+07:00,2026-07-14T05:26:26+07:00
8c56833b-431a-4758-a59a-918ed4f9a794,0920780103,high_risk,88,2,2026-07-08T09:17:45+07:00,2026-07-09T10:36:37+07:00
4b8e5f8b-ddc7-4927-b6f6-01d316ac1b13,0824269964,high_risk,99,3,2026-07-13T12:36:51+07:00,2026-07-31T02:01:46+07:00
65451c64-b970-4538-a5d9-b1450649ba9a,0693890086,high_risk,96,2,2026-07-07T01:54:31+07:00,2026-07-07T02:20:41+07:00
10e94200-5e8b-4640-804c-5319b2b31349,0693846745,high_risk,85,3,2026-07-06T14:20:34+07:00,2026-08-01T10:47:54+07:00
01ca10dc-839f-45d3-828d-746b3dc8394e,0697777207,high_risk,85,2,2026-07-09T13:32:34+07:00,2026-07-14T06:57:26+07:00
8d506a9d-40b6-46ad-a58b-aec313000d67,0694536204,high_risk,85,3,2026-07-10T23:46:58+07:00,2026-08-09T11:58:42+07:00
3ec8b90a-f6b2-4697-b47f-b41fa0723676,0979394882,high_risk,93,1,2026-07-17T17:26:45+07:00,2026-07-17T17:26:45+07:00
ed751fb3-431b-4832-84af-0361e5b2021f,0962717150,high_risk,96,7,2026-07-06T17:11:13+07:00,2026-08-04T14:26:54+07:00
3dec84cc-5819-46eb-883d-c035533292df,0932829536,high_risk,96,2,2026-07-09T05:28:34+07:00,2026-07-16T23:16:07+07:00
dea54839-2f73-4ee6-8954-9881fb7052d4,0869353196,high_risk,87,2,2026-07-07T12:41:57+07:00,2026-07-10T21:01:23+07:00
93f53edf-4472-4ad9-9375-f6725f4ef187,0688229614,high_risk,90,1,2026-07-07T07:15:34+07:00,2026-07-07T07:15:34+07:00
13d73f73-11df-4485-8f35-043bf936f650,0965962989,high_risk,92,2,2026-07-10T08:47:08+07:00,2026-07-12T19:58:35+07:00
4e1a8a33-a98c-46e6-ac7c-bb6c58fb1cae,0643337739,high_risk,87,2,2026-07-07T08:40:41+07:00,2026-07-12T11:54:02+07:00
b6f21e1f-43fa-42ba-80f6-20ec52459614,0886656632,high_risk,94,3,2026-07-08T01:17:49+07:00,2026-07-28T00:16:09+07:00
c48217c2-287b-4824-a10f-91c0745c374d,0956031292,high_risk,93,1,2026-07-17T01:39:59+07:00,2026-07-17T01:39:59+07:00
273ba9a8-c743-46fc-a319-a05e0e7f73e1,0846041839,high_risk,94,2,2026-07-14T21:28:27+07:00,2026-07-25T20:50:37+07:00
72d5faf3-3164-49a9-b872-c6c84b8cbf3d,0631582485,high_risk,99,3,2026-07-09T13:14:50+07:00,2026-07-18T14:39:38+07:00
1a1b9305-ac3e-4ac5-9b71-451dcca1e8d1,0916276254,high_risk,98,4,2026-07-09T03:04:04+07:00,2026-08-16T07:28:31+07:00
26f1745f-4caa-45d0-b6a4-7bc7e0d9e58c,0976828238,high_risk,86,2,2026-07-07T05:27:56+07:00,2026-07-20T17:12:53+07:00
20b99c7e-6970-46a2-999e-1bcb69fecfdc,0630145343,high_risk,87,2,2026-07-11T09:16:55+07:00,2026-08-09T12:46:55+07:00
a60bb39f-2635-4d0a-82f7-3d94e4e3a2be,0881518357,high_risk,95,4,2026-07-07T07:30:46+07:00,2026-07-16T23:58:51+07:00
f3a0bb02-8b06-437e-abdd-2a7bc655df6c,0677518366,high_risk,93,3,2026-07-07T09:38:42+07:00,2026-07-24T12:53:11+07:00
cb41c8b3-16c5-4857-ad63-4e446d8c8c19,0865802110,high_risk,84,2,2026-07-08T09:43:31+07:00,2026-08-13T17:03:16+07:00
82ceec81-0543-44fe-87dc-d4e37eb4e0bd,0858135643,high_risk,92,3,2026-07-09T13:05:20+07:00,2026-07-17T23:09:03+07:00
5cef50c6-05e8-4ff1-8717-a78f87ebe0c0,0629237536,high_risk,95,2,2026-07-09T09:24:38+07:00,2026-07-09T17:58:41+07:00
81975b14-b750-4b63-8e21-27685f8254b4,0999865880,high_risk,84,3,2026-07-11T12:34:27+07:00,2026-07-25T03:00:14+07:00
a5a2da4e-3354-4e44-a3c6-d98efc901598,0914136733,high_risk,93,3,2026-07-09T04:41:20+07:00,2026-08-03T20:58:20+07:00
3ab5759c-6d77-4de1-a4aa-f9e5ab270273,0884770798,high_risk,90,3,2026-07-08T17:31:50+07:00,2026-07-12T21:28:24+07:00
688cfb8b-68cc-4f80-9f0f-e2072153da65,0611614808,high_risk,91,2,2026-07-13T08:04:53+07:00,2026-07-16T20:31:28+07:00
aafb20df-922c-4273-aec2-f4bffb1c6b50,0657253396,high_risk,97,3,2026-07-09T03:19:54+07:00,2026-07-22T11:48:50+07:00
ee572dd1-06b4-41ad-b7c1-634ccc0370ac,0689759929,high_risk,91,3,2026-07-11T17:52:52+07:00,2026-07-21T11:48:47+07:00
66d87996-fc05-410b-96f9-9e0035a42f45,0931836835,high_risk,89,3,2026-07-09T15:31:44+07:00,2026-07-11T20:24:47+07:00
cc839b0a-9df9-4b7f-bbb8-1720a65e0142,0870097883,high_risk,94,2,2026-07-15T01:11:36+07:00,2026-07-19T09:20:22+07:00
28fda0f4-0eef-496e-8177-d08271c21fba,0858797796,high_risk,86,4,2026-07-09T08:09:05+07:00,2026-07-22T14:04:07+07:00
70eff0ff-e8d2-4c8c-b58b-29e95f6ca8e4,0895704073,high_risk,94,2,2026-07-14T02:51:13+07:00,2026-07-29T15:35:33+07:00
ed4bc330-b09e-4a90-940c-36fdff68dca0,0611616629,high_risk,99,2,2026-07-09T19:03:33+07:00,2026-07-18T11:50:54+07:00
c9e25ae0-a9bb-47ea-b129-8901f9ccc307,0870387007,high_risk,98,3,2026-07-13T00:08:10+07:00,2026-07-21T12:35:48+07:00
c16aec7e-87c3-4e11-9868-3bb2ca7b2b97,0831113111,high_risk,85,2,2026-07-14T12:56:44+07:00,2026-07-26T18:10:01+07:00
5fb773e0-bbd6-4541-bf17-651abfeeb9b8,0987630302,high_risk,87,2,2026-07-15T12:29:24+07:00,2026-07-18T21:12:37+07:00
aeab102c-7bd3-4eec-9018-5e4de59d9037,0922065505,high_risk,81,1,2026-07-09T13:29:43+07:00,2026-07-09T13:29:43+07:00
3af23cae-7f7e-4da4-b0de-29cafbdc0f36,0917132894,high_risk,93,7,2026-07-10T02:12:03+07:00,2026-08-09T01:23:18+07:00
027e8bb9-483c-4775-94a8-07434b880e9c,0928837410,high_risk,94,2,2026-07-10T19:04:24+07:00,2026-07-30T00:16:11+07:00
45c907e4-5449-47c9-8d68-8381ffa99d35,0855564830,high_risk,83,3,2026-07-12T00:30:31+07:00,2026-07-22T08:36:04+07:00
68770c63-02c3-4ae3-9081-3d0d507375d0,026063040,high_risk,93,5,2026-07-09T14:08:45+07:00,2026-07-16T07:30:27+07:00
c68f8ff5-f6b0-4a54-b34f-17e6f4e26278,029307619,high_risk,99,3,2026-07-11T18:23:13+07:00,2026-07-24T07:35:25+07:00
cb58e4cc-ea2c-46ba-b22b-ae4121e8a616,0983727481,high_risk,94,3,2026-07-12T08:50:49+07:00,2026-07-20T19:25:15+07:00
fdaf9099-af50-4c7b-85fc-ba5a52bc4ef8,0893577074,high_risk,90,4,2026-07-13T20:02:28+07:00,2026-08-11T04:11:23+07:00
52869c06-0027-4168-955e-4012eed61325,0850321098,high_risk,94,3,2026-07-10T05:30:57+07:00,2026-07-25T08:40:14+07:00
c347445d-f956-4168-87b6-92650a737abb,0895640064,high_risk,89,2,2026-07-13T09:36:02+07:00,2026-07-17T06:21:48+07:00
d6afaefb-09ad-4863-9500-1227659770e3,0815012928,high_risk,99,10,2026-07-10T17:59:56+07:00,2026-08-05T16:41:32+07:00
5dc2c8d2-25db-4bba-9d8b-2af9d4951284,0867759552,high_risk,90,4,2026-07-12T00:36:12+07:00,2026-07-19T00:39:58+07:00
90dbde3b-183b-4023-a89f-b7af1b9599a3,029896744,high_risk,89,2,2026-07-12T11:17:59+07:00,2026-07-13T02:23:43+07:00
ad52ef41-9a63-4490-94b8-796e24c1f436,0884582360,high_risk,89,4,2026-07-09T18:56:36+07:00,2026-07-31T15:10:09+07:00
27fd04d1-726d-46ee-ac10-2b3ddc686e63,0677297609,high_risk,89,3,2026-07-12T02:17:39+07:00,2026-07-30T09:58:22+07:00
060c5ffa-8c9b-41ed-859f-8e9ee7a3b114,0828802832,high_risk,97,4,2026-07-16T01:55:14+07:00,2026-08-08T22:23:28+07:00
74762a15-444e-4c66-8302-ab96965d4987,0977151268,high_risk,98,1,2026-07-13T04:18:56+07:00,2026-07-13T04:18:56+07:00
18dfc497-9804-4f97-aa26-f453d709797c,0974192318,suspect,76,2,2026-07-11T22:15:49+07:00,2026-07-11T22:37:05+07:00
8402b719-37c3-412a-8729-01fafea6be24,0967440452,high_risk,81,3,2026-07-11T19:34:17+07:00,2026-08-01T18:56:01+07:00
67a6f695-f787-4fe2-a6a4-595ae1de694c,026599453,high_risk,91,2,2026-07-13T12:31:00+07:00,2026-07-27T15:28:45+07:00
81a51865-5e6a-4abf-8848-c119ba5784ad,0955050252,high_risk,90,2,2026-07-11T23:38:30+07:00,2026-07-16T03:54:41+07:00
9b9ad031-043b-440b-bd7a-7b33e0e14d49,029503162,high_risk,99,9,2026-07-11T13:36:52+07:00,2026-07-29T11:26:03+07:00
2f4dd8c7-dbca-48f2-a6f2-5404be3cbd6e,0965579007,high_risk,84,1,2026-07-14T17:05:53+07:00,2026-07-14T17:05:53+07:00
b230e61a-5cd4-47c3-81fd-0cb55babd9fd,0673793257,high_risk,99,2,2026-07-11T18:17:17+07:00,2026-07-23T06:22:59+07:00
e6e8d37f-097b-473f-be59-76c3969e3b30,0936296390,high_risk,91,1,2026-07-15T00:47:18+07:00,2026-07-15T00:47:18+07:00
b1c013da-9ba9-4be2-811a-b09c91ec7f22,0891461768,high_risk,99,7,2026-07-13T15:51:24+07:00,2026-08-17T22:04:02+07:00
a8776c3e-0774-41f0-9eb8-86873bed1e73,0913903847,high_risk,89,2,2026-07-18T12:47:39+07:00,2026-07-27T21:37:01+07:00
7a9869f6-6c3e-4bc9-bb92-4aa0ddebd472,0825305563,high_risk,92,2,2026-07-12T04:45:15+07:00,2026-07-27T02:57:43+07:00
4710697e-48a4-4a57-b2fc-426ba87191aa,0943451732,high_risk,84,1,2026-07-18T00:39:27+07:00,2026-07-18T00:39:27+07:00
7cc2b3bf-253c-415a-811f-18819a23daed,0945453336,high_risk,82,2,2026-07-23T02:20:26+07:00,2026-08-02T05:11:25+07:00
20cc9bb0-6a86-498a-9336-9280b4dbfb74,0971758121,high_risk,84,3,2026-07-17T10:04:53+07:00,2026-07-19T10:30:04+07:00
b1eaec42-03a7-4da3-b7ad-e868af3132e4,0845799113,high_risk,91,3,2026-07-15T13:36:59+07:00,2026-07-31T02:52:29+07:00
4246a6c6-7701-42e7-ac91-14224e7b9c4d,0917667266,high_risk,87,2,2026-07-25T19:18:37+07:00,2026-08-11T17:40:21+07:00
5333c9e1-8a15-4863-83d1-59b5f2f6d6cc,0841987405,high_risk,91,2,2026-07-16T20:54:50+07:00,2026-08-09T05:00:16+07:00
f5b3aa8b-147e-4fcc-9e73-822474873340,0823724423,high_risk,83,2,2026-07-15T15:10:45+07:00,2026-07-17T16:05:12+07:00
9402ba34-0d8e-4830-b03c-0d64fdc7e227,0643236770,high_risk,89,2,2026-07-15T03:50:14+07:00,2026-08-01T12:51:25+07:00
590ff14b-2ce2-42a9-9e05-5db5312410af,0813804729,high_risk,89,1,2026-07-14T19:02:00+07:00,2026-07-14T19:02:00+07:00
2098df41-2a6f-493a-b287-0396a03751ed,0641096960,high_risk,88,2,2026-07-16T20:14:42+07:00,2026-07-23T09:17:57+07:00
08e25e1f-dba8-45fa-b031-09f0c5cb20ca,0660247623,high_risk,99,3,2026-07-16T15:31:58+07:00,2026-08-17T10:52:24+07:00
282e931c-9ff1-4760-bb04-add8eb51e1e8,0838957072,high_risk,93,2,2026-07-17T03:20:58+07:00,2026-08-03T01:02:00+07:00
08754080-e0ef-42d9-946b-5032b13a698a,0675814867,suspect,79,1,2026-07-14T15:34:59+07:00,2026-07-14T15:34:59+07:00
2349f9d8-b62f-4e62-a058-3903442685ab,0988786401,high_risk,94,1,2026-07-16T05:12:08+07:00,2026-07-16T05:12:08+07:00
cee9cb77-c884-4092-8593-df835f3a65a9,0878552415,high_risk,97,2,2026-07-18T14:50:43+07:00,2026-07-22T07:29:35+07:00
3caa3492-f9ab-4de3-92bc-ff9bb45bdbcc,0634623131,high_risk,91,2,2026-07-14T23:56:47+07:00,2026-07-16T15:33:25+07:00
58d5db3f-e084-4788-9647-fd9820d44cbb,0897363306,high_risk,99,13,2026-07-14T07:25:13+07:00,2026-08-23T09:16:15+07:00
d96b5a48-6e33-4d73-9057-f8b0a3dfc750,0877508984,suspect,79,1,2026-07-19T14:59:47+07:00,2026-07-19T14:59:47+07:00
a74793e6-9c47-4e07-85fc-f3a7d753234f,0946190867,high_risk,94,2,2026-07-14T14:25:44+07:00,2026-07-14T23:07:18+07:00
de12e1b3-ef31-47ed-a208-06bcc7a5fabd,0689806965,high_risk,86,2,2026-07-18T09:07:35+07:00,2026-07-18T22:18:45+07:00
d40d73df-eb46-4e4e-aad7-982fe6759965,0836758188,high_risk,93,2,2026-07-19T19:07:06+07:00,2026-08-09T18:06:32+07:00
c27e7e87-f365-4747-bcce-4330b6ceaf9d,0896760775,high_risk,94,1,2026-07-15T06:34:43+07:00,2026-07-15T06:34:43+07:00
78cc21d2-fec0-42b7-a317-fe37b5cdf36f,0974580628,high_risk,93,2,2026-07-18T14:41:16+07:00,2026-08-01T18:55:36+07:00
9e28046e-4aa9-4e8c-9e3e-81b8cafaacfd,0971004492,high_risk,84,2,2026-07-16T20:42:12+07:00,2026-07-25T08:16:48+07:00
8a784261-3561-4a5f-baa3-3adbde12551a,0646378242,high_risk,96,3,2026-07-19T03:51:06+07:00,2026-08-17T23:23:26+07:00
e21cdba9-f0f5-4e5e-ace1-61baf42cf3ad,0946665155,high_risk,89,2,2026-07-17T07:40:21+07:00,2026-08-06T22:55:22+07:00
a35e1c09-1464-4f6a-9ca2-394acf3131d0,0979351082,high_risk,90,2,2026-07-16T11:49:44+07:00,2026-07-23T18:45:10+07:00
42694c11-a8c0-484e-b55f-e8c7e69d7ca5,0963283290,high_risk,93,3,2026-07-16T07:58:43+07:00,2026-07-27T11:01:08+07:00
3533cbdb-00bc-4663-b453-7d4188141c28,0842204983,high_risk,84,2,2026-07-16T19:49:42+07:00,2026-07-23T07:54:16+07:00
541b8e1c-3615-45ca-a965-83b40ca95fcc,0911529060,high_risk,87,2,2026-07-15T18:06:19+07:00,2026-08-01T05:44:23+07:00
37098b25-743e-4b1e-abfc-2ca67645ad0b,0949088130,high_risk,97,1,2026-07-18T19:57:55+07:00,2026-07-18T19:57:55+07:00
9c2601f7-07d4-454c-a7f0-093652ae4af0,0633944440,high_risk,84,2,2026-07-15T05:41:00+07:00,2026-07-15T06:03:59+07:00
e02c82fc-3e46-482b-b7ab-8f1044d28136,0855944000,high_risk,99,2,2026-07-18T11:08:23+07:00,2026-07-18T12:05:26+07:00
1cfae51f-f0d7-4143-a6e7-be0bd66f469a,0990175217,high_risk,93,3,2026-07-16T14:37:56+07:00,2026-08-14T15:54:40+07:00
a0833fc6-eb99-49fc-8c4c-974f4cffb1c4,0625556441,high_risk,94,3,2026-07-24T20:19:01+07:00,2026-08-01T03:28:39+07:00
e6c17aed-084b-4aa7-bbda-6c736a68fe45,0913703597,high_risk,90,3,2026-07-16T05:29:11+07:00,2026-08-04T14:20:18+07:00
23c966e1-3575-4ba1-8a6d-99081e00bb6f,0933980169,high_risk,84,2,2026-07-20T04:04:59+07:00,2026-08-04T20:28:18+07:00
7051133c-6a47-4a74-b53c-7e3dd3db0428,0913855006,high_risk,99,8,2026-07-16T14:47:29+07:00,2026-08-20T17:37:24+07:00
d47a0465-cbc2-4422-a69b-8d62c2154473,0946002465,high_risk,90,2,2026-07-15T18:59:26+07:00,2026-08-01T03:07:50+07:00
bb34fa94-09df-4463-be08-678f7f9cfe4d,0936166150,high_risk,85,3,2026-07-17T00:47:42+07:00,2026-08-16T02:23:52+07:00
064e873e-d421-4ebf-bca6-33e87766ea46,0862120646,high_risk,90,3,2026-07-17T19:58:15+07:00,2026-08-07T06:15:06+07:00
af83ff25-a565-4dcc-82f0-1b83357ea151,0832222769,high_risk,92,1,2026-07-18T17:21:34+07:00,2026-07-18T17:21:34+07:00
35c1e9aa-0034-496a-8b67-fe518a6b0c45,0964502060,high_risk,95,4,2026-07-18T10:50:48+07:00,2026-07-19T22:24:19+07:00
262fa5d9-e601-49ae-9fa8-9b02d3ada8ea,0899632139,high_risk,91,3,2026-07-18T05:48:13+07:00,2026-08-02T10:56:10+07:00
eb197692-df21-4cfb-8712-a8586d4ca0a2,0926290835,high_risk,87,1,2026-07-17T07:38:09+07:00,2026-07-17T07:38:09+07:00
ba6a65d4-3618-47c2-891b-58d6742976bf,0966663035,high_risk,96,2,2026-07-20T09:11:11+07:00,2026-07-28T01:38:36+07:00
aa0faafc-68d3-48bd-b456-a1ccb736b48b,0865435950,high_risk,86,2,2026-07-17T07:04:05+07:00,2026-07-22T23:37:31+07:00
46ebfb9a-8389-484e-8389-662fa6bceed3,0877339235,high_risk,84,2,2026-07-17T21:41:23+07:00,2026-08-06T02:35:49+07:00
966e9655-096d-4a16-b67b-12be4550f4da,0623570103,high_risk,89,2,2026-07-16T23:25:57+07:00,2026-07-31T02:58:48+07:00
10970f8b-9b4a-42ad-80c7-cff2a3cc9426,0617810871,suspect,77,1,2026-07-18T09:19:27+07:00,2026-07-18T09:19:27+07:00
e98ee88f-019f-47d1-9a69-dab372e53849,0842851046,high_risk,96,3,2026-07-17T14:10:31+07:00,2026-07-27T17:22:58+07:00
1e50e874-ca10-48c9-9eb9-384d942bd849,0625467781,high_risk,87,2,2026-07-26T09:05:21+07:00,2026-08-10T06:00:54+07:00
c66d99ae-4cc1-4418-b6d0-d090fc2be81f,0897531658,high_risk,88,4,2026-07-18T06:43:57+07:00,2026-07-29T05:06:34+07:00
918be2fa-868a-4516-9744-a43dc17014ee,0858154248,high_risk,97,2,2026-07-19T01:01:11+07:00,2026-08-15T21:45:56+07:00
206cb5f0-e430-44f4-af06-0ac5959a19f2,0956188876,high_risk,96,7,2026-07-18T21:40:49+07:00,2026-08-24T10:10:01+07:00
08733abf-09c8-45c2-9a4f-3fb280e1b880,0968316675,high_risk,95,5,2026-07-18T16:15:56+07:00,2026-07-31T20:13:02+07:00
9c04d360-d2dd-4db2-b7cb-a8c8cc47fa98,0950103167,high_risk,99,4,2026-07-17T21:57:06+07:00,2026-08-03T00:08:23+07:00
7af220c1-c1a9-47c4-8dac-c73a7fc7eae8,0988158428,high_risk,93,2,2026-07-19T05:09:44+07:00,2026-07-28T11:59:32+07:00
cd8f0d34-b9db-4927-8326-9acf57ba6385,0894212370,high_risk,87,2,2026-07-19T11:31:10+07:00,2026-07-23T06:32:32+07:00
71acc017-6790-4eb6-8daf-52b5adf0c6de,0861371089,high_risk,94,5,2026-07-18T08:37:07+07:00,2026-08-22T06:36:09+07:00
28eb7440-6f10-4325-9d92-3f34420810eb,0947854211,high_risk,87,1,2026-07-24T13:16:34+07:00,2026-07-24T13:16:34+07:00
4a13808a-16d5-4b2f-b668-d16f731f7f8f,0621907495,high_risk,95,4,2026-07-18T02:45:12+07:00,2026-08-08T10:31:47+07:00
dce14c0b-74fc-42ec-8ee5-c0929beec984,0839333779,high_risk,95,2,2026-07-23T03:07:05+07:00,2026-07-28T02:39:32+07:00
814ea4c8-894d-4de5-ad83-cee6cdefb878,0937181964,high_risk,92,4,2026-07-23T09:47:11+07:00,2026-08-11T04:42:21+07:00
97894787-751c-491f-8d2e-0f2f6445ac9d,0898251295,high_risk,92,2,2026-07-19T16:03:49+07:00,2026-08-05T01:19:32+07:00
7e6b2c92-990e-49bf-abc9-dc7ec708a59a,0691439606,high_risk,85,2,2026-07-22T04:53:13+07:00,2026-07-28T01:02:00+07:00
0abfd748-0382-424e-969b-05ff32497719,0867983482,high_risk,85,1,2026-07-22T06:57:59+07:00,2026-07-22T06:57:59+07:00
7715ae09-d98a-4903-8eb5-62b2133eabda,0672823335,high_risk,89,3,2026-07-22T03:24:44+07:00,2026-08-12T17:43:21+07:00
137383f8-87ab-4bc5-a0ee-3fc36b84bda2,0838803537,high_risk,94,3,2026-07-22T23:47:07+07:00,2026-08-10T23:03:29+07:00
494e640a-168e-4ab6-959e-af271c2a595f,026787747,high_risk,93,2,2026-07-28T12:53:33+07:00,2026-08-09T10:12:52+07:00
6ed6e745-51d7-487e-a2a0-dea8a5e5e2a8,0899018258,high_risk,90,2,2026-07-21T18:47:49+07:00,2026-08-11T12:31:07+07:00
42634234-23bf-443c-9f1b-dc5c8e0b836f,0830837900,high_risk,86,1,2026-07-20T20:13:53+07:00,2026-07-20T20:13:53+07:00
11c19f79-ed4a-4d2e-be59-c52c2d69e208,0967858064,high_risk,87,3,2026-07-21T07:52:50+07:00,2026-07-27T12:31:32+07:00
958ff1fe-7376-4a66-b000-b2a7e215fec2,0920289772,high_risk,93,3,2026-07-21T00:13:14+07:00,2026-07-31T02:57:06+07:00
bddd63c3-7799-45b7-b8f2-db4a9b059681,0666098522,high_risk,91,2,2026-07-26T01:29:04+07:00,2026-07-29T08:25:04+07:00
2ea31b2f-d432-415c-99e9-59c9cd1bd7f6,0629246853,high_risk,97,3,2026-07-20T11:59:15+07:00,2026-08-30T15:37:11+07:00
723b3bbc-424f-442b-9fad-c5e8f50b99d2,0650771618,high_risk,85,2,2026-08-07T09:38:53+07:00,2026-08-10T06:33:30+07:00
d4500e43-11a5-46a6-9fef-702c87dd9b29,0947378359,high_risk,91,2,2026-07-22T20:56:08+07:00,2026-07-25T15:56:36+07:00
64d0dfe1-a502-4aeb-99b9-7eef59c3cf78,0839332880,high_risk,87,1,2026-07-23T14:26:15+07:00,2026-07-23T14:26:15+07:00
02f57892-d092-4da9-a154-e10924865587,0996594456,high_risk,95,3,2026-07-24T22:11:58+07:00,2026-07-27T22:27:39+07:00
d2897709-54f0-44b4-8ae7-c073fed536a3,0871987141,high_risk,92,2,2026-07-21T21:48:14+07:00,2026-07-28T12:15:13+07:00
ec0a18de-c177-4b9d-bd0d-d63ae8aee46f,0692010191,high_risk,99,3,2026-07-20T09:55:28+07:00,2026-07-29T22:16:17+07:00
42924c00-4425-45b4-9554-1863f5b98bc3,0814544520,high_risk,93,2,2026-07-22T04:21:55+07:00,2026-07-26T06:39:27+07:00
c91dc384-c470-49ce-a625-d16e3dbcf393,0969915267,high_risk,95,3,2026-07-21T10:13:39+07:00,2026-07-29T12:11:27+07:00
df6826fd-eeb5-4968-8467-611a91081496,0887759669,high_risk,92,1,2026-07-23T16:03:10+07:00,2026-07-23T16:03:10+07:00
c009efcc-e5a4-4681-bc20-4173e1a57719,0987205713,high_risk,85,2,2026-07-22T16:45:13+07:00,2026-07-22T22:29:11+07:00
8f5a3c57-d805-4485-b8d6-9572ae19c425,022675468,high_risk,86,2,2026-07-22T13:24:28+07:00,2026-08-17T06:04:46+07:00
d86f5737-db4b-4cba-9edd-9e71e0fccf4d,0844250285,high_risk,95,1,2026-07-21T00:51:11+07:00,2026-07-21T00:51:11+07:00
a1fa164d-62f5-4ecc-a58d-1a840da44a37,0624098587,high_risk,96,3,2026-07-21T12:06:11+07:00,2026-08-21T09:02:13+07:00
a66733e1-8338-4e08-a083-81e2bbbc3766,028115707,high_risk,92,2,2026-07-22T21:38:07+07:00,2026-07-25T06:38:38+07:00
37101e5b-fd1d-409e-bcd2-057851570621,0972808408,high_risk,93,5,2026-07-22T06:23:56+07:00,2026-08-16T16:57:43+07:00
68f36447-81d3-4699-9589-51f097f3a230,0955528966,high_risk,99,4,2026-07-22T13:17:34+07:00,2026-08-13T07:00:03+07:00
1895abad-bc40-4abe-a21b-4cfd731805d0,0965475763,high_risk,96,4,2026-07-22T02:49:52+07:00,2026-07-31T04:56:46+07:00
6c809ad2-cf35-4767-98de-0c833140490e,0943976100,high_risk,90,6,2026-07-23T14:29:48+07:00,2026-08-18T10:24:48+07:00
7285c4b6-20a5-4e7b-95d2-1bde1d982c84,0643785121,high_risk,87,2,2026-07-24T05:36:04+07:00,2026-07-27T09:15:40+07:00
bd6525e5-6477-4948-a08b-a9c5dac81369,0856808990,high_risk,96,6,2026-07-22T13:49:34+07:00,2026-08-12T01:41:20+07:00
e706bd41-6ccb-40bf-9165-144f2f0a46b5,0936421290,high_risk,90,2,2026-07-22T09:56:10+07:00,2026-08-27T19:51:43+07:00
1f631d63-6543-4993-97c1-49a2bf146ddd,0875039632,high_risk,91,2,2026-07-24T02:00:53+07:00,2026-08-06T19:01:56+07:00
28f31fb4-b355-4704-baef-9de806946199,0812698816,high_risk,91,2,2026-07-22T19:15:02+07:00,2026-07-27T11:36:57+07:00
4404a8fd-7411-4a97-9a0a-b4556a611ed9,0899853974,high_risk,90,3,2026-07-23T21:18:32+07:00,2026-08-07T21:05:25+07:00
d7a3fdbd-1dbc-4d5d-89d4-9e08157f60c0,0888858330,high_risk,95,2,2026-07-24T17:07:43+07:00,2026-07-26T22:00:38+07:00
0ea05533-9fb4-434a-b46f-8d8917f5765d,0858429257,high_risk,91,5,2026-07-23T19:09:53+07:00,2026-08-23T17:50:23+07:00
62f74c5d-085e-44ea-9938-47852229a7bb,0997964870,high_risk,91,5,2026-07-22T21:39:10+07:00,2026-08-03T18:40:11+07:00
d9049236-b210-4ba1-a358-3b5ff750199d,0953139881,high_risk,92,4,2026-07-24T16:38:41+07:00,2026-08-04T19:14:21+07:00
a6282de7-bba6-476f-b8f1-c19f3bb46c90,0843513092,high_risk,92,2,2026-08-01T14:57:17+07:00,2026-08-12T16:37:28+07:00
80489b42-4fcf-4f68-8494-779c0c5c4116,0615955707,high_risk,99,4,2026-07-27T23:42:33+07:00,2026-08-13T05:30:57+07:00
293f3dcf-975e-403c-80f1-397f8ca8cc6e,0843100061,high_risk,97,3,2026-07-23T03:21:48+07:00,2026-08-30T00:31:01+07:00
2d631aaa-03e5-46db-9614-acdd7f46bae4,0647737024,high_risk,99,2,2026-07-23T02:59:56+07:00,2026-08-11T17:01:10+07:00
fb0ddbd3-29a7-4dbe-959e-a7bd204fe584,0675771585,high_risk,83,2,2026-07-28T01:57:07+07:00,2026-07-30T08:10:14+07:00
8103f35f-9072-4a35-b862-64bc831e71cb,0917465551,high_risk,92,2,2026-07-26T03:43:36+07:00,2026-07-26T04:54:03+07:00
b88c84ac-2364-41b4-9b5b-c0fc6233fb90,0974879578,high_risk,95,3,2026-07-23T14:43:49+07:00,2026-08-18T19:01:23+07:00
cb9e592c-b6b6-4e47-8a4a-09afed678794,0897782519,high_risk,97,3,2026-07-25T20:17:28+07:00,2026-08-12T11:34:20+07:00
3d3702a9-355d-423c-b950-f9809dd85fde,0820488381,high_risk,91,2,2026-07-25T08:12:52+07:00,2026-08-25T03:29:08+07:00
c9acc90b-49c2-473a-8ea3-fc917f504732,0920445215,high_risk,92,2,2026-07-26T12:11:52+07:00,2026-08-06T00:37:22+07:00
d7d8d3f2-4b09-4c4a-b495-59878bb7c2b3,0833088467,high_risk,82,3,2026-07-29T01:34:08+07:00,2026-08-03T16:17:58+07:00
4c4dd92a-f224-4182-bbe2-01c3e000913e,0882755297,high_risk,99,2,2026-07-28T09:41:32+07:00,2026-08-15T13:19:27+07:00
03fe0cb2-f0d1-4c14-b95e-20aa8e0427ad,0653678561,high_risk,88,3,2026-07-24T06:45:27+07:00,2026-08-31T05:20:24+07:00
a22ec4dd-ee53-4639-9761-e000304b31ed,0921186868,high_risk,91,2,2026-07-30T19:37:43+07:00,2026-08-15T03:44:21+07:00
604097c1-0bbd-44af-acd7-afae452ca63d,0871314451,high_risk,99,6,2026-07-24T21:09:54+07:00,2026-08-02T00:11:06+07:00
661e77c3-5361-4eeb-9817-fb8596e3f843,0897317903,high_risk,86,2,2026-07-26T06:36:09+07:00,2026-08-31T13:24:22+07:00
cf69af63-333c-47b5-88a8-c6a5a548061a,0819781430,high_risk,85,1,2026-07-31T01:11:07+07:00,2026-07-31T01:11:07+07:00
e5f72369-0be9-4b5d-96e4-d24fd4de505a,0659075173,high_risk,98,2,2026-07-25T17:40:48+07:00,2026-08-14T02:06:55+07:00
311a1d75-e72c-4e0a-9aa6-598d4500dfd0,0843098401,high_risk,89,2,2026-08-05T10:25:14+07:00,2026-08-05T12:37:15+07:00
da2301ae-714f-420a-a654-2208ee7e280d,0975877459,high_risk,91,2,2026-07-31T16:20:23+07:00,2026-08-04T08:16:15+07:00
8dff6390-4ae8-4991-8720-94dac1273693,028686948,high_risk,94,4,2026-07-25T15:50:55+07:00,2026-08-11T01:58:04+07:00
ef741a8f-bd5d-49ac-8c85-a205fc8b5184,0895276546,high_risk,84,1,2026-07-30T14:14:08+07:00,2026-07-30T14:14:08+07:00
4cd74da0-a22b-4003-ae04-cb9ec4e22db0,0992016136,high_risk,98,3,2026-08-04T14:39:35+07:00,2026-09-09T08:55:26+07:00
860ef641-ac61-4536-b5a5-f1ce5afcc5dd,0846574830,high_risk,93,3,2026-07-24T21:07:03+07:00,2026-08-03T21:52:27+07:00
0318c48f-0e47-476d-b8f1-0384ce34aecb,0690661531,high_risk,93,3,2026-07-29T22:58:24+07:00,2026-08-17T02:46:01+07:00
e6d4d632-872d-4990-bf60-dec84d255b4c,0937906849,high_risk,91,3,2026-07-26T06:34:39+07:00,2026-08-12T11:57:24+07:00
31cad716-632a-4a38-aba4-737872c61412,0651220352,high_risk,86,2,2026-08-02T16:48:24+07:00,2026-08-31T20:25:18+07:00
67058518-f27e-4259-8f2a-364c67d1f917,0834708807,high_risk,98,2,2026-07-30T10:12:01+07:00,2026-09-02T15:24:46+07:00
c83eed47-22ac-4080-8365-d316a0d36906,0639380219,high_risk,87,3,2026-07-27T19:16:55+07:00,2026-08-03T04:50:22+07:00
62dbf302-f09a-4cf2-83de-cb8b3b8875a4,0919123815,high_risk,92,3,2026-07-26T20:01:28+07:00,2026-07-30T20:24:09+07:00
aa8e11e4-6ca4-4ae3-b412-109009e9d3c9,0835671051,high_risk,90,2,2026-07-28T05:46:41+07:00,2026-07-31T03:55:01+07:00
0863da20-453d-4a21-b64d-2b2c0ae88538,022521233,high_risk,97,3,2026-07-30T23:48:13+07:00,2026-08-24T03:42:13+07:00
1dcdcad7-d5c6-40dc-824d-4e939f22806e,025942343,high_risk,93,2,2026-07-29T18:02:59+07:00,2026-08-28T09:51:23+07:00
dd9ae813-ca1c-47f8-a118-b4ffb1158c9a,028843826,high_risk,98,3,2026-07-26T16:07:02+07:00,2026-08-19T11:19:05+07:00
c188dcf6-44a7-4da4-ba50-07d81fec1b95,0823648001,high_risk,85,3,2026-07-27T10:26:33+07:00,2026-08-13T02:58:36+07:00
f83294a9-5dfb-423a-ac92-a79be32f809a,0927908381,high_risk,90,1,2026-07-31T03:21:11+07:00,2026-07-31T03:21:11+07:00
5bc67c74-da9d-41a9-92af-9dede302598d,0974029968,high_risk,99,3,2026-07-27T03:23:30+07:00,2026-08-12T06:19:02+07:00
e1f0a4c5-fce5-4964-90a5-57246dfe9998,0893035934,high_risk,84,1,2026-08-01T10:47:29+07:00,2026-08-01T10:47:29+07:00
897fc0c0-bf43-41fb-9db5-d53e31f0711f,0679135788,high_risk,80,1,2026-07-29T11:38:00+07:00,2026-07-29T11:38:00+07:00
05241394-fb15-4e8c-aca7-3adc026139c8,0838759208,high_risk,95,3,2026-07-26T15:52:52+07:00,2026-08-04T20:02:16+07:00
b6d53b59-c833-43ea-9549-dcf878a4fa08,0911816494,high_risk,93,1,2026-07-28T05:14:42+07:00,2026-07-28T05:14:42+07:00
af59c9e8-26ea-4182-9e56-c0d01e46000c,0830744204,high_risk,90,2,2026-08-01T07:35:51+07:00,2026-08-01T11:24:22+07:00
f5d60df2-a561-4955-a19b-da4119199a1b,0857025015,high_risk,89,2,2026-07-31T01:25:54+07:00,2026-08-12T17:37:43+07:00
83d45678-c3e6-40e5-ac87-484d79236e19,0875223605,high_risk,89,1,2026-07-30T23:28:25+07:00,2026-07-30T23:28:25+07:00
f5e2c389-e9a9-44c0-a2d9-159de8b92625,0849806410,high_risk,81,2,2026-07-30T19:36:53+07:00,2026-08-05T13:10:58+07:00
610a4d2c-f5c0-4cfa-9183-aa7b1f22ecc3,0882785894,high_risk,89,2,2026-08-04T22:01:18+07:00,2026-08-18T01:20:06+07:00
4ec3f6b1-6539-4b49-903f-91ebc6efea85,0678448716,high_risk,89,1,2026-08-01T19:39:26+07:00,2026-08-01T19:39:26+07:00
e1912c57-665d-421e-b07d-3ba8866deedd,0651220732,high_risk,97,3,2026-07-29T18:41:19+07:00,2026-08-16T09:36:28+07:00
b74cd2da-476d-437e-ab2f-1a54284489ac,0639477340,high_risk,83,2,2026-07-28T05:07:31+07:00,2026-08-13T20:56:50+07:00
6c5b8e35-61ce-4f39-9d28-1634cbde8b6d,0839286845,high_risk,97,1,2026-08-13T09:29:47+07:00,2026-08-13T09:29:47+07:00
87485585-76c5-4313-86aa-255a219ae755,0895114656,high_risk,83,1,2026-08-01T15:40:45+07:00,2026-08-01T15:40:45+07:00
88cb0639-c1b5-42f9-93ef-b0084660d7bd,0883845313,high_risk,94,4,2026-07-29T13:34:33+07:00,2026-08-05T20:21:06+07:00
8b215dd2-d882-4b9b-ac0f-d2f95644af8d,0642448050,high_risk,91,3,2026-07-31T03:42:41+07:00,2026-08-07T17:55:48+07:00
2a9ad9a5-e409-4057-8fa3-ec6cbd66c702,0899003437,high_risk,99,1,2026-08-05T00:18:53+07:00,2026-08-05T00:18:53+07:00
71630319-3a18-44c3-870b-5d8c2426c9cb,0917113132,high_risk,92,3,2026-08-05T11:11:34+07:00,2026-08-24T22:20:47+07:00
298329b9-f2d8-4577-943d-15a4508d1795,0894922164,high_risk,91,5,2026-07-28T11:24:20+07:00,2026-08-21T20:35:07+07:00
705da2fc-9fe8-473d-b1f1-ac0b2f5aefee,0851211733,high_risk,91,2,2026-08-12T20:34:04+07:00,2026-08-16T06:29:44+07:00
81e147ed-2f38-4dcf-8a7d-ac66d45cbab3,0983465401,high_risk,99,2,2026-07-30T03:48:05+07:00,2026-08-13T06:12:20+07:00
34723d23-c4a0-47d4-a390-88fbc6bdd362,0857629512,high_risk,92,2,2026-08-05T08:06:21+07:00,2026-08-16T07:42:11+07:00
46c197bd-ef95-401f-aef5-77b2f5d406a6,025500533,high_risk,98,3,2026-07-30T14:02:04+07:00,2026-08-22T00:53:35+07:00
4276a171-b438-4a92-a9bd-b2473bc8e973,0834545774,high_risk,92,2,2026-08-01T09:27:09+07:00,2026-08-01T11:12:37+07:00
70479f7c-4b66-4803-9096-2de2d72dcc89,0886995091,high_risk,92,2,2026-07-31T06:35:35+07:00,2026-08-13T17:54:33+07:00
768264c3-3502-411f-ace8-ebd182ee7c92,021546004,high_risk,91,3,2026-07-29T17:33:10+07:00,2026-08-06T10:41:14+07:00
dab8189c-bdf0-4803-bf3d-97efc40b9703,0641510178,high_risk,96,3,2026-07-29T07:25:46+07:00,2026-08-07T01:37:49+07:00
25c2e945-d563-41b5-9df8-1519fd524e03,0832789521,high_risk,90,2,2026-08-03T13:08:22+07:00,2026-08-07T13:46:30+07:00
a08d9a47-a5c1-4f66-92d9-57d0238c667a,0922235865,high_risk,92,2,2026-07-31T23:59:15+07:00,2026-08-14T16:46:24+07:00
61bf61d8-0fcd-4b0f-a10d-5c22684ce096,0913831649,high_risk,99,4,2026-08-02T12:53:30+07:00,2026-08-10T10:35:30+07:00
b01bcbfa-26aa-4cab-bd1a-26ea0bb3623b,0877580945,high_risk,91,4,2026-07-30T04:21:29+07:00,2026-08-16T16:31:57+07:00
ef244b97-1a18-4669-afba-5d196ffd7f4c,0990137495,high_risk,90,3,2026-08-03T01:15:13+07:00,2026-08-24T08:02:50+07:00
c23e5fb8-e46f-4091-ab80-5307e4da03f0,0879343993,high_risk,96,1,2026-08-11T04:12:35+07:00,2026-08-11T04:12:35+07:00
dccb2e30-59ea-447d-9fd7-e1a628772301,0859725712,high_risk,98,2,2026-08-02T00:03:15+07:00,2026-08-07T06:27:07+07:00
597faf26-b5f8-44c0-8cfb-9aaee613389b,0886081466,high_risk,92,2,2026-08-04T13:19:07+07:00,2026-08-10T03:56:27+07:00
ae660c73-3e93-4447-adac-173c0db3db1d,0947655653,high_risk,91,2,2026-07-31T17:45:28+07:00,2026-08-01T18:01:23+07:00
10ff59c4-e8db-4b93-a3c7-8d300015824b,0899439433,high_risk,91,1,2026-08-06T03:39:11+07:00,2026-08-06T03:39:11+07:00
5fd6b368-af3f-4ead-a27a-0b9835983086,0811578353,high_risk,89,2,2026-08-01T04:30:08+07:00,2026-08-01T04:32:45+07:00
76fea9cb-7251-4e8c-8095-8cc75a45bc02,0849423457,high_risk,86,1,2026-08-05T23:04:57+07:00,2026-08-05T23:04:57+07:00
0d13f109-0eee-4160-b0bd-ffc9dc0bc11b,0897540192,high_risk,95,2,2026-07-31T03:59:11+07:00,2026-08-01T19:40:05+07:00
55219f08-9f45-4bf2-8a6e-59882d8c6bab,0915085192,high_risk,88,2,2026-07-31T09:57:44+07:00,2026-08-25T09:38:00+07:00
f65996ab-ba64-4d4b-af6a-286ea54938dc,0647951693,high_risk,89,1,2026-08-07T12:06:27+07:00,2026-08-07T12:06:27+07:00
f9f609ab-69c7-4648-8096-16b2301d7942,0824799443,high_risk,92,2,2026-08-01T05:23:16+07:00,2026-08-17T10:02:12+07:00
bed64afb-5de8-4739-ae01-283e29005e3c,027622123,high_risk,95,2,2026-08-06T04:40:26+07:00,2026-08-21T02:38:38+07:00
cf695e7a-e2d0-4e45-beec-0f1ae650026b,025123907,high_risk,94,2,2026-08-01T06:02:25+07:00,2026-08-15T11:14:32+07:00
d1d5e7ea-25c3-4153-b161-69407b9eaec0,0847425679,high_risk,92,2,2026-08-13T01:08:01+07:00,2026-08-26T22:34:23+07:00
21706218-57d1-4eab-9238-d99bbeb1e09b,0923271697,high_risk,89,2,2026-08-02T01:35:53+07:00,2026-08-04T20:49:16+07:00
4ac1e113-b139-4e59-8c31-c2732681e06b,0626413807,high_risk,82,2,2026-08-04T08:17:49+07:00,2026-08-07T03:33:46+07:00
51552887-c5d8-4c3f-bbde-4ee8bd52aceb,0690081321,suspect,79,3,2026-08-02T15:19:41+07:00,2026-08-20T20:35:41+07:00
cd8c6a69-ff36-48de-9373-b0ea1ec1b53a,0876762289,suspect,73,1,2026-08-08T04:22:08+07:00,2026-08-08T04:22:08+07:00
c58142cc-0d4f-4729-8830-01feed9781db,0932386306,high_risk,97,9,2026-08-01T14:19:09+07:00,2026-09-11T19:42:33+07:00
e8e6da7c-cffb-4f5c-b981-f51d44f48338,0694192270,high_risk,94,1,2026-08-04T13:02:14+07:00,2026-08-04T13:02:14+07:00
795f4cb3-b179-4481-9289-dce7ff8166ee,0940659103,high_risk,96,6,2026-08-03T10:02:18+07:00,2026-08-06T01:05:57+07:00
4670e977-5477-473e-8535-b704e1571999,0870748703,high_risk,93,3,2026-08-03T12:21:45+07:00,2026-09-07T01:12:24+07:00
07de1f0f-7a82-4996-8257-1620ea046531,0653132330,high_risk,99,2,2026-08-01T08:42:42+07:00,2026-08-11T23:23:51+07:00
3d2f96d7-7381-4d16-901e-25e0de912335,0838939231,high_risk,89,2,2026-08-02T16:59:15+07:00,2026-08-04T05:24:26+07:00
5aed6272-a008-4747-9ea6-13821134e3b7,027496220,high_risk,91,3,2026-08-02T14:24:49+07:00,2026-08-14T18:42:06+07:00
45dc0ee9-405a-4571-8f11-bff30a5b7171,0651905317,high_risk,91,1,2026-08-12T20:55:36+07:00,2026-08-12T20:55:36+07:00
d066bf73-07e6-4749-b2a7-57d8cd83d904,0953811854,high_risk,89,6,2026-08-03T07:47:08+07:00,2026-08-25T02:55:25+07:00
9af70437-2eeb-4dc9-8dc7-ce5474ccfc9c,0628835369,high_risk,99,3,2026-08-03T03:31:38+07:00,2026-08-12T08:42:04+07:00
97a2636c-b0b6-445b-a8c4-3f5fe234732c,0631605078,high_risk,80,2,2026-08-10T04:42:07+07:00,2026-08-15T23:10:29+07:00
c837f2d0-e0b8-4a25-bed8-62f641951d47,0950301024,high_risk,85,1,2026-08-05T01:02:57+07:00,2026-08-05T01:02:57+07:00
bc3ace8f-72dc-41a3-83b9-fb2719bdfb63,0895298989,high_risk,99,3,2026-08-02T15:05:38+07:00,2026-08-30T10:48:22+07:00
aed09217-9686-41ef-a665-4e1312aaf824,0698849157,high_risk,88,2,2026-08-04T06:55:30+07:00,2026-08-11T23:37:19+07:00
bb7d0798-8ef0-4d50-b5ac-6d90436a0dcb,0940576454,high_risk,91,2,2026-08-03T20:46:51+07:00,2026-08-21T00:53:38+07:00
92ebad57-2f07-48c7-b1a8-49db8558b108,0841791071,high_risk,95,3,2026-08-06T10:40:14+07:00,2026-08-14T02:32:25+07:00
a79e0738-cebd-4630-a48a-600e2c1c4b05,0877700481,high_risk,99,6,2026-08-05T08:23:13+07:00,2026-08-24T03:05:39+07:00
778de5bc-47e2-473a-9e0d-e3d041bbecb4,0921009180,high_risk,93,3,2026-08-02T22:29:17+07:00,2026-08-15T07:17:40+07:00
d8a6edcf-eb0f-483b-bbc6-54056b07e073,0966656461,high_risk,91,2,2026-08-05T18:40:49+07:00,2026-08-05T18:59:54+07:00
6c40630b-7d09-4c20-b38b-ba8cd173951e,0955651129,high_risk,96,2,2026-08-04T15:37:44+07:00,2026-08-07T11:47:25+07:00
7239e4f3-8365-4b90-b3d4-762ad2fe6a63,0848718932,high_risk,88,1,2026-08-11T00:40:25+07:00,2026-08-11T00:40:25+07:00
f3f187c4-2d3b-4ae0-bd5c-ee8b4afe8c53,0844958675,high_risk,97,2,2026-08-11T19:24:46+07:00,2026-08-13T21:15:12+07:00
b146dbfe-500d-404d-8772-8d49a3caa18a,0611481367,suspect,79,2,2026-08-04T02:23:37+07:00,2026-09-04T19:25:30+07:00
db45cff2-420d-4b59-b4db-84655c891c79,0819668559,high_risk,98,5,2026-08-04T11:32:42+07:00,2026-08-25T11:03:45+07:00
e2ac2700-4cdc-4c61-8ed8-73585187b151,0981447440,high_risk,93,4,2026-08-11T16:50:53+07:00,2026-09-03T19:43:05+07:00
92aba182-a61b-434e-a425-48112ab8b2f9,0665406084,high_risk,91,2,2026-08-02T22:11:05+07:00,2026-08-07T02:59:21+07:00
0ad19e45-9a52-42f3-a791-14a51492b715,0831678772,high_risk,99,8,2026-08-04T02:22:07+07:00,2026-09-04T19:09:03+07:00
3eb9932b-afd4-441f-a716-49a1a439dedd,0810574817,high_risk,91,2,2026-08-08T05:17:48+07:00,2026-08-10T15:18:58+07:00
2238748b-efae-4f4a-902b-202e2e04a49a,0949581924,high_risk,86,2,2026-08-07T21:09:06+07:00,2026-08-14T10:03:51+07:00
bbe63dc1-3807-47da-af06-1ff0448aeee6,025851425,high_risk,99,4,2026-08-05T02:25:17+07:00,2026-08-20T01:57:21+07:00
17a3d8bc-803c-4b1c-9380-57341e6ed7a3,0997986786,high_risk,89,2,2026-08-04T18:16:17+07:00,2026-08-10T01:25:02+07:00
83c84d7a-2d3b-4009-8148-aadc6a024046,0611419701,high_risk,90,2,2026-08-05T23:27:08+07:00,2026-09-03T23:17:11+07:00
f73386d9-a16b-4bb8-afef-a04a5a501987,0944570852,high_risk,90,2,2026-08-04T20:28:16+07:00,2026-08-09T06:09:49+07:00
f593d1a3-45dd-45e4-bf27-1e0469f43e76,0686429508,suspect,74,1,2026-08-04T16:42:04+07:00,2026-08-04T16:42:04+07:00
d6b1081c-141c-4285-a4c0-87357c5c9796,0999606102,high_risk,89,2,2026-08-04T12:14:54+07:00,2026-08-10T23:42:55+07:00
68f57d51-e4ee-461c-9b4b-87ef3fc2a18e,0975718281,high_risk,84,2,2026-08-20T06:39:07+07:00,2026-09-02T10:25:33+07:00
eed67131-6c01-4187-af1b-51f77da7e650,0884487721,high_risk,83,1,2026-08-18T21:57:19+07:00,2026-08-18T21:57:19+07:00
32d51a1b-5a2f-4861-8146-5504f37527ab,026099181,high_risk,99,1,2026-08-05T16:00:26+07:00,2026-08-05T16:00:26+07:00
544e1279-c47e-4fcb-8c1b-40ee660bdae0,0874225992,high_risk,90,3,2026-08-08T15:57:19+07:00,2026-08-25T14:15:58+07:00
5bf23f8d-cc6b-41b9-9c2b-0548ea25590d,0899546837,high_risk,97,4,2026-08-06T01:58:24+07:00,2026-08-11T22:18:43+07:00
704795b9-c7f3-4c9d-bb02-c5a4dd4bff9e,0633898465,high_risk,89,3,2026-08-07T06:50:08+07:00,2026-08-13T22:59:46+07:00
81a2332f-0c60-440d-b34d-b30548165a88,0886923799,high_risk,93,7,2026-08-05T00:47:11+07:00,2026-09-17T19:09:10+07:00
913a9e8a-4f8a-4bcf-9d5c-e4ab60286ea5,0844570098,high_risk,95,2,2026-08-11T02:39:14+07:00,2026-08-19T00:38:09+07:00
b8db2cdb-6027-4235-902e-678db86aaf32,0617451647,high_risk,92,5,2026-08-05T03:19:30+07:00,2026-09-09T14:18:21+07:00
dac43c4b-2de1-471c-b9fd-c9e3319ef46d,0868582923,high_risk,92,2,2026-08-13T16:46:58+07:00,2026-08-31T00:38:38+07:00
60dbe275-f0b5-4c5e-b40e-60e1219b2f9b,0942448613,high_risk,87,2,2026-08-07T11:27:50+07:00,2026-08-26T17:46:00+07:00
dfd0baa8-9b4f-4c14-b9e4-7e0e85e75ef1,0840812897,high_risk,95,3,2026-08-08T14:03:57+07:00,2026-09-18T08:32:49+07:00
377854c8-30d9-41c6-be68-fea2441a712d,0938505104,high_risk,88,2,2026-08-07T23:12:57+07:00,2026-08-23T17:10:10+07:00
2da1d101-6ddb-42ff-8e5d-cb60cc392a7e,0976332838,high_risk,88,2,2026-08-06T05:31:19+07:00,2026-08-19T04:10:31+07:00
2620697a-7bf9-4ca8-b1e2-26b416fdc521,0872653391,high_risk,91,2,2026-08-06T10:39:44+07:00,2026-08-21T03:59:26+07:00
7914c009-0530-44b3-bc34-ffafd2418dc5,0983413089,high_risk,92,3,2026-08-06T18:25:17+07:00,2026-09-06T10:54:35+07:00
df7cc103-aa1c-40af-aaee-24c3eda68b88,0661877562,high_risk,92,1,2026-08-06T14:24:16+07:00,2026-08-06T14:24:16+07:00
486bcda8-338b-4e0c-a6ad-a855125710d2,0812844874,high_risk,91,4,2026-08-07T00:12:52+07:00,2026-08-19T04:31:58+07:00
41331df8-b42c-498f-90c1-0530d0f02075,0839742224,high_risk,96,3,2026-08-07T14:12:59+07:00,2026-08-16T09:03:20+07:00
549e2e9f-c122-46df-b6a7-e94d48927ed5,0968467558,high_risk,92,4,2026-08-07T10:45:27+07:00,2026-08-27T18:46:52+07:00
e3b8ec2d-2e4b-4a8a-84e0-7fa616946b54,0871123912,high_risk,94,3,2026-08-06T00:40:37+07:00,2026-08-14T12:53:52+07:00
70bc1849-2b0d-46c7-a497-02b11364dab0,0851077556,high_risk,89,3,2026-08-09T00:59:04+07:00,2026-08-11T01:44:36+07:00
5813068a-0b41-45a8-a9f8-2e44681702e2,0820545869,high_risk,85,3,2026-08-12T09:05:29+07:00,2026-08-19T16:38:54+07:00
5f4c7507-8b6f-4083-a8f8-9a21425caa72,0812784692,high_risk,84,1,2026-08-11T12:22:06+07:00,2026-08-11T12:22:06+07:00
8e1ea09d-9984-4479-b0fb-d4f180eb06e5,0964680362,high_risk,94,1,2026-08-13T13:53:10+07:00,2026-08-13T13:53:10+07:00
7eec5035-f260-4799-95ea-ee9a45909516,0995093520,high_risk,86,1,2026-08-08T10:52:38+07:00,2026-08-08T10:52:38+07:00
582242b1-1c40-4a1b-bed3-7b66c8b26671,0995487966,high_risk,93,3,2026-08-08T02:18:15+07:00,2026-09-14T12:11:57+07:00
928faaf4-e07d-4912-abc3-e6727c094069,0669550285,high_risk,92,5,2026-08-08T11:01:26+07:00,2026-08-21T12:24:02+07:00
33c463f4-8116-42a2-8731-4083b6fa279b,021563003,high_risk,88,3,2026-08-07T19:50:59+07:00,2026-09-05T04:52:18+07:00
7706c9dc-6ec1-49a4-89cb-a746bfb4dd59,0838905802,high_risk,96,3,2026-08-08T03:23:00+07:00,2026-08-22T06:24:43+07:00
f2a79cf6-fb9e-4100-8360-1a64e829ae0a,0872778650,high_risk,93,4,2026-08-08T07:03:25+07:00,2026-09-04T03:16:23+07:00
6f695598-53a8-4c70-94f1-711916633653,0811930631,high_risk,85,2,2026-08-22T05:35:46+07:00,2026-09-16T05:12:07+07:00
f4d63df7-97cc-4012-8473-aced39fd2704,0959076062,high_risk,99,4,2026-08-08T22:05:06+07:00,2026-09-01T11:11:22+07:00
06516f70-1893-4564-94ac-358f0f840627,0842331458,high_risk,91,5,2026-08-08T03:00:18+07:00,2026-09-08T00:39:11+07:00
50dc12a4-b57f-4965-be85-30c637798510,0892395320,high_risk,90,2,2026-08-12T13:17:24+07:00,2026-08-26T01:03:40+07:00
5d043617-ff1f-407d-a69e-f76ae208ff58,0936158989,high_risk,95,2,2026-08-09T00:25:27+07:00,2026-08-14T17:12:08+07:00
c09e3bba-371a-46fa-8378-8fa67ce24752,0973466419,high_risk,87,2,2026-08-08T17:34:52+07:00,2026-08-12T22:57:56+07:00
5898120f-654f-475f-9db0-1fa17fd4fd48,0812794681,high_risk,84,1,2026-08-11T23:51:14+07:00,2026-08-11T23:51:14+07:00
d91281fc-df67-46f6-a66b-597eba60832c,0989914247,high_risk,89,2,2026-08-09T04:09:50+07:00,2026-08-27T22:00:37+07:00
c93ec079-554b-4e74-81d5-ab5cdf29b405,0831814628,high_risk,89,3,2026-08-09T03:53:29+07:00,2026-09-11T05:28:20+07:00
589b67e8-42dc-479c-a7be-154c699fc11f,0812916108,high_risk,95,1,2026-08-09T07:11:13+07:00,2026-08-09T07:11:13+07:00
8d0d466d-a49a-46eb-ad55-4dc0d593e1d9,0991661100,high_risk,91,2,2026-08-09T23:20:37+07:00,2026-08-18T23:56:05+07:00
c4bcb8b8-4521-448d-be96-1e1fa6fba39c,0963731895,high_risk,99,2,2026-08-11T00:10:27+07:00,2026-09-03T02:01:04+07:00
876eb6a8-5ddd-460d-93c3-b5a495a76c23,021900666,high_risk,92,2,2026-08-21T09:28:48+07:00,2026-08-22T01:15:35+07:00
21d66b88-95e6-40ef-b2c5-4b445f473bcd,0952762615,high_risk,90,2,2026-08-14T09:56:25+07:00,2026-08-27T21:38:02+07:00
844008db-4080-4561-8e3c-27100185be63,0871465807,high_risk,84,1,2026-08-12T19:06:58+07:00,2026-08-12T19:06:58+07:00
f3315bde-4de8-4dcb-98a5-a8544824cd62,0946141121,suspect,79,1,2026-08-12T11:17:33+07:00,2026-08-12T11:17:33+07:00
986f98c1-c496-4784-b7a4-4c0a2ab03ee8,0631778142,high_risk,99,1,2026-08-09T07:08:46+07:00,2026-08-09T07:08:46+07:00
9269d72d-8820-4ab7-aa28-442885e974cf,0917877319,high_risk,91,3,2026-08-12T11:15:40+07:00,2026-09-13T12:50:03+07:00
754575da-517f-4c5b-a93a-a7ca028816cc,0833888276,high_risk,87,2,2026-08-11T13:07:02+07:00,2026-08-14T22:18:57+07:00
e30b3b8c-46ef-4911-85e0-37c5da2cc091,0836906566,high_risk,85,3,2026-08-10T03:18:20+07:00,2026-08-31T19:14:29+07:00
813c433a-0369-4e26-b2ea-4c13056fe187,0827263738,high_risk,87,2,2026-08-18T19:18:56+07:00,2026-08-31T04:01:49+07:00
1f174151-06d3-4a32-b295-fca73ba45490,0978963652,high_risk,99,4,2026-08-11T10:40:22+07:00,2026-09-16T18:12:43+07:00
3187ae8a-25cd-4fee-9e08-e35cae72d1c5,0964366978,high_risk,91,3,2026-08-12T17:17:28+07:00,2026-08-31T20:19:48+07:00
4ae80fdf-b6d4-4fb0-9341-785d982cd0d4,0943745301,high_risk,98,5,2026-08-09T19:17:58+07:00,2026-09-01T08:49:51+07:00
c402b866-bd6b-45a6-b570-b0d3fff45354,0610090449,high_risk,92,1,2026-08-11T14:00:34+07:00,2026-08-11T14:00:34+07:00
a53099d2-52fc-4ac5-8313-d77f745a0c83,0894636394,high_risk,88,2,2026-08-30T01:23:00+07:00,2026-09-13T23:26:50+07:00
c20cd0be-97ee-4df1-89a0-6c7794325af2,025373247,high_risk,92,2,2026-08-27T22:58:49+07:00,2026-08-28T22:49:36+07:00
8fb73c40-3017-4cbc-b64e-b902e0cd196e,0832811166,high_risk,99,3,2026-08-12T01:11:22+07:00,2026-09-15T03:01:51+07:00
767dd6ab-99ea-4352-af24-99ad9f86f1bc,0870391671,high_risk,88,2,2026-08-11T00:38:07+07:00,2026-08-11T00:45:51+07:00
fdd63385-d4be-40af-a7d9-9ddc3f369f1c,0913911782,high_risk,92,2,2026-08-11T07:44:51+07:00,2026-08-20T15:36:58+07:00
ffb9e494-27b5-44e0-95d2-b56891302319,0953694342,high_risk,97,3,2026-08-11T00:10:58+07:00,2026-08-21T09:42:17+07:00
608f9701-b5ba-4f0e-a25e-70b6c768fc5b,0812799139,high_risk,90,2,2026-08-19T00:00:58+07:00,2026-08-28T16:07:59+07:00
bc1a5fbb-ea0e-4c22-94fc-8005fcc448d4,0996677367,high_risk,83,1,2026-08-17T15:36:25+07:00,2026-08-17T15:36:25+07:00
660a4d08-f0d0-4220-b2c1-18a66b7a0b5d,0983817363,high_risk,92,1,2026-08-10T17:40:28+07:00,2026-08-10T17:40:28+07:00
ceda4d28-bb56-46ca-b4f9-86bdcd4ba15a,0838664424,high_risk,85,2,2026-08-14T00:12:33+07:00,2026-09-01T01:21:54+07:00
73f5b838-dfa3-466f-8d68-80dbea0f8964,025766882,high_risk,98,5,2026-08-12T14:41:05+07:00,2026-09-12T07:56:56+07:00
f6260985-aefd-4d8e-9855-6d4f0ac5a014,0887619155,high_risk,89,2,2026-08-14T08:10:23+07:00,2026-08-17T22:34:40+07:00
121a2fe0-f7b6-42ca-87ee-a8cdda1c04f1,0915159541,high_risk,91,1,2026-08-13T17:20:37+07:00,2026-08-13T17:20:37+07:00
2b3890ec-0d25-45f4-a3f2-1ab73e8464c0,0872303975,high_risk,91,2,2026-08-13T07:03:55+07:00,2026-08-19T07:33:35+07:00
8b05569b-daee-4430-8247-9d5911a9cd17,0881448727,high_risk,99,2,2026-08-12T01:04:43+07:00,2026-08-17T23:23:48+07:00
7c52a9e1-daf5-44a4-87a9-b1c7434da4df,0677284956,high_risk,92,4,2026-08-12T09:06:01+07:00,2026-09-02T19:38:20+07:00
4f3ccb1d-5071-44e0-a22b-4e9b1f753ce4,021555625,high_risk,88,4,2026-08-12T17:24:10+07:00,2026-09-02T10:56:37+07:00
aaada8be-3de4-41a5-838c-1737a5d84413,0974395015,high_risk,92,2,2026-08-13T04:12:57+07:00,2026-08-16T10:11:08+07:00
765d4b4f-7992-4d2a-99f9-3ab0781b285c,0954882297,high_risk,95,2,2026-08-13T13:01:07+07:00,2026-08-18T00:18:23+07:00
43b82d46-da1e-4e0d-934e-35b94ca335ef,0868728017,high_risk,88,2,2026-08-11T23:30:31+07:00,2026-09-05T17:43:38+07:00
30a17ab1-74e6-41b8-92d1-a72204f5ae8b,0919657974,high_risk,87,1,2026-08-12T10:42:20+07:00,2026-08-12T10:42:20+07:00
e257fa3c-0382-425b-a848-2704c790577c,0835107261,high_risk,93,6,2026-08-13T10:00:33+07:00,2026-08-31T04:36:18+07:00
399016b0-e62b-40ef-927e-f74963746742,0897380872,high_risk,99,3,2026-08-13T00:36:41+07:00,2026-09-09T01:04:42+07:00
eb00e706-6663-41f8-ab14-b95281db9e71,0618328875,high_risk,89,3,2026-08-13T21:15:55+07:00,2026-09-04T03:35:36+07:00
4cda1263-7975-4f40-96d3-8b008bbbd00f,021329224,high_risk,86,3,2026-08-25T21:01:43+07:00,2026-08-30T17:14:49+07:00
24662f86-62b7-48b1-a37d-10df6928d434,0944470982,high_risk,91,3,2026-08-17T07:38:00+07:00,2026-09-18T02:22:17+07:00
edc8b4d6-1f3a-421b-87de-c7a44e53e7f3,0986228979,high_risk,86,5,2026-08-12T22:59:01+07:00,2026-09-09T21:52:44+07:00
6f529698-c4ae-4a1c-b1f5-3ade9c5377b3,0616825120,high_risk,98,10,2026-08-14T04:31:40+07:00,2026-09-09T09:53:38+07:00
d98b7fda-1bbd-4c14-ae41-aca413e3ac66,0896595014,high_risk,91,2,2026-08-13T06:14:20+07:00,2026-08-14T13:45:11+07:00
becea2ab-3c3e-47e6-a581-32418a0a76de,0617906614,high_risk,99,6,2026-08-14T22:37:58+07:00,2026-08-31T03:49:16+07:00
d72169da-aae8-418b-9e39-0ffb726159c1,0895864910,high_risk,91,3,2026-08-17T19:16:57+07:00,2026-09-06T21:06:34+07:00
0ee343e7-ba3a-4f04-a444-2df4f9fdb170,0976826926,high_risk,91,2,2026-08-15T21:59:44+07:00,2026-08-16T23:23:19+07:00
2bc65ec2-ef4f-4a7b-8e84-6172a4fcd820,0837133650,high_risk,86,1,2026-08-14T09:30:05+07:00,2026-08-14T09:30:05+07:00
ba493f68-ceeb-49c7-8d28-b66dcbab2aac,0825527519,high_risk,82,1,2026-08-13T00:59:21+07:00,2026-08-13T00:59:21+07:00
42eaab0a-4896-4681-9a24-10135003a7ff,0620909075,high_risk,92,5,2026-08-15T14:05:48+07:00,2026-08-29T20:57:46+07:00
74d285f1-74b0-4265-8042-f37ef4d4b6f4,0684295468,high_risk,98,7,2026-08-14T07:47:28+07:00,2026-08-25T17:45:06+07:00
011dc0c3-dd4b-4dc6-a5f0-e30f8bfded50,0610260320,high_risk,99,3,2026-08-26T11:50:40+07:00,2026-09-24T16:03:15+07:00
69dd9a36-d838-4ecb-ba0c-1c3318ae7f79,0811860378,high_risk,94,1,2026-08-17T23:17:44+07:00,2026-08-17T23:17:44+07:00
13aad111-7cf4-4056-ad17-9a220ebbc844,0933987654,high_risk,91,1,2026-08-18T20:05:50+07:00,2026-08-18T20:05:50+07:00
c31fadc6-886d-4ea7-8b4d-e3e6e286f3ee,0923750781,high_risk,92,2,2026-08-14T10:50:44+07:00,2026-09-03T04:20:12+07:00
0d0b51c9-d016-4e08-a53d-13b6c2ea6066,0845036357,high_risk,93,1,2026-08-17T22:30:37+07:00,2026-08-17T22:30:37+07:00
4e3d0de7-6648-4741-9b37-ea1faff7ba69,029763811,high_risk,87,1,2026-08-17T18:26:19+07:00,2026-08-17T18:26:19+07:00
dee78aec-a32b-40a6-be47-4bb56e49c56f,0812553602,high_risk,93,2,2026-08-14T06:36:32+07:00,2026-08-27T07:56:25+07:00
21a00774-cfd5-4c1c-b867-9d13c3289398,0630916430,high_risk,91,2,2026-08-15T10:52:30+07:00,2026-08-16T21:31:31+07:00
65d77592-ce0b-4726-affe-586a11210c42,0654439584,high_risk,98,2,2026-08-16T04:03:06+07:00,2026-08-23T16:17:22+07:00
58acb646-94a4-4a43-bce8-e44959887273,0821150432,high_risk,92,2,2026-08-16T05:47:52+07:00,2026-09-04T19:32:49+07:00
0b14bc30-b65b-4a48-9b5d-9ffed2bdf630,0828718077,high_risk,89,3,2026-08-19T08:21:35+07:00,2026-09-01T01:33:49+07:00
5897645b-1861-4ce1-aa00-d250c4420b9b,0885117125,high_risk,90,2,2026-08-26T03:00:59+07:00,2026-09-01T04:34:35+07:00
65613f7f-3bd1-4b36-9ab1-6dd333d96d99,0897774574,high_risk,90,2,2026-08-20T01:43:21+07:00,2026-09-08T12:20:31+07:00
0f1b8e53-ea5e-4929-9fc7-da044d80c937,0870309200,high_risk,90,7,2026-08-16T21:43:16+07:00,2026-09-07T13:34:37+07:00
67e2eba3-0f05-4d5b-a68f-3bec6d968cb1,0918761967,high_risk,85,2,2026-08-26T07:20:43+07:00,2026-08-26T18:58:28+07:00
4ce520c4-c233-4859-b801-e08196ea3187,0682825555,high_risk,98,2,2026-08-18T20:09:07+07:00,2026-08-19T07:00:29+07:00
59a0386d-990e-4fc3-bc36-508a42e2ffe0,0833347173,high_risk,97,12,2026-08-15T21:46:36+07:00,2026-09-08T23:14:27+07:00
3f39c82c-a47b-4f94-bab2-4ec8354ab9dd,0955960652,high_risk,93,3,2026-08-19T09:58:53+07:00,2026-09-02T16:20:55+07:00
12bf47ef-f933-43fa-80e1-14d3adb8a3c3,0933817046,high_risk,88,3,2026-08-18T11:11:17+07:00,2026-08-31T17:31:20+07:00
c7c79f81-e75a-4ac6-a55f-0bfd8a12f1c4,0818967275,high_risk,98,2,2026-08-17T23:47:44+07:00,2026-08-30T13:02:08+07:00
eec1064b-4569-4214-aeb7-226b3187ab12,0693871291,high_risk,99,2,2026-08-21T00:43:55+07:00,2026-09-01T03:50:06+07:00
8a9897a6-4a95-49af-9c4c-02a4c8028893,0932595168,high_risk,92,2,2026-08-17T18:12:54+07:00,2026-08-18T15:58:53+07:00
55b386a6-b1da-4e31-8779-f3fe1ca55093,0921085698,high_risk,93,1,2026-08-19T11:50:07+07:00,2026-08-19T11:50:07+07:00
cafd1b96-fda4-4f65-bae2-dc0d31c69cc6,0952978886,high_risk,86,1,2026-08-17T21:51:30+07:00,2026-08-17T21:51:30+07:00
a62501c9-e450-438a-bee0-1fc980894905,0970502223,high_risk,86,2,2026-08-19T06:26:23+07:00,2026-09-09T10:18:40+07:00
7e190bda-c0bc-4303-aa42-f4e9916be8e7,0878351479,high_risk,95,4,2026-08-19T06:30:14+07:00,2026-08-30T01:43:40+07:00
ce4ccc01-47cf-4a09-a5cb-69a55a0a1f0d,026590325,high_risk,91,2,2026-08-19T00:17:27+07:00,2026-08-23T20:14:10+07:00
e1d8836b-3ec0-4262-a0e9-6eac8cf1f974,0930783729,high_risk,99,3,2026-08-18T13:40:52+07:00,2026-08-28T02:51:45+07:00
d1c3e7f9-8e7f-4e79-967b-efa288c46cb9,0971000914,high_risk,96,2,2026-08-19T20:47:08+07:00,2026-08-28T22:53:06+07:00
0ac3446d-d793-47d5-8675-8178fd5064e3,0960546073,high_risk,81,1,2026-09-03T01:36:26+07:00,2026-09-03T01:36:26+07:00
4d0c78a8-203a-473a-8941-70a1f473c0e6,0838317118,high_risk,88,2,2026-08-19T20:37:47+07:00,2026-08-20T20:15:07+07:00
c6da04b5-4565-4fb7-a4ba-ce2e6a727a04,0875933851,high_risk,89,2,2026-08-18T11:42:33+07:00,2026-08-30T15:44:16+07:00
2a7b32ef-a3db-4fd9-94ce-6b4d04536d0a,0821090722,high_risk,84,1,2026-08-19T22:09:35+07:00,2026-08-19T22:09:35+07:00
125fc1ff-ed61-4fa3-961d-b9c18432f67b,0825322741,high_risk,99,2,2026-08-16T16:45:22+07:00,2026-09-14T21:02:40+07:00
021a44bb-a132-42da-8f99-73e50915e05d,0833726832,high_risk,93,3,2026-08-23T20:40:07+07:00,2026-08-25T22:51:16+07:00
5646cae0-db76-486c-ac86-e486e7734050,0859922930,high_risk,90,1,2026-08-20T03:39:40+07:00,2026-08-20T03:39:40+07:00
c480cb2a-8676-4886-b345-9d978c12f829,0929802284,high_risk,91,2,2026-08-25T19:38:09+07:00,2026-09-05T03:15:53+07:00
8687715a-98fd-45bf-95c2-b5f83ec24b15,0975014338,high_risk,85,2,2026-08-25T00:42:59+07:00,2026-09-07T08:06:53+07:00
b2402b0d-fba1-44e4-b727-a6ebe58df11d,0837706698,high_risk,91,2,2026-08-22T09:42:27+07:00,2026-08-22T12:14:02+07:00
8eed5789-75f7-4b78-9cd3-785a0540dae3,0958274229,high_risk,96,2,2026-08-22T16:45:52+07:00,2026-09-01T10:04:18+07:00
82cfff2a-cb61-4b5b-86b0-2dddeb7dffb5,0681074526,high_risk,97,5,2026-08-17T18:02:24+07:00,2026-08-28T14:14:12+07:00
807d640f-594e-4c94-a148-9d623704ce74,0965262924,high_risk,82,2,2026-08-25T03:07:00+07:00,2026-09-02T20:10:26+07:00
b9aa2e0a-082b-479b-94f2-da7912f571d8,0642024736,high_risk,81,1,2026-08-20T07:43:07+07:00,2026-08-20T07:43:07+07:00
2eab7e7d-9a69-499a-8fd1-dbead3eb19f0,0954374514,high_risk,90,3,2026-08-22T07:02:59+07:00,2026-09-10T13:51:04+07:00
f14a8583-80a5-4e42-8a34-66cc5185fa6d,0681173447,high_risk,88,4,2026-08-18T22:10:25+07:00,2026-09-05T17:30:30+07:00
1fd8875a-aef3-411d-8bf8-a7b4647f732f,0960882894,high_risk,84,5,2026-08-19T02:10:36+07:00,2026-09-14T01:27:18+07:00
3f2fad56-6853-4f92-b0b0-ff84b44d93f3,0914687101,high_risk,86,3,2026-08-20T02:15:57+07:00,2026-08-27T00:25:23+07:00
c3406954-03c0-4fdb-b560-79ee4ded24db,0834799021,high_risk,90,3,2026-08-21T18:42:40+07:00,2026-09-21T17:22:50+07:00
ef23280f-fcad-4e0a-92d7-dc6e2ada5780,024083088,high_risk,89,2,2026-08-20T08:22:39+07:00,2026-09-06T02:31:37+07:00
2fa754b6-c62a-4b42-9077-6fa801408019,0849169754,high_risk,90,2,2026-08-23T08:30:37+07:00,2026-09-04T01:06:28+07:00
26adbcfe-25c2-4c96-afef-422b6ca26add,0967859003,high_risk,91,2,2026-09-01T00:58:53+07:00,2026-09-02T02:11:50+07:00
e5caa98f-0fb8-454d-89b6-c8d8ef44d93e,0858551618,high_risk,93,5,2026-08-20T15:48:55+07:00,2026-08-25T03:08:31+07:00
dc9068a3-1521-4de7-840b-7f8520e4a26c,0972564063,high_risk,85,1,2026-08-18T16:41:00+07:00,2026-08-18T16:41:00+07:00
f4ad9de3-a7f3-45a7-8314-e6cd3c1e1529,0869713913,high_risk,85,3,2026-08-22T18:58:55+07:00,2026-09-15T02:09:28+07:00
bab3da2c-2873-43c0-9da4-2303c19892df,0657321868,high_risk,92,3,2026-08-23T03:09:29+07:00,2026-09-10T17:40:45+07:00
4c39f878-b04d-42ba-af9d-c0105630360e,0830462253,high_risk,90,2,2026-08-21T12:07:47+07:00,2026-09-15T00:40:55+07:00
096b8e0e-0307-496f-939f-ad817a2bac11,0978993934,high_risk,91,1,2026-08-23T23:25:20+07:00,2026-08-23T23:25:20+07:00
f1266c0f-bea9-4182-91a6-23b9edb26e55,0936286835,high_risk,89,2,2026-08-20T05:40:42+07:00,2026-09-04T12:53:54+07:00
4a680490-1bbd-453b-b942-6370907040d2,029279671,high_risk,89,2,2026-08-21T21:38:00+07:00,2026-09-18T12:58:24+07:00
24dabac5-7f39-4113-a933-0a61fffdf44b,0843249855,high_risk,99,4,2026-08-20T18:18:51+07:00,2026-09-21T01:14:43+07:00
4644f1b9-57db-48b4-ba61-eb2e29e2a30c,0665765663,high_risk,91,2,2026-08-21T19:48:26+07:00,2026-08-23T08:06:42+07:00
32bfb85f-4808-429c-aa2f-027ed6b5a21b,0957703199,suspect,78,1,2026-08-22T09:40:15+07:00,2026-08-22T09:40:15+07:00
1d840d71-e08f-4236-90b1-51ce18930436,0965076709,high_risk,91,3,2026-08-22T11:17:51+07:00,2026-09-24T18:45:39+07:00
25f77d59-620e-497c-a7be-146db7f7a590,0816094692,high_risk,94,2,2026-08-24T22:19:16+07:00,2026-09-23T19:44:17+07:00
42c570f5-c842-45f1-bf92-1cc39dfdf999,0821386491,high_risk,92,3,2026-08-21T15:34:27+07:00,2026-09-10T20:57:35+07:00
f07fc866-5f33-4a0b-be99-8326972f473a,0844166691,high_risk,84,2,2026-08-20T20:14:10+07:00,2026-08-28T18:50:19+07:00
315d572d-536e-4da5-beb5-64c3a9916efb,0952591147,high_risk,84,1,2026-08-26T11:40:30+07:00,2026-08-26T11:40:30+07:00
44e09448-8bb5-4017-8c91-8442489a22e3,0693551827,high_risk,99,5,2026-08-21T05:04:03+07:00,2026-09-05T04:03:10+07:00
af668b09-3c5d-425a-8533-668d8d1666a2,0967394604,high_risk,94,3,2026-08-23T19:48:48+07:00,2026-09-17T13:35:26+07:00
c97ea123-3f00-4704-b4f4-13dbfeb9eccf,0997740279,high_risk,90,2,2026-08-21T14:32:07+07:00,2026-08-24T12:42:45+07:00
92249337-a4cc-4095-a108-d830807c6528,025293952,high_risk,87,2,2026-08-21T07:02:16+07:00,2026-09-02T05:44:44+07:00
bf980a07-f14d-4d23-ab6a-06d47d3b232c,0850244136,high_risk,94,3,2026-08-21T09:20:48+07:00,2026-09-19T03:23:55+07:00
991f35de-9863-4ef6-912f-9981b1d3cd11,0880574640,high_risk,83,2,2026-08-21T16:08:34+07:00,2026-08-23T21:53:28+07:00
e018b1b7-a06a-4bd7-a559-fc89b753f696,0989524357,suspect,79,2,2026-08-21T14:22:34+07:00,2026-09-13T22:23:35+07:00
6ab34f66-324e-4d29-9f18-90fcd68e9d26,0964645608,high_risk,99,6,2026-08-23T01:13:50+07:00,2026-09-09T14:44:12+07:00
0539793a-7ef3-4d53-ad2d-46f054d592e8,027179865,high_risk,91,1,2026-08-24T17:41:55+07:00,2026-08-24T17:41:55+07:00
cf76532b-e98c-4907-ab65-6c87b3e35c52,0824969692,high_risk,91,2,2026-08-25T21:30:08+07:00,2026-09-15T05:55:33+07:00
8e90bdfa-ad3c-47b2-b797-8c0fb1773683,0844152272,high_risk,93,2,2026-08-24T14:25:34+07:00,2026-09-08T01:13:18+07:00
03d27d03-effc-421f-a230-f615ba9c9a58,0926248722,high_risk,94,1,2026-08-24T05:09:52+07:00,2026-08-24T05:09:52+07:00
1af3e057-aba9-440a-ba72-8322438c8b36,0692638858,high_risk,99,5,2026-08-22T03:07:59+07:00,2026-09-17T12:05:00+07:00
125374c6-e433-4094-9d87-b1cd9b7e86c7,0955476513,high_risk,91,1,2026-08-30T03:34:11+07:00,2026-08-30T03:34:11+07:00
434f5f44-fa3c-451b-a892-527964dc645b,0955048539,high_risk,91,1,2026-08-25T09:06:04+07:00,2026-08-25T09:06:04+07:00
f19b53ac-61ef-4816-a12d-6eab7348350d,0843815770,high_risk,89,3,2026-08-26T10:24:50+07:00,2026-09-23T10:00:13+07:00
63d92eb4-90e5-47f7-a73f-6dfe88b1710a,0951726343,high_risk,98,4,2026-08-26T13:16:01+07:00,2026-08-30T21:47:43+07:00
32dcf4af-871b-44d1-95db-f8cf29d10ed2,0977932558,high_risk,97,3,2026-08-27T01:06:17+07:00,2026-09-06T06:24:56+07:00
315bc0db-b10c-41be-b5de-4b164af99b8f,0920397738,high_risk,89,2,2026-08-23T07:30:16+07:00,2026-08-28T02:34:48+07:00
3e6b96bf-b509-4efe-ac32-a01d0e36c993,0658721455,high_risk,93,3,2026-08-24T00:20:31+07:00,2026-08-29T10:07:41+07:00
81d33a09-8d3f-47c5-a69f-ab9c3141d16b,0883721302,high_risk,82,3,2026-08-24T04:03:34+07:00,2026-09-15T00:49:33+07:00
2a5cce8d-8ff3-4370-b690-1154aa3cc4a0,0936032862,high_risk,94,2,2026-09-02T04:07:49+07:00,2026-09-02T14:04:52+07:00
b84033b5-9d73-49c0-8527-895a0fb45ba9,0953230495,high_risk,93,2,2026-08-28T20:32:56+07:00,2026-09-16T02:09:52+07:00
da1334bc-3a88-4c70-ae80-c3fb1c61e5e0,0976344852,high_risk,97,2,2026-08-27T04:38:14+07:00,2026-09-14T09:59:20+07:00
173aec10-91d4-4b72-9d17-47e4957ce356,0975823295,high_risk,94,2,2026-08-26T00:52:15+07:00,2026-09-24T22:47:01+07:00
30c1aa9f-abdb-45d2-9bc7-b2dd108cf0d5,0996774213,high_risk,91,2,2026-08-25T07:47:23+07:00,2026-09-11T04:04:13+07:00
c1b5dbc2-a0ed-4afa-9029-a49b827d9421,0987484421,high_risk,92,1,2026-08-28T06:59:27+07:00,2026-08-28T06:59:27+07:00
d49e4249-91f7-4caf-8b7e-762b95cbea2b,0969582789,high_risk,91,3,2026-08-25T13:08:23+07:00,2026-09-18T10:46:54+07:00
e7b67363-7bdb-4221-9afa-a2b551617741,0845380800,high_risk,89,1,2026-08-27T01:07:13+07:00,2026-08-27T01:07:13+07:00
9b2e93d1-19d6-4b6f-9a69-7c23e97755d2,0971027637,high_risk,90,1,2026-08-25T13:47:25+07:00,2026-08-25T13:47:25+07:00
e583dee4-899b-4095-989a-131c50e14767,0860947346,high_risk,99,2,2026-08-23T19:53:08+07:00,2026-08-29T11:30:48+07:00
a348266e-3865-4431-a754-5f16d9e9093d,0928659431,high_risk,99,2,2026-08-25T11:49:46+07:00,2026-08-27T14:39:12+07:00
f1a84006-669b-435d-a19e-990a92ce9331,027655157,high_risk,91,3,2026-08-24T09:48:23+07:00,2026-09-02T04:23:34+07:00
38d1d747-16ee-4a13-8eb0-d4ec8d37ef12,0913119068,high_risk,88,2,2026-08-26T10:01:31+07:00,2026-09-18T02:40:29+07:00
e8fce634-269d-4240-9764-2a282ac1534b,0923238829,high_risk,97,1,2026-08-27T06:26:51+07:00,2026-08-27T06:26:51+07:00
a70df592-11ba-42ba-bd6f-fcd3b05ca189,0932492230,high_risk,99,3,2026-08-25T03:20:37+07:00,2026-09-06T11:48:32+07:00
c01e6f64-0d70-4087-ac80-9030d82ce1b9,0862971232,high_risk,91,4,2026-08-26T11:44:27+07:00,2026-09-26T08:38:05+07:00
079868d7-5ffd-4052-90fa-20c43602a35a,0869085968,high_risk,99,17,2026-08-24T19:03:33+07:00,2026-09-25T18:59:16+07:00
5258da77-a3d1-4b91-822b-06b5fff6b91f,0994722063,high_risk,96,2,2026-08-26T08:03:11+07:00,2026-09-12T18:35:08+07:00
23b5f69f-88d9-4695-8d9c-fe2eaa94e648,0935646001,high_risk,87,1,2026-09-03T12:24:16+07:00,2026-09-03T12:24:16+07:00
f02f4d0d-5f8b-4693-9d1f-80fa05c5b788,0985213977,high_risk,87,1,2026-09-01T15:47:02+07:00,2026-09-01T15:47:02+07:00
46291841-0ffc-44bb-bc30-e0991700830a,0938053001,high_risk,95,2,2026-08-25T19:49:26+07:00,2026-09-21T00:01:58+07:00
8114192e-97ae-4fb5-b41e-95df469d5352,023409587,high_risk,86,2,2026-08-24T20:00:43+07:00,2026-08-25T22:24:32+07:00
fc03db2f-9854-4a84-888e-518b1e8170db,0629068333,high_risk,87,1,2026-08-26T20:03:59+07:00,2026-08-26T20:03:59+07:00
3c8e994d-c78d-4e09-8d7f-5293ebde42f4,0839138129,high_risk,80,2,2026-08-25T02:24:02+07:00,2026-09-09T15:05:30+07:00
bfe3f528-cadf-48a3-9349-f951cbdb7b52,0955343090,high_risk,97,2,2026-08-25T06:47:53+07:00,2026-08-30T20:56:56+07:00
6f4e524a-a6db-42d5-ac54-3ba59dcea5c4,0881936466,suspect,79,1,2026-09-02T18:44:40+07:00,2026-09-02T18:44:40+07:00
5cea05b1-0bff-4dc9-ad04-1f4de4d6a85f,0987316358,high_risk,95,3,2026-08-24T23:10:55+07:00,2026-09-10T05:20:20+07:00
3320f6b5-a282-42f8-a9cf-c502dba19db9,024253986,high_risk,93,3,2026-08-24T22:53:54+07:00,2026-09-06T21:10:38+07:00
940aa1a6-7a67-4573-9ca7-e49cac776e88,0989753859,high_risk,91,2,2026-08-26T12:21:49+07:00,2026-09-01T06:49:27+07:00
efcefc47-7fb7-4945-9a03-b246485f620b,0823842096,high_risk,85,2,2026-08-26T16:58:26+07:00,2026-09-16T02:48:49+07:00
69530332-87ff-4a39-b6db-45cbb51d559c,0887593498,high_risk,98,6,2026-08-25T20:59:19+07:00,2026-09-13T19:46:01+07:00
6d51299b-403d-46ac-99b3-bbdeed52dc81,026564640,high_risk,85,2,2026-09-04T22:33:02+07:00,2026-09-13T17:42:13+07:00
c2ee8ad3-3029-4ea2-a961-6e5bde84383a,0846594055,high_risk,93,4,2026-08-26T06:37:59+07:00,2026-09-16T05:27:14+07:00
8e847b95-eef9-42c0-bc3a-1d932c491ca5,0667082888,high_risk,90,5,2026-08-27T16:01:07+07:00,2026-09-24T05:14:52+07:00
b7ac151a-2b9c-4e4a-92f9-a3668678ae74,0887905939,high_risk,95,2,2026-08-26T16:49:49+07:00,2026-09-18T05:52:21+07:00
7e545bff-fc12-4585-87fa-b572a46c2809,0894368034,high_risk,99,2,2026-08-29T14:02:53+07:00,2026-09-21T15:08:45+07:00
35981d81-8519-4950-9776-f7ce5fbc9ec1,0629712962,high_risk,98,3,2026-08-28T08:05:42+07:00,2026-09-15T05:31:58+07:00
9024acca-d7f1-4fe1-9c81-e767f566a3c8,0873246430,high_risk,96,2,2026-08-29T23:01:25+07:00,2026-09-14T19:40:54+07:00
23efd977-c19c-4fd5-9c4b-c091b9d64d3b,0815640189,high_risk,95,2,2026-08-26T04:38:18+07:00,2026-09-05T20:38:21+07:00
661ecd4f-2d73-41da-8af5-fc177f0141be,0988520078,high_risk,84,1,2026-08-26T23:24:21+07:00,2026-08-26T23:24:21+07:00
844d12d5-acc0-4664-a4ac-957114b92dd2,0922828825,high_risk,99,1,2026-08-29T03:23:57+07:00,2026-08-29T03:23:57+07:00
ad80d5df-cdf8-48fc-a23e-6308d9bd9913,0813143953,high_risk,92,2,2026-08-31T13:19:31+07:00,2026-09-04T14:52:00+07:00
a9212fee-e062-4ac7-ad42-7589f5ceaf4a,0993743477,high_risk,97,2,2026-09-03T15:30:35+07:00,2026-09-18T16:43:24+07:00
cf41bfbe-5d66-4ab7-b34f-badb4e6e48eb,0921148418,high_risk,99,3,2026-08-26T18:49:06+07:00,2026-08-30T19:39:57+07:00
d34bbccc-74d3-4638-b322-0faf8a66b0ea,0936603049,high_risk,92,3,2026-08-27T08:55:45+07:00,2026-09-26T14:56:25+07:00
f0aeb196-d8d0-4520-b7d0-638557efcae3,0985480013,high_risk,90,2,2026-08-31T11:30:43+07:00,2026-09-01T02:13:15+07:00
55f8743a-a414-425b-9892-625ccf844b7c,0936875877,high_risk,88,3,2026-09-03T22:48:32+07:00,2026-09-18T04:35:22+07:00
e22e70e2-e485-4a90-8ad3-5df1b058b925,0641792846,high_risk,99,3,2026-09-02T03:12:41+07:00,2026-09-28T15:04:06+07:00
141fe1b5-fbcb-477b-8fb3-a91012be95a9,029520399,high_risk,91,3,2026-09-02T08:12:43+07:00,2026-09-13T18:03:18+07:00
27c975b7-dc11-452c-af5e-04fadf33ebe0,0925138914,high_risk,99,2,2026-09-04T08:46:18+07:00,2026-09-07T15:09:30+07:00
f14c61a7-196a-4fcf-b9a0-e143d2a59487,0963571667,high_risk,96,1,2026-09-03T19:00:29+07:00,2026-09-03T19:00:29+07:00
e18f7676-0258-4799-a3ee-fca5a0f2f095,0657955387,high_risk,94,3,2026-08-30T20:55:52+07:00,2026-09-13T10:41:18+07:00
efbe99d9-9b93-4464-9250-203481ee2434,0884998325,high_risk,89,6,2026-08-29T15:50:33+07:00,2026-09-12T03:01:26+07:00
262100f3-e507-4625-9b87-43f217a8d538,0812446101,high_risk,93,3,2026-08-28T16:03:59+07:00,2026-09-17T08:04:40+07:00
ac64ae94-aab9-4616-a49a-96d39403e02e,0616182304,high_risk,99,3,2026-08-29T05:54:10+07:00,2026-09-03T03:36:02+07:00
51b55940-458c-41a4-afc9-fe034fa83822,0938808887,high_risk,93,2,2026-09-01T21:46:09+07:00,2026-09-17T14:13:08+07:00
5a1cc98f-fed9-4117-a0d2-d073cc5e9168,0920434879,high_risk,93,2,2026-09-02T09:14:13+07:00,2026-09-21T17:05:07+07:00
323cd005-7a36-45ea-a42c-2b14ac2a4dc4,028902717,high_risk,92,3,2026-08-29T00:54:06+07:00,2026-09-20T00:45:25+07:00
73b9594d-ed9c-40d0-a24e-3415ffc9a2ee,0843130899,high_risk,85,2,2026-08-29T16:54:44+07:00,2026-09-20T10:19:33+07:00
d7d6f9e8-bc10-4374-b70e-c36ab63e810e,0949962862,high_risk,88,3,2026-08-29T18:25:44+07:00,2026-09-02T07:37:35+07:00
9edbd83a-f2e0-4fd8-9a68-feca9b90ba06,023977602,high_risk,86,4,2026-08-29T22:20:30+07:00,2026-09-06T13:48:39+07:00
55ef3a1c-8ffa-4ff4-ad0e-86acb65fb269,0928210887,high_risk,95,2,2026-09-10T14:28:09+07:00,2026-09-18T06:56:14+07:00
d1d5e081-f768-465b-a15b-40588f78c8c7,0946327498,high_risk,95,5,2026-08-29T13:53:57+07:00,2026-09-27T19:23:51+07:00
28aac29f-1d05-4644-995a-1b2fd5fccaed,0635341846,high_risk,92,3,2026-08-29T22:34:57+07:00,2026-09-10T19:34:07+07:00
dee1fdd1-39e2-4f58-8441-ee7e2a22fcca,0923937774,high_risk,92,2,2026-08-28T11:39:41+07:00,2026-09-05T21:59:40+07:00
1a7f2f83-a307-4476-aac5-d0cd1903541e,0912666293,high_risk,97,4,2026-08-29T20:29:32+07:00,2026-09-06T10:28:38+07:00
aaf6dc20-145f-4f72-bf1f-9f1e9fe1ff75,0937501538,suspect,74,2,2026-08-30T05:33:34+07:00,2026-09-24T12:38:30+07:00
f5cdb52a-91bc-460e-8dfd-23e720951a06,0919784320,suspect,75,1,2026-09-01T21:07:07+07:00,2026-09-01T21:07:07+07:00
09703e3d-79f6-4378-9237-4f87d0ce215f,0861246875,high_risk,94,2,2026-09-02T22:49:26+07:00,2026-09-24T22:17:41+07:00
bd906df7-0edf-41b7-aea8-188d0a1833e2,0987101012,high_risk,85,3,2026-09-05T02:09:23+07:00,2026-09-21T02:26:24+07:00
3df167c3-8854-4bb0-a750-64186ca134a8,0815131106,high_risk,96,2,2026-09-01T13:14:49+07:00,2026-09-06T23:54:31+07:00
2a84720e-fe29-4154-9c10-296e9ae13595,023957059,high_risk,96,2,2026-09-04T00:34:05+07:00,2026-09-04T11:58:28+07:00
6cfe1dbe-d314-40f5-97ad-f50b10a71147,0828336457,high_risk,88,3,2026-09-02T02:46:06+07:00,2026-09-06T00:50:17+07:00
4bf2ba3b-14c0-41b4-b7e6-168e7288a21d,0872417567,high_risk,88,2,2026-09-03T12:33:50+07:00,2026-09-19T22:48:18+07:00
4e90a467-ef21-43c4-b371-6f07ea4a98d7,0848236680,high_risk,90,1,2026-08-30T15:19:03+07:00,2026-08-30T15:19:03+07:00
e7814b81-b762-47bd-bda2-332aaefd5883,0985827201,high_risk,96,8,2026-08-31T17:25:59+07:00,2026-09-23T07:28:42+07:00
a8c3390e-920c-4d5e-b985-68de9062cf0f,0961880383,high_risk,92,2,2026-08-31T03:49:40+07:00,2026-09-30T10:25:10+07:00
1f61987d-aeef-45fa-bff8-87c873721be6,0825420843,high_risk,95,2,2026-08-29T22:20:54+07:00,2026-09-01T04:55:05+07:00
882beab2-98b0-4e28-ab59-e9553ac97582,0853175398,high_risk,80,2,2026-08-30T07:26:31+07:00,2026-08-30T13:29:18+07:00
ca926aba-023c-4316-a3ce-8371cc2b6558,022974967,high_risk,94,3,2026-08-31T19:54:16+07:00,2026-09-22T14:26:33+07:00
08029d10-6908-4c90-93be-a9f07bcd742d,0874716130,high_risk,83,1,2026-09-04T08:49:11+07:00,2026-09-04T08:49:11+07:00
8b20ae88-e202-488d-bda6-ea1baef477d8,0858827459,high_risk,96,1,2026-09-02T03:55:57+07:00,2026-09-02T03:55:57+07:00
93a1e469-324a-4c38-9894-b0ca88179127,0813398811,high_risk,98,3,2026-09-03T04:15:32+07:00,2026-09-14T15:17:19+07:00
f8fd05d1-2399-4489-9f22-782b81f0b4d6,025293097,high_risk,98,2,2026-08-31T19:54:25+07:00,2026-09-02T18:54:20+07:00
3cf534b1-feff-460c-91da-ecf37587d4c6,0616578328,high_risk,92,2,2026-09-08T00:32:58+07:00,2026-09-20T15:18:22+07:00
87a96521-1f3e-49af-b714-f6bce6fe98c0,0948794336,high_risk,94,1,2026-09-11T03:57:37+07:00,2026-09-11T03:57:37+07:00
71e1a456-8143-494e-97bd-6f44437d41d7,0876864258,high_risk,93,3,2026-09-01T04:41:16+07:00,2026-09-20T05:05:30+07:00
f264535e-b2a3-421b-bec8-2d26b0533e51,0893903914,high_risk,94,2,2026-09-05T15:06:25+07:00,2026-09-16T02:43:22+07:00
b265fea9-8d77-419f-a484-e3db838ed33f,0646114690,high_risk,93,2,2026-09-02T00:52:31+07:00,2026-09-03T16:08:58+07:00
0c77ac70-218e-4f88-8fd5-087da42a38b4,0815899064,high_risk,82,2,2026-09-01T03:38:11+07:00,2026-09-01T13:07:15+07:00
32a8e6f5-101d-471b-8a28-2c5802bcc202,0916895020,high_risk,99,2,2026-09-01T18:16:27+07:00,2026-09-23T09:08:24+07:00
16b9c3fd-b844-4994-bafa-eef8413b7ad4,0897403471,high_risk,99,13,2026-09-01T04:35:48+07:00,2026-09-27T14:01:34+07:00
da77c4e5-f990-4c01-aed1-7fcedb5439a5,0875036676,high_risk,97,2,2026-09-03T17:16:34+07:00,2026-09-11T15:50:28+07:00
d22df9e5-070d-4c8e-affa-3af3d6ebf31c,0955611773,suspect,76,1,2026-08-31T18:02:25+07:00,2026-08-31T18:02:25+07:00
f4fdce52-9c8b-408b-aef1-2fec069ebef3,0961086925,high_risk,88,3,2026-09-02T12:15:11+07:00,2026-09-17T02:23:13+07:00
6e818e93-1d24-4f85-b276-75d31fa8ef34,0829851022,high_risk,94,2,2026-09-08T22:52:34+07:00,2026-09-22T11:00:16+07:00
01acf5a2-311f-4355-81b3-6c494dc35bdf,022226174,high_risk,88,2,2026-09-03T01:48:09+07:00,2026-09-07T21:33:21+07:00
c8da51fb-f35a-4e95-9e70-7da468428994,0958882385,high_risk,94,3,2026-08-31T19:40:30+07:00,2026-09-17T08:50:25+07:00
1bacf4d5-4ddb-422a-bd0f-fc3d92b68cf5,0922963008,high_risk,93,3,2026-09-01T00:45:20+07:00,2026-09-09T22:31:51+07:00
6bebf9ae-481d-45b5-bbec-f6c1a6afda4a,0944992565,high_risk,94,3,2026-09-02T14:00:36+07:00,2026-09-04T06:00:54+07:00
2a6b27c6-fe0a-4941-b828-5d1509f261a2,0657801445,high_risk,96,2,2026-09-02T08:41:32+07:00,2026-09-09T14:33:00+07:00
c14e3cb0-3cba-4b37-b4b4-2da4f7ca3ef3,0864954128,high_risk,92,2,2026-09-03T00:16:20+07:00,2026-09-30T12:16:06+07:00
d5d88f6c-237e-4aaa-acf1-fab3ba87581f,0930007792,high_risk,92,3,2026-09-02T09:48:16+07:00,2026-09-14T00:49:07+07:00
8a23acef-8261-4392-b334-8b1b3407bded,0840297488,high_risk,92,3,2026-09-02T10:38:25+07:00,2026-09-05T19:22:15+07:00
9f91d1ef-1168-4d0f-ba51-d47fa68669eb,0848559928,high_risk,94,7,2026-09-02T05:37:15+07:00,2026-09-23T06:08:18+07:00
087e5708-8b65-49a8-85e4-7cab094a86c9,0883370850,high_risk,91,2,2026-09-02T17:59:17+07:00,2026-09-03T01:19:38+07:00
11428c9a-ac0f-4d06-a7ef-1866593d4344,0862120564,high_risk,99,4,2026-09-01T22:03:12+07:00,2026-09-29T15:52:46+07:00
d9615e68-ff50-4374-9def-433d36138019,0650899749,high_risk,85,2,2026-09-02T02:42:17+07:00,2026-09-29T10:44:54+07:00
8c4c3b2d-605f-48a9-88cd-527dda5e0033,0879500261,high_risk,87,2,2026-09-09T02:57:55+07:00,2026-09-09T20:51:49+07:00
05e83d86-b96a-4e4b-90fd-dd29dd476a51,0644811384,high_risk,90,2,2026-09-06T18:53:14+07:00,2026-09-11T11:43:06+07:00
39db3ca4-1f75-45d8-a4d7-a028365b061a,0672450699,high_risk,85,2,2026-09-03T03:23:10+07:00,2026-09-08T12:47:45+07:00
6f8c3616-14b7-4213-b80d-73336de9b4d0,0661226419,high_risk,92,2,2026-09-06T00:22:51+07:00,2026-09-21T12:36:40+07:00
fb5756ad-4794-4d49-9d9b-4df3a30a61a3,029353798,high_risk,90,1,2026-09-07T04:53:38+07:00,2026-09-07T04:53:38+07:00
e86c9e27-2475-4b96-b859-9b922bc48a38,0984183423,high_risk,90,3,2026-09-03T00:37:16+07:00,2026-09-26T06:37:04+07:00
cc288882-e278-4988-ab2e-a2e45d4c6162,0990468775,high_risk,86,2,2026-09-06T23:08:10+07:00,2026-09-19T07:27:17+07:00
1e97f241-2cf3-4d56-be8b-47f751d67ace,0832311087,high_risk,85,1,2026-09-04T16:26:50+07:00,2026-09-04T16:26:50+07:00
8128e700-1237-49ae-857d-a52eae232557,0837947410,high_risk,86,1,2026-09-02T16:43:24+07:00,2026-09-02T16:43:24+07:00
6631d5f2-c511-49de-b9c2-a85d3485ddbc,0968090232,high_risk,85,2,2026-09-03T07:45:39+07:00,2026-09-06T03:05:16+07:00
77976372-80ba-4cb2-8864-56e3d793f058,0821432139,high_risk,92,7,2026-09-02T21:35:19+07:00,2026-09-23T23:06:32+07:00
a90fb4f3-02a5-4e4c-a995-28210dbe5746,022826565,high_risk,96,3,2026-09-03T00:17:29+07:00,2026-09-24T12:47:03+07:00
52b523eb-32b3-4431-baa5-eca34a868dae,0919092964,high_risk,90,3,2026-09-03T23:23:44+07:00,2026-09-29T06:00:19+07:00
51bb1118-70c7-4d39-aae0-5cc330b7a1b2,0995740698,high_risk,95,5,2026-09-03T09:03:43+07:00,2026-09-09T10:29:32+07:00
f35f9528-4246-4628-9891-a9a466b0a09e,027356232,high_risk,94,2,2026-09-06T23:55:33+07:00,2026-09-07T18:29:18+07:00
8aff8e73-5970-45f9-8e16-93671ae6939b,0841133234,high_risk,89,2,2026-09-09T02:12:00+07:00,2026-09-17T04:36:58+07:00
4d6390e9-2891-4163-86bc-aef56692d4a9,0941386487,high_risk,93,1,2026-09-11T02:44:13+07:00,2026-09-11T02:44:13+07:00
f2209516-d09a-460e-a752-bb2662cee840,0851650523,high_risk,88,2,2026-09-04T09:14:13+07:00,2026-09-11T05:32:12+07:00
875c0f4a-0263-4e06-a9e1-50bbbc2aefc3,0685051196,high_risk,86,2,2026-09-17T02:30:49+07:00,2026-09-19T04:47:46+07:00
5ce68a44-56ac-4098-b56f-329df8cedb17,0967820145,high_risk,88,3,2026-09-04T23:19:06+07:00,2026-09-17T08:47:58+07:00
0520d05a-2216-4650-a4a5-d2f6d3c91ac1,0612905257,high_risk,88,2,2026-09-09T16:37:00+07:00,2026-09-12T09:39:26+07:00
87a67879-1ce9-4da7-bb30-b6185748ecb0,0915498891,high_risk,90,2,2026-09-09T12:19:43+07:00,2026-09-13T21:18:37+07:00
b5dbb6e7-a167-4365-8030-c42cebec7967,0873748929,high_risk,99,4,2026-09-05T06:32:10+07:00,2026-09-10T02:15:45+07:00
c5fd5f63-4f6d-4377-9085-64fbbdc53cff,0972819902,high_risk,97,2,2026-09-07T22:37:26+07:00,2026-09-17T00:20:17+07:00
c8452207-fc44-44e1-81bc-b228afc82bac,0871377468,high_risk,95,2,2026-09-04T08:53:13+07:00,2026-09-23T18:30:14+07:00
5b55667e-fb7d-4de9-96d5-225e63b2c2bd,0915477121,high_risk,91,2,2026-09-17T11:11:01+07:00,2026-09-17T23:08:31+07:00
b56217dd-72a4-4d49-9bc3-b8807ea6b11d,0846552057,high_risk,85,3,2026-09-14T18:49:26+07:00,2026-09-20T17:59:35+07:00
8dbf1cc1-900f-4c14-9219-c2580a232c8b,0943144228,high_risk,84,2,2026-09-12T12:47:25+07:00,2026-09-16T17:55:51+07:00
d04fd333-ea80-4b14-b980-ed7089d83356,0926352245,high_risk,89,2,2026-09-07T11:47:12+07:00,2026-09-15T08:21:38+07:00
95534882-86f3-4c74-8108-7ec20e1b1f8f,0683175436,high_risk,98,3,2026-09-08T05:11:13+07:00,2026-09-17T03:16:39+07:00
761bd84d-dec3-4590-b939-965e7825e279,0632884732,high_risk,99,2,2026-09-04T22:52:27+07:00,2026-09-18T20:12:15+07:00
e941b9f6-8349-465b-9a13-f0613291efd8,0865825220,high_risk,96,5,2026-09-05T09:06:13+07:00,2026-09-17T04:23:18+07:00
6308c707-2820-495c-8790-6cabf7b10af7,0898529894,high_risk,88,1,2026-09-11T18:04:16+07:00,2026-09-11T18:04:16+07:00
87473172-4c48-4b18-b021-9162db3434d6,0953462626,high_risk,93,3,2026-09-05T17:46:38+07:00,2026-09-12T15:39:12+07:00
941ddd78-0878-4078-90eb-c27bac0585ed,0843337411,high_risk,91,2,2026-09-05T14:11:57+07:00,2026-09-06T23:15:58+07:00
6aaf59f4-52bb-40f8-947f-698a84efb8d4,0887841670,high_risk,96,3,2026-09-09T08:18:16+07:00,2026-09-19T05:14:47+07:00
dfe5be47-bb7c-4bc3-9463-1d61ec535064,0848483321,high_risk,98,3,2026-09-04T22:18:36+07:00,2026-09-25T04:11:52+07:00
516a791d-d025-4e88-9ecb-2203763d6129,0961979920,high_risk,90,2,2026-09-12T10:43:32+07:00,2026-09-13T09:53:04+07:00
6e9ae224-f144-4b75-ab22-b575fcd3934b,0999772799,high_risk,89,3,2026-09-07T07:55:54+07:00,2026-09-22T23:20:10+07:00
d05409c6-91b9-4838-be72-152610967fdf,0920855625,high_risk,84,2,2026-09-09T22:28:32+07:00,2026-09-16T00:36:29+07:00
fd5131f0-1b81-4e57-b99e-b3bddc702fb3,028597889,high_risk,95,5,2026-09-08T11:35:58+07:00,2026-09-28T05:22:52+07:00
86244b66-991b-4784-998c-8472e6c7401b,0910874431,high_risk,91,2,2026-09-11T04:44:11+07:00,2026-09-26T07:04:51+07:00
a7e1d41f-f7ac-4743-8560-f733a073d9ee,0860163461,high_risk,92,2,2026-09-17T23:08:22+07:00,2026-09-25T14:09:04+07:00
b321c46c-9bf2-475f-a2ad-135306768488,025570731,high_risk,84,2,2026-09-12T07:47:24+07:00,2026-09-15T02:16:07+07:00
53f05acd-8589-4403-9ea2-ea7e71e47007,0932127401,high_risk,83,2,2026-09-07T03:46:55+07:00,2026-09-08T20:27:48+07:00
d838eff0-cee9-4831-9da4-36ab392752d4,021980454,high_risk,95,2,2026-09-05T15:13:47+07:00,2026-09-08T21:18:22+07:00
7e5bc8e6-40f1-467d-a025-1b3f922cc96a,0843948510,high_risk,94,2,2026-09-08T02:20:39+07:00,2026-09-16T13:10:41+07:00
cec542e7-3d83-410f-9f49-cbf6a3413035,0839269375,high_risk,85,2,2026-09-05T20:07:51+07:00,2026-09-07T22:42:41+07:00
d76c58e4-80c1-488b-a640-d806cd2c2c8a,0942656998,high_risk,83,4,2026-09-07T03:57:45+07:00,2026-09-25T11:51:55+07:00
6b080f20-e0a7-4493-b3d2-68a98dbc8107,0841078624,high_risk,97,2,2026-09-09T10:13:56+07:00,2026-09-09T11:54:55+07:00
c2a308c0-4c52-48ec-9a0f-06ad1a5a9667,0875570076,high_risk,95,3,2026-09-07T23:54:30+07:00,2026-09-23T09:27:43+07:00
3cecead8-c7ac-4520-abe5-fdd558afc042,0666860090,high_risk,99,11,2026-09-07T03:43:29+07:00,2026-09-27T21:20:08+07:00
c09a0797-1a65-4b19-b3be-4041bc6822d9,0882185844,high_risk,81,2,2026-09-10T00:58:59+07:00,2026-09-26T02:45:36+07:00
502cb20d-1b3d-4812-bc0d-504af678f118,0673868925,high_risk,89,3,2026-09-10T03:45:59+07:00,2026-09-13T01:44:47+07:00
21123bcb-a9ea-4558-a671-03e65888fc42,0821311539,high_risk,95,13,2026-09-09T04:38:40+07:00,2026-09-29T06:46:41+07:00
9ff684e6-4658-4012-8d13-3f1f8c81fb33,0846914540,high_risk,95,3,2026-09-09T18:17:37+07:00,2026-09-30T19:32:47+07:00
dff24eca-fdce-4477-93cd-acbba56ed21f,0818502607,high_risk,99,8,2026-09-08T00:09:40+07:00,2026-09-18T12:58:10+07:00
f35365dc-8182-4d34-9e88-f60ceaee143b,0878105262,high_risk,89,2,2026-09-11T21:33:02+07:00,2026-09-15T06:40:51+07:00
c94253a2-a80f-455d-97c3-247e5d8b2661,0871248292,high_risk,97,2,2026-09-09T07:46:21+07:00,2026-09-13T09:48:46+07:00
57ab8b45-adc1-453a-9a86-08927ab6fb61,0651511531,high_risk,89,2,2026-09-09T20:23:27+07:00,2026-09-16T10:34:39+07:00
d864285a-cb80-46df-a2dd-b9a9d4cdcc77,0867299519,high_risk,89,1,2026-09-16T07:51:20+07:00,2026-09-16T07:51:20+07:00
0510dc49-b029-416d-be4d-10cc1c51633e,0633512480,high_risk,94,3,2026-09-08T07:15:07+07:00,2026-09-11T10:53:45+07:00
c3727576-cda8-405c-aa25-4d5b857e9938,0696971463,high_risk,99,1,2026-09-08T23:53:18+07:00,2026-09-08T23:53:18+07:00
a51dd667-e0d2-4d44-8f57-297072c0438f,0814388260,high_risk,96,4,2026-09-08T19:21:45+07:00,2026-09-17T03:24:02+07:00
e7d3cfe7-fa3c-4480-bdda-489c660dee85,0967561475,high_risk,90,2,2026-09-09T02:17:34+07:00,2026-09-14T12:57:30+07:00
d121698b-0a16-44d1-aa20-dd401b819dda,023439425,high_risk,84,1,2026-09-22T17:32:32+07:00,2026-09-22T17:32:32+07:00
7b06b2ef-954c-49b8-b52d-b0dd45fc1487,0856132178,high_risk,97,3,2026-09-08T17:28:19+07:00,2026-09-27T17:12:29+07:00
55913c29-ce39-4825-80cb-baf90978302e,0839349048,high_risk,86,1,2026-09-13T06:32:24+07:00,2026-09-13T06:32:24+07:00
45a48bf1-cf62-4c38-9ec5-aeaae767d199,0820215216,high_risk,94,3,2026-09-08T19:06:47+07:00,2026-09-23T03:21:13+07:00
1aed44d5-ef55-49c3-85fb-0e0b9ec10729,024959525,high_risk,92,2,2026-09-11T01:51:56+07:00,2026-09-11T10:13:37+07:00
67b6c796-d863-4dc6-aeea-3913f820d5f3,0845112205,high_risk,85,2,2026-09-09T02:32:16+07:00,2026-09-12T05:37:47+07:00
e13d323b-437d-4f1e-bb6b-b7df9ac0532e,0993359269,high_risk,87,2,2026-09-18T03:14:13+07:00,2026-09-18T08:55:00+07:00
e52a39ac-f3d8-4418-bf7f-fb1daa080290,0637200018,high_risk,90,3,2026-09-09T11:55:09+07:00,2026-09-19T11:55:31+07:00
7f72ea5d-a5c9-4959-8510-0676d91d68dc,024554848,high_risk,87,2,2026-09-11T20:32:23+07:00,2026-09-14T17:44:28+07:00
85da9a10-d5d5-4d5f-ab6a-eb4957cc843b,0831909722,high_risk,97,2,2026-09-09T22:38:49+07:00,2026-09-22T14:54:31+07:00
0b7ae8ee-9945-4396-a6a8-08a767649ae3,0681237304,high_risk,92,3,2026-09-10T05:16:52+07:00,2026-09-19T03:32:48+07:00
2088f19d-02cb-4262-8f1b-373c699347d4,0823183314,high_risk,99,1,2026-09-11T06:03:59+07:00,2026-09-11T06:03:59+07:00
66cd61ef-621e-43cf-bd2a-23d5fbde4f04,0644937407,high_risk,84,1,2026-09-08T17:17:05+07:00,2026-09-08T17:17:05+07:00
c2a3bdc9-696b-4ea8-8c21-51fe5134532d,021630898,high_risk,84,2,2026-09-09T17:25:48+07:00,2026-09-10T00:26:35+07:00
25fee8c3-bc53-4a6c-b944-42ca9a7fb289,0848930963,high_risk,93,2,2026-09-09T04:00:42+07:00,2026-09-17T11:03:50+07:00
827c1cf8-334f-4589-966e-e0bec8e6b274,0982300879,high_risk,93,2,2026-09-08T21:41:39+07:00,2026-09-29T21:47:02+07:00
8d789ff1-71c1-4309-8b93-235c1c8ac0bc,0938105577,high_risk,89,2,2026-09-16T16:14:40+07:00,2026-09-25T05:05:37+07:00
1312c003-0109-4325-bc39-ffa127844d17,0812308698,high_risk,90,2,2026-09-10T19:50:36+07:00,2026-09-27T20:21:10+07:00
51c0a473-343b-4760-8c4f-7c2c152801eb,0829935966,high_risk,94,2,2026-09-10T02:23:37+07:00,2026-09-23T03:44:28+07:00
5e9e595c-1099-4fee-a6f4-91849bf2a16a,0875844286,high_risk,99,19,2026-09-10T02:08:07+07:00,2026-09-30T01:22:06+07:00
f0d963eb-99c3-473e-91ef-b3f9cd9e84fa,0655220832,high_risk,93,2,2026-09-13T18:59:04+07:00,2026-09-15T03:09:25+07:00
79ec3cd2-9214-4463-b2b5-f8771b9ba9ae,0893260424,high_risk,85,2,2026-09-10T22:47:29+07:00,2026-09-11T00:41:45+07:00
49ac9e2d-bdd4-4e4f-976a-1fa8032a27b4,0918751255,high_risk,86,1,2026-09-14T22:07:37+07:00,2026-09-14T22:07:37+07:00
76e68021-c1e0-4554-b3bb-b61c552ae0db,0925638210,high_risk,93,2,2026-09-11T05:11:01+07:00,2026-09-29T00:05:45+07:00
0aef3a87-922b-4d90-9f68-43fd22cd63e7,0839050847,high_risk,84,1,2026-09-19T02:52:24+07:00,2026-09-19T02:52:24+07:00
17baa3d8-4969-40b1-ba16-b42c064885e2,0927041476,suspect,79,1,2026-09-25T04:49:37+07:00,2026-09-25T04:49:37+07:00
faca02c2-5b55-4980-b240-55c41658e874,0835883926,high_risk,90,3,2026-09-09T21:05:11+07:00,2026-09-27T19:20:58+07:00
fa301196-6e2a-4220-a751-93ea5201fbcf,0988429615,high_risk,88,2,2026-09-11T05:04:22+07:00,2026-09-12T08:14:03+07:00
388ecd17-c178-42b0-9aa7-031d926e4567,0897265466,high_risk,91,2,2026-09-16T17:01:43+07:00,2026-09-16T21:44:50+07:00
0147d68c-5b63-443a-8be4-0d346441b7d6,0981436735,high_risk,95,2,2026-09-12T19:46:32+07:00,2026-09-23T13:11:15+07:00
4f5b975d-1786-441f-acf8-e5e8cc2351d4,0662747767,high_risk,87,2,2026-09-23T21:24:11+07:00,2026-09-26T01:55:55+07:00
b9b404d4-116f-4dc1-83da-e870c7aa40a3,0921895081,high_risk,91,2,2026-09-11T09:18:38+07:00,2026-09-15T19:40:07+07:00
8e35f0dd-af0c-4b59-a5b2-029825803a72,0973774798,high_risk,92,2,2026-09-11T20:42:14+07:00,2026-09-12T09:07:24+07:00
ad5dbbf7-ca7f-44e8-a280-7410160a20cc,0622815488,high_risk,86,2,2026-09-13T17:23:09+07:00,2026-09-13T23:16:38+07:00
dbfff099-ab3e-4d01-b288-dd17a0919cf2,0839044398,high_risk,87,2,2026-09-16T00:06:45+07:00,2026-09-25T06:32:07+07:00
769c3ff5-178c-455c-824c-3e3ac00f662b,0951458131,high_risk,90,1,2026-09-16T18:17:31+07:00,2026-09-16T18:17:31+07:00
5cbddeb2-3d9a-463c-95eb-cdc136c3f96b,022541741,high_risk,94,2,2026-09-11T05:41:51+07:00,2026-09-12T05:10:57+07:00
8a8754bb-554c-4e12-a060-cf3337df6832,0988608125,high_risk,84,2,2026-09-11T18:54:45+07:00,2026-09-21T07:03:21+07:00
43cddd08-f80f-4ce9-a164-a6d703a24f7a,0952608704,high_risk,99,2,2026-09-15T04:23:49+07:00,2026-09-29T06:11:45+07:00
2e7c08ab-4ff5-4e54-b360-742c1cd5c2fd,0944170081,high_risk,87,2,2026-09-12T20:58:45+07:00,2026-09-21T00:02:53+07:00
855ad6ba-c429-4750-a1ba-c93bb2768e6a,0975193581,high_risk,87,3,2026-09-15T22:21:14+07:00,2026-09-21T14:09:22+07:00
9ec58cb6-8458-4fe2-b8f8-caa70270c42b,0926733483,high_risk,95,3,2026-09-12T02:05:30+07:00,2026-09-21T00:53:17+07:00
62fd32d5-950f-424b-a5cf-6a7973073f39,0651277946,high_risk,81,1,2026-09-25T13:54:25+07:00,2026-09-25T13:54:25+07:00
b5dfee00-7eb8-4088-a7f9-5c58cb2a755c,0636039588,high_risk,87,2,2026-09-11T23:03:23+07:00,2026-09-12T04:07:45+07:00
3ea8c2e5-4f29-4407-9fad-4fcae129da4f,0815544969,high_risk,89,2,2026-09-16T10:59:52+07:00,2026-09-27T06:44:09+07:00
91783faf-1b93-4e9d-933e-0d3f2e7e66d1,027532422,high_risk,93,2,2026-09-14T06:11:57+07:00,2026-09-21T12:38:24+07:00
d584f6bf-8461-4320-b352-aa9e24dde589,0956146384,high_risk,88,3,2026-09-12T06:05:39+07:00,2026-09-25T10:32:06+07:00
db0a9474-a25f-46ac-bf29-ea5b0bf5bc19,0994768497,high_risk,84,1,2026-09-18T20:50:54+07:00,2026-09-18T20:50:54+07:00
ac66bdc4-3e95-4cdd-ac79-53700e23f9b3,0958115722,high_risk,93,3,2026-09-13T16:59:46+07:00,2026-09-29T13:51:43+07:00
ccc6638a-5b1d-4ab7-b37c-76896675df6f,0885617725,high_risk,89,2,2026-09-25T07:07:07+07:00,2026-09-26T14:12:50+07:00
9e6e0c89-c314-43f8-b630-25da3657be0e,0870347772,high_risk,84,3,2026-09-13T10:15:00+07:00,2026-09-15T14:27:01+07:00
3663f2d7-365b-4ff2-9ade-058c4ee05293,0945904429,high_risk,95,3,2026-09-14T07:38:22+07:00,2026-09-19T13:11:24+07:00
8989a377-00fb-4397-9608-7c56d5879546,0837172629,high_risk,80,2,2026-09-16T04:25:45+07:00,2026-09-22T16:15:36+07:00
0c9257ba-f743-4f20-967f-fde97cf022c4,0966971863,high_risk,87,1,2026-09-17T06:18:09+07:00,2026-09-17T06:18:09+07:00
a550cafe-9897-4ac9-b05b-2808637e6405,025399523,high_risk,99,3,2026-09-15T18:14:43+07:00,2026-09-20T15:23:05+07:00
ce5d65cc-3ea1-4bd8-9db1-38ef214784dc,0943518229,high_risk,87,3,2026-09-15T07:34:38+07:00,2026-09-24T12:03:44+07:00
755818ef-cf89-40fd-a38b-9e4c39adecef,0995276865,high_risk,96,3,2026-09-17T02:18:18+07:00,2026-09-29T21:14:59+07:00
b80d05ea-8c05-4842-bc29-c86bd82aa03f,0951257530,high_risk,82,2,2026-09-14T02:50:06+07:00,2026-09-18T14:44:22+07:00
b3252f3f-4352-479d-82c0-be3bebe07f20,0969350584,high_risk,86,2,2026-09-13T00:42:55+07:00,2026-09-19T04:47:33+07:00
676777c7-0a89-45ad-9db0-b58a680300f4,0935216804,high_risk,91,2,2026-09-14T21:59:59+07:00,2026-09-14T23:32:15+07:00
dd6f286c-ab27-46cc-91f9-25ca2cb5d162,0691131350,high_risk,81,1,2026-09-17T05:55:18+07:00,2026-09-17T05:55:18+07:00
9c3413b5-ec5b-42ed-bc80-bdf6c5db75cb,0916018144,high_risk,81,1,2026-09-16T12:28:26+07:00,2026-09-16T12:28:26+07:00
af7a546f-a4df-4950-80d8-eccba17da07f,0999889486,high_risk,90,2,2026-09-16T06:33:22+07:00,2026-09-24T17:57:56+07:00
d5b96c6b-0c21-48c0-951c-5fb9ebecc632,0821696784,high_risk,90,1,2026-09-16T12:33:30+07:00,2026-09-16T12:33:30+07:00
5ab6be6a-bd48-4817-a22c-bd67b2e71352,0921937906,high_risk,99,3,2026-09-16T05:05:44+07:00,2026-09-17T18:42:13+07:00
d5609950-f3ed-4ef6-b6d0-21d39bd41f5d,0846597215,high_risk,96,2,2026-09-19T23:31:27+07:00,2026-09-22T15:55:02+07:00
860fbd5b-88db-4655-bca3-3ac567e31e8d,0994424245,suspect,78,2,2026-09-16T03:49:22+07:00,2026-09-17T22:54:16+07:00
fd77d1ea-6bb9-4948-9893-539eb1879586,0928933004,high_risk,96,2,2026-09-14T04:35:02+07:00,2026-09-20T00:35:42+07:00
203dacdc-2708-48f0-959f-3926b64fb118,0851859702,high_risk,94,1,2026-09-25T13:26:47+07:00,2026-09-25T13:26:47+07:00
f9a93129-a950-4f18-a3a4-e916064e4100,0692760001,high_risk,92,3,2026-09-16T01:10:04+07:00,2026-09-19T18:32:52+07:00
da40717a-600e-4edf-8edb-684e69defd86,0952866657,high_risk,89,2,2026-09-16T00:31:39+07:00,2026-09-28T17:06:53+07:00
8c6a47cf-3d7b-4239-904f-5dcd728fc002,0967445152,high_risk,98,2,2026-09-15T08:05:35+07:00,2026-09-26T05:27:35+07:00
6e765719-136b-4228-8240-9fa363c8a166,0878249146,high_risk,93,2,2026-09-16T08:47:34+07:00,2026-09-19T09:00:45+07:00
a9790310-c4c5-4877-97e2-eeac1e897236,0643085925,high_risk,85,2,2026-09-16T16:59:57+07:00,2026-09-20T17:21:09+07:00
8f088391-9af5-4166-83b6-1355762a7666,0870606269,high_risk,88,2,2026-09-17T21:46:51+07:00,2026-09-26T06:21:53+07:00
b3c244ed-9732-4e0e-983d-24fde32f23f4,0933586906,high_risk,93,2,2026-09-15T21:04:29+07:00,2026-09-17T08:34:36+07:00
2639dab5-20af-4b32-8065-9f36d56951cc,0835076091,high_risk,89,1,2026-09-20T03:58:04+07:00,2026-09-20T03:58:04+07:00
0d2d9925-5852-4460-a99a-d4d735142688,0871374039,high_risk,88,4,2026-09-15T00:09:38+07:00,2026-09-21T23:43:29+07:00
7097ddad-d0d7-4252-8a76-6e16b839d896,0645968727,high_risk,89,2,2026-09-18T07:03:50+07:00,2026-09-22T08:51:58+07:00
4062c4f6-5739-48b1-a76b-c5d20461ae5d,0644450409,high_risk,91,2,2026-09-18T21:57:19+07:00,2026-09-22T15:58:23+07:00
fd1491ab-99ab-475d-a87b-6af2872887bb,0656247042,high_risk,85,2,2026-09-16T03:36:37+07:00,2026-09-20T07:28:09+07:00
5cd14464-2b23-40ac-9e17-313cadf645ca,0812073757,high_risk,91,2,2026-09-18T06:35:49+07:00,2026-09-26T06:07:05+07:00
a1b1c05a-67cc-4031-a730-2219b3f8abd1,0825263931,high_risk,89,1,2026-09-16T19:07:08+07:00,2026-09-16T19:07:08+07:00
7a740aee-4b96-4be8-a664-9d71ebd97ce0,0911920520,high_risk,87,2,2026-09-17T23:36:23+07:00,2026-09-28T00:30:01+07:00
d20038a5-a6e5-4c3c-b2b1-f329ac2325f1,0844386763,high_risk,98,2,2026-09-29T16:42:16+07:00,2026-09-30T22:00:39+07:00
e1567d97-351d-4a64-9289-93f2c9b1e4be,0870737159,high_risk,99,2,2026-09-16T17:09:34+07:00,2026-09-16T19:44:40+07:00
9ba4fc52-e16f-4a71-a03f-12656e7a8954,028574337,high_risk,84,1,2026-09-15T19:30:20+07:00,2026-09-15T19:30:20+07:00
597db1f4-a4d0-4b37-9cff-92af2a4d584e,0824902072,high_risk,91,2,2026-09-16T00:49:21+07:00,2026-09-26T09:17:51+07:00
23f3e4b4-7673-41c0-800c-0d5404632f93,0910782570,high_risk,88,2,2026-09-25T02:27:43+07:00,2026-09-29T16:18:10+07:00
6af96b51-36a7-46a0-a134-381b23ea6408,0993763710,high_risk,98,2,2026-09-17T00:50:07+07:00,2026-09-17T06:21:51+07:00
ff5241b5-c81c-41cc-a857-509db4bfaf65,0973822768,high_risk,93,1,2026-09-17T23:19:24+07:00,2026-09-17T23:19:24+07:00
0aaae96a-77d9-4778-9aa2-e138f0dfb850,0850713359,high_risk,87,2,2026-09-16T01:57:06+07:00,2026-09-22T10:48:14+07:00
14dabcac-1679-4aa2-9f1b-1989d120c783,023335511,high_risk,89,2,2026-09-17T07:30:34+07:00,2026-09-19T16:41:38+07:00
8daead99-0613-470a-af59-8d4b7b54675c,0846336347,high_risk,97,3,2026-09-16T09:56:33+07:00,2026-09-26T19:28:12+07:00
dcf5130e-89df-4d76-bfc3-8b7cd848aea2,0813821174,high_risk,95,2,2026-09-16T04:51:43+07:00,2026-09-28T10:35:43+07:00
ef71ad0e-1474-445d-854d-fe619dc33891,0683955809,high_risk,89,1,2026-09-17T01:30:56+07:00,2026-09-17T01:30:56+07:00
afa33352-f1b5-417e-9bc6-de4905ecee51,0972491124,high_risk,99,2,2026-09-19T12:29:43+07:00,2026-09-25T19:00:06+07:00
1a9642a8-dd38-4f01-a880-86d187cc1db1,0810446542,high_risk,97,1,2026-09-18T20:37:05+07:00,2026-09-18T20:37:05+07:00
5f1326ae-fb41-42b4-8a50-a076d5d896bc,0992586548,high_risk,86,2,2026-09-26T03:15:56+07:00,2026-09-28T23:34:31+07:00
966ed54a-eef6-4a5d-94cb-01468a610245,0661980511,suspect,76,1,2026-09-19T03:08:55+07:00,2026-09-19T03:08:55+07:00
25072b55-e87f-4b8f-a09a-3b2c3a5b3608,0993628702,high_risk,99,2,2026-09-20T23:21:52+07:00,2026-09-30T12:11:32+07:00
481a42b0-81a0-45d4-842e-59f76fd1133e,0876218384,high_risk,87,2,2026-09-19T09:17:15+07:00,2026-09-30T06:39:09+07:00
ef2c5e9f-257a-49fe-8185-c7873299023a,0866370299,high_risk,84,1,2026-09-25T23:51:35+07:00,2026-09-25T23:51:35+07:00
ce83af72-7c26-45e3-aef2-2e1150437e43,0623325033,high_risk,94,2,2026-09-18T11:30:41+07:00,2026-09-19T13:25:24+07:00
398d5655-768c-40c2-a66d-9d6bce37ec0e,026887299,high_risk,85,2,2026-09-21T07:31:02+07:00,2026-09-22T00:18:23+07:00
22ba6937-ea7d-4c19-8d12-1d2f363dc789,0918044854,high_risk,91,2,2026-09-20T21:35:09+07:00,2026-09-24T10:38:40+07:00
18bff885-6fb1-43e6-bcbc-23d122683fc2,0662163763,high_risk,86,2,2026-09-20T00:32:38+07:00,2026-09-26T18:38:13+07:00
09bd1086-b97f-4414-84c6-c092811a0354,0922027809,high_risk,86,2,2026-09-18T22:12:57+07:00,2026-09-20T19:25:52+07:00
d5663c4b-e114-470c-bd04-b6c9c411b8e1,0990874019,high_risk,96,4,2026-09-17T18:30:06+07:00,2026-09-27T12:04:35+07:00
d6902665-05fe-466b-bab7-3a68e2e9258a,0633433339,high_risk,94,2,2026-09-19T03:02:06+07:00,2026-09-19T05:38:28+07:00
9c9ea5e5-6514-4479-8bd9-424806f0df39,0926214197,high_risk,90,2,2026-09-22T22:38:32+07:00,2026-09-22T22:54:17+07:00
cae1d852-ffd5-4775-b4da-546b138786e1,0925815582,high_risk,93,3,2026-09-18T05:30:35+07:00,2026-09-29T19:32:26+07:00
b72f0525-d529-4d97-bf1e-50d4d0cbf16e,0614492728,high_risk,90,1,2026-09-22T03:40:12+07:00,2026-09-22T03:40:12+07:00
066458a0-05b6-486c-9b16-9627fa23378d,0868364201,high_risk,92,3,2026-09-19T23:13:31+07:00,2026-09-26T14:15:34+07:00
086ea3de-b134-444d-b5d0-8e1e79be2ea9,0653725024,high_risk,90,2,2026-09-22T03:16:36+07:00,2026-09-23T00:37:33+07:00
53fe220e-65a1-4033-a934-f06b1955fa74,0895199448,high_risk,95,2,2026-09-23T04:43:16+07:00,2026-09-29T06:32:35+07:00
87aa73cf-f847-4bd7-9c5d-05135e0a712b,0978123672,high_risk,91,2,2026-09-19T12:47:32+07:00,2026-09-27T20:53:48+07:00
762d4068-f1ae-4400-b440-a4d42d5dcf43,0892903471,high_risk,87,2,2026-09-20T19:08:12+07:00,2026-09-24T22:07:24+07:00
df1f8a05-b54c-4e4a-9eb7-9a213f5cc3e6,024543059,high_risk,90,1,2026-09-19T05:51:22+07:00,2026-09-19T05:51:22+07:00
1d4b59d5-4d19-454a-a179-a25571adbbbf,0925576973,high_risk,87,1,2026-09-23T00:20:04+07:00,2026-09-23T00:20:04+07:00
70b57f10-a8cf-4271-9bea-7a18ddb6f44d,0959120927,high_risk,98,2,2026-09-21T08:12:35+07:00,2026-09-26T06:45:12+07:00
c7a87826-7b8e-4213-bb03-1868fa15f88e,0960426154,high_risk,90,1,2026-09-22T23:50:32+07:00,2026-09-22T23:50:32+07:00
08084168-2c2d-436d-85c6-1e8a380520e8,0933947753,high_risk,99,2,2026-09-23T04:24:15+07:00,2026-09-26T02:02:46+07:00
47a70fea-bfd7-4be8-9359-a4488a26f557,022669609,suspect,79,2,2026-09-22T05:07:28+07:00,2026-09-22T05:24:19+07:00
678f0a03-8dab-4b1a-beea-7b9848d66719,0690779378,high_risk,99,2,2026-09-22T11:24:36+07:00,2026-09-24T12:24:10+07:00
9cfbac55-8f7c-460d-966b-dc51a74c8a1a,0896063929,high_risk,85,1,2026-09-22T20:36:33+07:00,2026-09-22T20:36:33+07:00
f0a2cbff-02bc-4d28-ba98-d4368e32beb0,025739942,high_risk,91,2,2026-09-20T11:55:50+07:00,2026-09-21T04:01:36+07:00
d1be7959-abc2-4dbe-a098-7fd97ebd79bb,0821582682,high_risk,99,3,2026-09-20T04:29:11+07:00,2026-09-27T14:13:32+07:00
00d26840-7d2f-4ddf-bf14-a308b0e4c69e,0962340519,high_risk,84,1,2026-09-20T06:35:14+07:00,2026-09-20T06:35:14+07:00
021ea3a6-0807-4d00-9ca9-cbadb20e6866,0977429220,high_risk,85,2,2026-09-24T20:56:40+07:00,2026-09-25T09:44:05+07:00
07ae2e4d-0e11-468f-84cb-3290ca7784c4,0917551418,high_risk,93,1,2026-09-24T06:53:47+07:00,2026-09-24T06:53:47+07:00
fa936ea8-4e6d-43f1-b91d-5cb9df608ca1,0659859111,high_risk,88,1,2026-09-22T12:47:27+07:00,2026-09-22T12:47:27+07:00
1582e3e0-b233-4367-a165-67291a0ee792,0648507195,high_risk,88,2,2026-09-22T08:16:20+07:00,2026-09-28T01:27:11+07:00
a15a8703-6f69-4161-8e65-589e69e44f29,0938382673,high_risk,88,2,2026-09-23T01:06:28+07:00,2026-09-24T01:31:44+07:00
c1783e88-432c-4766-bfcc-7c2a233ee4a8,0847744570,high_risk,88,2,2026-09-22T09:22:55+07:00,2026-09-30T23:49:45+07:00
d39241e0-98e1-4bbe-8bba-e47c07cc8ede,0830783299,high_risk,90,2,2026-09-21T23:58:12+07:00,2026-09-22T04:35:26+07:00
69f90d50-6e4a-4961-9d7b-a9a30ceb319c,0844613613,high_risk,84,2,2026-09-21T09:08:17+07:00,2026-09-23T11:50:04+07:00
096a6671-84d1-4c70-8b1d-208c17904df4,0996637016,high_risk,94,2,2026-09-22T08:17:03+07:00,2026-09-28T15:44:58+07:00
1edcb9f4-cc43-486c-a2ba-cba59566b67d,0672449211,high_risk,97,2,2026-09-22T16:15:32+07:00,2026-09-24T22:39:38+07:00
baca73e7-e14b-40f7-80c6-962ba82d767c,0646244076,high_risk,90,2,2026-09-24T22:09:16+07:00,2026-09-24T23:04:15+07:00
6800ea72-6db3-4446-8b35-a1dc5ccc82b8,0947197230,high_risk,95,2,2026-09-22T18:28:16+07:00,2026-09-24T07:51:26+07:00
5ea88e5c-41da-41c7-88a2-3f14398fe723,0968045988,high_risk,85,1,2026-09-21T19:37:38+07:00,2026-09-21T19:37:38+07:00
76b5d43b-95dc-44a3-aa94-838400df657e,0882237730,high_risk,92,3,2026-09-22T03:11:22+07:00,2026-09-22T04:43:18+07:00
74789b29-5083-44e1-8a8b-4e765cc43cc9,0967301148,high_risk,95,2,2026-09-23T05:12:20+07:00,2026-09-25T07:01:43+07:00
1b6538fc-a12d-4873-b438-ceeb91797ee9,0853565361,high_risk,83,3,2026-09-22T12:15:18+07:00,2026-09-26T18:25:41+07:00
b688bbeb-5f81-45e8-b148-f657a8da258d,0625350438,high_risk,93,2,2026-09-22T20:45:49+07:00,2026-09-24T02:54:11+07:00
710d5096-5688-483d-a486-3a2d847db0e6,0993912475,high_risk,96,1,2026-09-22T05:15:00+07:00,2026-09-22T05:15:00+07:00
db871701-03d5-4912-8b07-10c9b4bd4b02,0996264359,high_risk,99,2,2026-09-25T19:46:17+07:00,2026-09-25T22:36:15+07:00
eb35bc5f-553f-470e-9eb1-fc7263862c21,0831664373,high_risk,90,2,2026-09-28T21:31:14+07:00,2026-09-29T07:03:35+07:00
ba4c6925-b741-4e73-bcd7-de263aa94cbd,0859271263,high_risk,91,1,2026-09-30T01:12:05+07:00,2026-09-30T01:12:05+07:00
d0e65dfd-99b0-4669-81f9-670ad82223ca,0827610310,high_risk,95,4,2026-09-23T20:09:23+07:00,2026-09-30T19:12:14+07:00
e241bf90-c0fa-49af-81c1-4394882d5d30,0987658798,suspect,79,1,2026-09-24T02:25:06+07:00,2026-09-24T02:25:06+07:00
d755b1e6-0f98-4156-ba8f-1634b0bd221a,0992016144,high_risk,86,2,2026-09-23T18:36:02+07:00,2026-09-23T23:12:29+07:00
46eac836-949c-41f9-aa0e-cd9fcbc7c716,0827471157,high_risk,84,2,2026-09-23T06:49:12+07:00,2026-09-24T15:51:47+07:00
21888c70-e448-4579-a211-cdd230cb47ad,0955008138,high_risk,86,2,2026-09-25T01:58:40+07:00,2026-09-28T02:26:30+07:00
6de178b0-0135-4ae4-9dea-3d88bdfd928c,026830637,high_risk,84,1,2026-09-26T19:56:41+07:00,2026-09-26T19:56:41+07:00
e7e0c022-1276-4533-89fe-6869163b0c42,0934194923,high_risk,92,1,2026-09-25T10:30:10+07:00,2026-09-25T10:30:10+07:00
61243500-54fe-4e3f-95e9-368430010818,0865656520,high_risk,90,2,2026-09-24T10:01:46+07:00,2026-09-25T01:38:10+07:00
9d7301f0-cb46-4d7b-ae6a-72c377672c17,0892334893,high_risk,99,3,2026-09-23T20:35:08+07:00,2026-09-30T04:52:19+07:00
47d254bf-3566-4e29-8f9d-2cb645bf47e2,0889300449,high_risk,86,2,2026-09-23T19:04:41+07:00,2026-09-29T05:54:28+07:00
8ffca0ac-be70-437f-84da-ed7aaaec1d82,0998676971,high_risk,96,2,2026-09-23T20:49:54+07:00,2026-09-28T22:55:58+07:00
03bd750b-45f0-4167-8456-32f9298899fb,0963096317,high_risk,91,2,2026-09-24T12:09:26+07:00,2026-09-29T14:08:53+07:00
2369e170-9e22-4759-b04f-999f2aad481c,0930412445,high_risk,94,3,2026-09-24T17:52:44+07:00,2026-09-25T15:44:41+07:00
50fdab0b-47f3-4ebf-a798-7c81f52f46ce,0645030684,high_risk,83,2,2026-09-26T06:52:18+07:00,2026-09-27T20:48:37+07:00
b326f385-67b0-44c6-8a69-f17e014b1dc2,0853651104,high_risk,92,2,2026-09-25T00:18:20+07:00,2026-09-28T00:42:57+07:00
b32f6fec-9ed2-4139-a736-513f02d73ef6,0881459924,high_risk,99,2,2026-09-25T05:31:26+07:00,2026-09-30T21:49:24+07:00
0fda75e8-fc97-4ef8-80db-10d48b989a5a,0980059701,high_risk,98,2,2026-09-28T22:31:51+07:00,2026-09-29T03:15:14+07:00
39b41df4-caea-4fa0-8eca-b5a0c9e79091,0881323502,high_risk,93,1,2026-09-25T20:24:29+07:00,2026-09-25T20:24:29+07:00
f0ec4212-9d93-4b2d-a7d8-260651f0a448,0873705940,high_risk,93,2,2026-09-25T06:26:47+07:00,2026-09-30T21:09:09+07:00
8b2008c9-7acf-48b3-a75d-f25545e12a41,0966448617,high_risk,94,2,2026-09-25T19:44:08+07:00,2026-09-29T21:13:48+07:00
612141c9-a0ea-4a4a-8727-26ecb5d9b403,0673525462,high_risk,83,1,2026-09-30T10:50:33+07:00,2026-09-30T10:50:33+07:00
79e17854-808d-475d-942f-af739a6b2935,0899328595,high_risk,90,2,2026-09-26T23:40:16+07:00,2026-09-29T17:50:23+07:00
785c25cf-082b-4751-bb0e-72fcb75892c8,0961118261,high_risk,86,2,2026-09-30T20:55:59+07:00,2026-09-30T21:25:57+07:00
11bcac5b-455b-470d-8aca-ce7587274aad,0973966626,high_risk,85,1,2026-09-27T11:13:05+07:00,2026-09-27T11:13:05+07:00
23277cb2-2beb-4c7a-a8e1-f6651f6686a8,0845401361,high_risk,96,2,2026-09-27T04:06:12+07:00,2026-09-28T16:20:37+07:00
c8471d8c-6e1a-496f-a56c-0196595edf9e,027795407,high_risk,89,2,2026-09-26T08:23:11+07:00,2026-09-28T04:20:01+07:00
8b6957a1-9c68-4772-9b63-f6a1471d1671,0835711364,high_risk,97,5,2026-09-25T20:25:04+07:00,2026-09-30T13:57:27+07:00
0afaf312-d291-4d8a-b75c-0780c2ecc8e4,0934281466,high_risk,99,3,2026-09-27T10:19:06+07:00,2026-09-28T04:37:01+07:00
5d30b449-89a3-430d-af6e-607a045603e5,0849175080,high_risk,92,2,2026-09-30T03:14:56+07:00,2026-09-30T14:43:44+07:00
5884556a-1029-4bb3-b105-e5bcc44e8782,0994818587,suspect,78,1,2026-09-29T02:57:33+07:00,2026-09-29T02:57:33+07:00
5fdab3ea-ab7e-49d5-9b11-69a7fdc029f5,0922046606,high_risk,92,2,2026-09-29T21:25:51+07:00,2026-09-29T21:26:39+07:00
74e08d5d-54e6-47d9-a6cc-641103a590af,0693150639,high_risk,95,3,2026-09-26T22:38:30+07:00,2026-09-28T23:06:32+07:00
7bbd48ae-ebb6-4f73-a41b-6f99349e0028,0990677609,high_risk,88,1,2026-09-26T22:28:01+07:00,2026-09-26T22:28:01+07:00
b7329589-f10d-4910-aa36-99751bcc4982,0871616769,high_risk,92,1,2026-09-30T05:16:27+07:00,2026-09-30T05:16:27+07:00
2a88c3a4-9b29-498d-bf70-85fd5af17e71,0833265540,high_risk,87,1,2026-09-28T23:07:23+07:00,2026-09-28T23:07:23+07:00
6589ca64-3ccf-429e-afd3-af9c07cc3d0d,0974484886,high_risk,88,1,2026-09-29T23:48:04+07:00,2026-09-29T23:48:04+07:00
da0d7b54-8e8a-4f15-8cb6-47ddf9d5cdbd,0923247126,high_risk,96,2,2026-09-28T21:47:52+07:00,2026-09-29T00:17:10+07:00
7663bc2b-6e69-4828-86b3-d23933853ec8,0877993473,high_risk,86,1,2026-09-28T14:23:46+07:00,2026-09-28T14:23:46+07:00
8db1a93c-78ac-4dcb-b53c-967a193092f5,0959579583,high_risk,81,2,2026-09-29T01:56:49+07:00,2026-09-29T10:52:36+07:00
08cec20b-60e8-4861-a47b-0d41434ea0df,029148331,high_risk,80,1,2026-09-29T18:45:14+07:00,2026-09-29T18:45:14+07:00
b6cc26fb-f906-4840-9dc5-f574c61daf0c,0819399616,high_risk,88,3,2026-09-27T23:41:34+07:00,2026-09-30T01:40:22+07:00
9e29b0f0-08f5-41b7-9fc1-198bec2126a3,0899432001,suspect,74,1,2026-09-28T06:10:47+07:00,2026-09-28T06:10:47+07:00
12cc30af-e4b6-4f0c-82a0-1398d56a40d9,0843597553,high_risk,85,2,2026-09-28T03:07:28+07:00,2026-09-30T09:08:14+07:00
5c37fc14-de19-4628-9912-d555b04aef88,0665616579,high_risk,95,2,2026-09-28T23:27:46+07:00,2026-09-29T00:21:53+07:00
80468470-5ada-4d79-a3a1-36a11fea4646,0933435567,high_risk,96,1,2026-09-29T01:15:38+07:00,2026-09-29T01:15:38+07:00
e23a4ca9-ba5d-4be8-8853-16dc8b6bb12b,0642232263,high_risk,84,1,2026-09-29T05:09:06+07:00,2026-09-29T05:09:06+07:00
34f061d2-e44c-4698-aeea-38788691a702,0895620373,high_risk,90,1,2026-09-28T23:23:14+07:00,2026-09-28T23:23:14+07:00
8d9ac745-35bd-4f1d-ab9d-c02631797eab,0992378111,high_risk,87,2,2026-09-28T20:21:06+07:00,2026-09-28T20:36:32+07:00
a45afc80-9f3b-4ee7-9344-3412b4f0ba98,0893610554,suspect,68,1,2026-09-28T13:56:45+07:00,2026-09-28T13:56:45+07:00
1ce7d5df-d1b1-4efa-b925-3d8e043a8d3b,023012289,high_risk,83,1,2026-09-29T22:19:17+07:00,2026-09-29T22:19:17+07:00
de074f2b-c366-4bab-91ee-4c5a1b3984a7,0876055337,high_risk,88,1,2026-09-30T01:39:47+07:00,2026-09-30T01:39:47+07:00
1f20b337-dd45-480e-ba07-8ed8f1c6d006,0895688151,high_risk,90,1,2026-09-30T04:32:06+07:00,2026-09-30T04:32:06+07:00
a695b721-12c6-4758-8ad2-2de9c2802c4b,0693332972,high_risk,88,1,2026-09-30T17:59:59+07:00,2026-09-30T17:59:59+07:00
