report_id,category_id
c8ff52c1-dd5f-4b02-929a-d25f472956c7,2
21ce4a50-f874-4aa3-be34-cf6d0840ee50,6
21ce4a50-f874-4aa3-be34-cf6d0840ee50,7
be1d9f5d-8bcf-45a7-9960-e11084d80340,1
c0e5263f-0e73-45e5-a5f1-eddd5df7c621,3
93d4a978-8202-4ffd-bc15-421d86ade4e5,3
76a5e0a3-d575-4bad-b073-650e0a51b1dc,3
434116e8-e284-4474-93ea-f6cc52f146ae,2
434116e8-e284-4474-93ea-f6cc52f146ae,3
3667fb3f-cfe4-469d-b937-916ebb9494e3,5
ea7bec87-94cf-4249-b0a5-9f4f4121d716,2
ea7bec87-94cf-4249-b0a5-9f4f4121d716,4
a31c1ad7-53d3-45ac-903d-a8f721f68358,4
495bbe9e-e265-4bcc-9831-6023d5337d31,5
f99def74-41f7-4116-9121-25f0baacff1a,5
c5cbc7cf-a91d-438f-99d9-4c6d4f249fdf,2
427741f2-b88a-4da1-baa6-0f4da2ffa172,2
75c00776-e37d-44d3-8e5c-95757f2d4a7d,1
6a19ed03-91e0-4f61-9756-89ee554ea6da,5
6a19ed03-91e0-4f61-9756-89ee554ea6da,7
47bd2c3e-747c-4304-abf5-0c47f94b2249,1
47bd2c3e-747c-4304-abf5-0c47f94b2249,5
cfdc0874-832b-41d0-86e1-1d67b820fd59,6
cfdc0874-832b-41d0-86e1-1d67b820fd59,7
9e5677b3-2987-4ed1-aa2b-20d3fa530da0,6
11832cd6-7ce6-4405-bf84-2a8d401e0c9d,4
6f8d825a-8cee-4e1c-ab65-b0c7f43ee342,4
7570682a-aae3-40a9-8933-ba85b6de2b47,1
3d2457e5-aca7-43b7-aa45-2628855e276e,1
3f3258a3-f6a4-42ff-92d3-f6f726063477,1
2c6fb993-8f94-43a2-842a-275d61bab8b7,1
b1d6fbc0-a4b7-4c9c-9a8a-7868720f1370,1
066d7f59-040e-4dff-a8c6-a141e0751c3b,5
7655de99-69e0-4373-99e0-6640312ab8f1,5
165ea256-23b8-4b5c-b87f-3b63b41eadf8,2
8ba5e6c3-cbe6-41a1-a2cd-edd1b8f61a4d,2
db09411a-9ad1-4073-a852-6519ef20b181,1
5ead4fdb-8fa5-44fa-96e6-c36e27e7a842,1
8e43fa17-0dce-42cf-8ddf-8809f04f2ec4,2
e0b18e2a-f09a-46b2-9da7-5047a9943a79,2
c7f35497-2528-47c6-9485-4244b9def306,6
53e2156f-1063-4089-a73c-53377af1f7a9,6
6d8e542e-5b30-4a29-8c88-10035676e8f6,2
576ecfad-e449-46ae-a881-19f51e50c863,1
0a21b974-f998-438a-9e0d-90d6492034c9,1
cab78bde-be09-465e-b6cb-b878b62be474,1
3119ae57-c270-421e-b3d3-901585b2e309,1
ca8fa913-bf97-46dd-99db-6370a0cbc0a1,3
7033387b-c158-460d-a77d-9ce71d9bb56e,3
40b0c0e6-5b06-49a3-a6ac-5c18abe62233,3
ed4edc46-ffe9-4837-9b6f-58ef11e55e7e,3
80b8f6f0-128a-4e54-86b1-b002b86bee4e,1
159deb6c-63c1-472b-abf8-74abf6f92a7b,1
3810fd93-1628-4cc0-a2b6-c84d429cefba,1
40223a7b-8c41-4f7a-be30-fe5080ef249a,2
738bbe9b-6bc2-4f71-8d0a-8a40d984033b,1
3e5bba8d-a6b0-4c7d-bdac-9310aff5ac33,1
410807ce-02e3-462b-ac80-8490530e6a2a,1
cb04565c-c515-4b5b-9cec-692e4dbc2abf,2
ffd4a2d4-15ab-4c8d-81e2-849869b40141,2
96cb324c-c644-4ac3-a75b-dc419f4c7765,1
7e9c1e80-5767-4756-87f8-6993122e66dc,1
a78f114b-7430-4d73-96b1-5e39b9dd62f1,1
66c37876-0fb3-49ad-ae1d-ccc5d524914f,1
32ef7fba-dee1-4c09-ae7c-80bbcee09e5f,1
2824097d-7f80-492f-9dcc-d3ac504bc237,1
722accbf-09a6-4016-ba35-f5543d1ecee2,3
722accbf-09a6-4016-ba35-f5543d1ecee2,7
2519dca1-2f76-4a7d-abc6-3020fbd0f8c4,3
226bef6b-8831-485a-9f94-a94eac54f4f3,3
11164760-d515-42c2-87aa-6cd45585c27a,1
7c9107c5-ce27-47a7-9e6f-37c4f139f055,1
7c9107c5-ce27-47a7-9e6f-37c4f139f055,6
3afd98a0-aa9d-4463-acdd-3f6c79f62796,6
4ebc5dff-9366-4efb-9578-f5bf7de0f651,1
4ebc5dff-9366-4efb-9578-f5bf7de0f651,4
cab1e878-e555-4df2-adce-3657fd527513,1
cab1e878-e555-4df2-adce-3657fd527513,4
767bcc69-8ed5-49c8-b379-e7e7c85b89a8,4
7a63714e-bb6f-4ca6-bf5f-09d2b48fbbef,4
7a63714e-bb6f-4ca6-bf5f-09d2b48fbbef,7
e0f8a97e-752f-406c-a5f6-9d136c6bc3f4,4
d908d51d-0b37-4f9e-85f3-1437b1978746,4
253e1783-d4c5-4fac-aa34-f85390728172,4
253e1783-d4c5-4fac-aa34-f85390728172,7
796d82d2-2142-44aa-ae20-913e81119d3a,4
d1fbec5b-ca63-4995-9c54-738f11f10b83,2
750e2e4f-96d0-401e-9354-46c973a172e5,1
877e5d52-fc8c-4a01-ac87-257f80e9bf54,1
ccfbff57-1d1d-443c-859d-9d6303c25955,4
950d7c30-a60d-46b2-801c-0cf07f91a55d,1
52cb7e45-6855-4b93-babe-cfd365dac792,1
971d756b-b952-41a5-ac51-97db63f9b53e,1
971d756b-b952-41a5-ac51-97db63f9b53e,8
0a518d00-fccc-4ed9-91df-98c0d133e89a,5
d48fdce8-4c28-43d0-92a7-e12db56a568c,5
adabd609-9c9c-454a-9ae9-c44b33aa9074,7
adabd609-9c9c-454a-9ae9-c44b33aa9074,8
d176ed96-285b-45b3-a9c1-ec969afa32dc,7
d176ed96-285b-45b3-a9c1-ec969afa32dc,8
814a5bf9-67ad-4aa4-8e87-8620e266a3ae,1
814a5bf9-67ad-4aa4-8e87-8620e266a3ae,8
ff3a9c19-77d8-4eb0-84f8-86dbdce2f1e8,1
ff3a9c19-77d8-4eb0-84f8-86dbdce2f1e8,8
10b7d6a1-e106-454a-ae50-71d645faf219,8
703f2d83-6faf-4539-a3ff-bd6c78bda3fe,8
a316d479-e11e-4c03-8a22-cfe83b98b568,1
96396160-c4a5-4953-97b8-3dfdc8853bba,1
c64ad9f5-47d8-413c-8ad1-00892e2c3aae,1
435c79b8-539f-4be0-b1cf-ffb1a72f8a98,1
83dd4212-6db4-420f-9a54-726489c4d924,1
83dd4212-6db4-420f-9a54-726489c4d924,2
0cb66abb-2c44-4b51-87f3-4e28d26a309c,2
0cb66abb-2c44-4b51-87f3-4e28d26a309c,3
d5d24162-e105-447c-9964-04f0d2fc2847,3
5605817d-e10c-424b-9f3a-53c5fcb8602e,1
f22c3b2b-a49f-4a90-a8e8-9b159e957c68,1
5e1436d5-3ac6-422d-9b69-8195f03119e7,1
3717e3b9-537e-4c02-bdea-e0878e5ae771,6
e4afa7a0-3c1e-4b65-810e-6a6cc15ef2f9,6
76b4985b-e0ec-4aa3-8df1-c16a3d0c5f2e,1
864f5ae5-49d9-4f31-ad46-07c509fa8d08,1
abdbdfc6-5e86-43e7-a4c8-44688f5e0295,3
6fac6dc1-cec8-43f2-ac2f-e3f5e28dd2c0,1
6fac6dc1-cec8-43f2-ac2f-e3f5e28dd2c0,3
60255002-5246-46cb-873a-0c0cc70b878e,5
a635d048-67be-4e13-8209-41b3ba5e4b6d,5
16dfd363-f6b4-47c6-93b4-ff290aa172e3,6
074bb946-f50a-4262-88cb-2f2491dd3bb4,6
bfa28fc5-4f1b-46ae-988b-7f06e9b09e8e,8
0ca4d8ee-5ccb-4867-86f9-0b85368e3440,8
74c1ad9a-f9bb-4ec0-8a74-ab0431fdfc69,3
ed3b9813-b4c2-4a7a-9fa6-9dd707705b29,1
cc766ba9-0dd4-4af7-baa3-8f25e5189f35,1
cc766ba9-0dd4-4af7-baa3-8f25e5189f35,7
1c9598b9-c1a4-4f5e-8527-4501705dffa1,1
1c9598b9-c1a4-4f5e-8527-4501705dffa1,7
6f41b69c-61f9-4763-bbf0-72270b7c1807,3
f5980035-a4e1-4d64-b2da-e690158c5b06,3
f5980035-a4e1-4d64-b2da-e690158c5b06,8
4922033c-e122-4ed7-b21e-4c5daad3b4a9,1
820c3185-80b7-4558-bcb1-e2dab17174fb,1
820c3185-80b7-4558-bcb1-e2dab17174fb,2
f7714f66-3c62-45e4-8299-65ca05d9ea91,2
77a401df-51ee-464d-bd59-7a6d35faf65a,4
2a3260d0-7d0d-4ae6-8dba-0ad94506081d,4
a2103ae1-9b11-4719-a799-abbfd2fa5f55,1
a2103ae1-9b11-4719-a799-abbfd2fa5f55,8
fb56f717-b98e-43f7-b722-d3b6ce1f0eff,1
c2d260ff-412a-4317-addd-cfd492c29e56,1
bf54cbbb-2856-4c46-a1f2-9dc7457f0e9d,1
bf54cbbb-2856-4c46-a1f2-9dc7457f0e9d,2
44fa639d-2f27-4aa3-a6bd-8be6d47e06a7,1
b3cfbbf4-476f-42df-b388-c8f6f5b94277,4
cba714cf-6715-4e98-a697-192c39410e56,4
4ea1ba8f-90dd-4769-b10d-9157b49b00b2,2
4ea1ba8f-90dd-4769-b10d-9157b49b00b2,4
220139cd-b9ec-4568-9bcc-40727090691d,5
0443a5df-57a8-4441-a11b-8fd707e4909e,5
b3247870-b53f-4a25-a28f-14ad1c9379b4,5
5b406b1c-b333-43b6-8f71-9b4daccd2f2c,5
e77fbf93-2494-482b-9eb8-08ab5d42e5c9,5
b69c5520-677d-4d51-a141-05026d513789,6
063cbca4-b895-4866-a9fe-e810e9f0400e,6
063cbca4-b895-4866-a9fe-e810e9f0400e,8
0cbe90a8-f9b8-48f0-aefb-1fbe613e78ff,3
2ce6ca63-a691-4d3f-b0a8-b3c0dff8aeef,3
a46da7fc-359c-4150-9b8e-6fe7b303f01c,1
4457d6b7-ec75-48a8-ac0f-a4a173836e2e,1
00598204-7dde-4b9b-8936-5ff22380ee54,1
921d6692-da40-4e73-b7b1-975e1d8722f9,2
430e1874-a9c8-41c6-97ad-1ff5aa72f4be,2
264d0af2-11ae-4c72-b4fc-ef68bda46128,1
9e5e79ec-dee9-46ca-b904-3668121643ac,1
0e8c871e-9fb8-438c-9063-3bd003518f73,4
50391da0-01a3-4768-84e5-b9f078e81ad5,4
7caf4990-4670-4ef8-85e2-0463c525e584,1
7caf4990-4670-4ef8-85e2-0463c525e584,4
a7fa4d99-e7f6-4770-b1cc-c91f4d45b9bd,7
ee0d402f-5795-4710-a334-2275a0269c3f,5
078d8427-8813-4e46-8988-78fde7cb73cc,5
695e9952-9b4a-4a0a-9eb8-7710cca6626d,2
695e9952-9b4a-4a0a-9eb8-7710cca6626d,3
b263f917-b27a-406a-934a-7ee4b2c92bcb,3
50617258-d032-4a6e-80d7-2495987672b9,3
50617258-d032-4a6e-80d7-2495987672b9,7
ff038351-922f-44bc-9942-4ac40a6883d7,3
ff038351-922f-44bc-9942-4ac40a6883d7,7
2042befb-7684-48bb-802d-29e8c2d5ebc8,1
5754f13a-40e0-4643-bbd7-f048a0a3df82,1
4e904f9e-48bb-4270-a78f-a8d95812b2b5,1
4e904f9e-48bb-4270-a78f-a8d95812b2b5,7
971b13d3-3eac-41bb-9ae6-63e329b2d220,1
4f5f401e-55a1-4808-a598-6a6d5c3168cb,4
56180b04-df56-4302-946d-252cccf4ea02,4
0bf1867b-81a8-433f-b4b8-875a8595d25e,1
fc533e1f-5d22-48a7-9113-febe9c0b9b27,1
efea5025-bcb9-4767-8a10-7c47445c3c13,3
efea5025-bcb9-4767-8a10-7c47445c3c13,7
1c342449-fc49-4739-aeec-b08116956bd5,3
37ae40d8-af08-425d-ab88-ce5ab79c802b,3
5a6f70b4-7ee4-413e-9d86-e1cb900556f5,3
c82e802c-6c3d-46a3-9c22-685b302c9dbc,3
2eea47db-2cd8-483e-95a4-5422a4adb3a6,2
2eea47db-2cd8-483e-95a4-5422a4adb3a6,3
ef068b8c-df2a-47ac-9bfa-a8e08dfda246,3
30c5f370-97d6-4aea-aab2-1cc36883697c,3
a7f8a593-78a7-4c95-be7b-a36a4866a55e,7
5f41b412-9d7f-42f4-9e5a-46b2158bb0e4,7
a48d1735-b1a2-41fe-af8c-21f068160b58,2
5e5fdc44-4402-4a9b-825d-3388164e5682,1
dc960790-4ca1-4141-8a18-ec028475f3f9,1
dc960790-4ca1-4141-8a18-ec028475f3f9,7
1a0cb2c7-0dce-4a1c-ab06-0c13392b8943,7
1a0cb2c7-0dce-4a1c-ab06-0c13392b8943,8
81b2c7d3-0449-4b9d-b562-e4d00b00c079,7
81b2c7d3-0449-4b9d-b562-e4d00b00c079,8
5393d74a-87c7-4e07-af90-7e5269baca39,2
0b9c2373-3397-467f-a3d8-00da6c565174,2
aa041ec1-04ac-4d37-9798-148bf9852c19,1
57ad6413-1936-4783-be17-8425cd055e9f,1
14bea5ef-c370-4b83-9d12-95a439c18005,5
ca6e8658-6e60-4f97-967b-ca622110b399,3
927580ee-64ed-4505-94d9-88a78895d763,8
f235e031-d7e6-4bb0-bd3e-2373aceba20d,8
1dfade16-b6d9-46cd-8ca0-c20350a35003,7
8e9d8867-7ad9-407b-a4a6-41d8463ba0d8,2
8e9d8867-7ad9-407b-a4a6-41d8463ba0d8,8
fa864228-d1be-4cd0-adc0-77701dd5b8c6,6
fefbb0d5-ca73-4896-bdcb-e82e45741f14,6
44aa6638-1a6c-49d8-92c5-c2e1a319a9c9,1
51d95c7b-6891-4abe-aba1-20e03c0ed4ae,1
cb4e1bfb-e84d-47e7-9ebf-f3b14e2cbe36,1
95702565-8b40-490d-b75a-865d293a3fc8,4
591c6035-923f-4944-8a7d-0a1898ad04aa,4
aaef6511-5dac-4af7-be72-a1939b52236d,1
f48e78c2-43a0-4d62-a2d5-58881dc0a4dd,4
65f5ca57-acf1-4623-b6cb-ffe2b79194e2,4
8ea28d9a-72af-4c5c-956a-1809d237ae33,3
8ea28d9a-72af-4c5c-956a-1809d237ae33,7
17baf8f7-40c2-4c45-9740-9faa594225d6,3
17baf8f7-40c2-4c45-9740-9faa594225d6,7
9bd1b960-3a80-40a2-8f71-a227097ddc16,3
e7ebd406-03e3-46d2-b5b9-9e5aad5ad701,6
e7ebd406-03e3-46d2-b5b9-9e5aad5ad701,7
cc53bfe3-faa9-4b1e-adad-6b3e0cde2e78,6
6f87cb0e-efc7-4d3c-90c3-2636c95cd18b,6
6f87cb0e-efc7-4d3c-90c3-2636c95cd18b,8
3c3bae9d-dbb4-42e6-82ae-16226ff7148d,6
d74e94e9-b452-4415-84b2-e14d5c6a88a3,6
58c403dd-1653-41b4-bdda-4421535d9737,6
58c403dd-1653-41b4-bdda-4421535d9737,8
648bb10d-f72f-4ebb-ab3f-0e8399036fb2,6
cdc87810-6533-469e-9013-c1edffe2a4eb,6
cdc87810-6533-469e-9013-c1edffe2a4eb,7
2c160dbe-5668-4455-b37f-bec740e89dce,6
0e4e9c37-a1aa-47ff-8c18-7f4f986e1e09,6
8ee3ffab-e858-4fe1-9124-6b28d43b8886,6
636667d3-33dc-43d3-a564-d8f59cb04df3,6
636667d3-33dc-43d3-a564-d8f59cb04df3,7
de084e1f-9631-426c-8131-75c4c8ce1acb,3
623de4be-3075-4ab5-afb4-fd57e7a23698,3
f61dabe1-db9f-4ca9-80d0-25b361a7dd02,1
abc573b6-ce89-4dc4-b455-a8aff847c7ab,1
b94da8a6-cf0a-47d5-b228-bb1641c388f3,2
a7a64cde-e666-492e-bb7b-b6d4b2d1844a,2
023f2f74-55c8-4d3d-8f07-ae6a48a7e41e,4
34327c9f-acaf-4302-bb06-d03578c56014,2
34327c9f-acaf-4302-bb06-d03578c56014,4
d92eee99-0673-40e2-b00d-a228f505e275,1
f658b50b-7ae2-461d-82f6-f539147b498a,1
ce877638-5209-4195-899f-55312cd00e45,2
8bacffd4-8bad-4535-82bc-ab1acd4f47dc,1
8bacffd4-8bad-4535-82bc-ab1acd4f47dc,2
76accce5-2757-44d4-9376-eab88fe0cd6b,3
a92531f4-5815-420a-ab40-c58413635eaa,3
5a8bf7c6-10fc-4b0b-97f6-20a3e6dc9d2d,3
5a8bf7c6-10fc-4b0b-97f6-20a3e6dc9d2d,7
582a54c1-e6b8-4ee3-a5c7-a2fda01a0e2b,3
582a54c1-e6b8-4ee3-a5c7-a2fda01a0e2b,7
d5286833-e75a-4261-8050-798839faf712,1
0f42bb7a-fdde-4c62-b768-c1c581c952bf,1
fea88872-1ab2-489b-af27-240e3e1dcfe8,1
fea88872-1ab2-489b-af27-240e3e1dcfe8,2
9758d328-e925-4637-98f3-d31b149246c0,7
9758d328-e925-4637-98f3-d31b149246c0,8
a44815c9-26e6-4dfc-ad37-d647af1d8153,1
a44815c9-26e6-4dfc-ad37-d647af1d8153,8
591539af-f900-425f-b40d-520a9d34753a,8
12c1c0ee-c62a-40ec-bb0d-3087ee1a683a,7
12c1c0ee-c62a-40ec-bb0d-3087ee1a683a,8
a36bcafd-e34d-41be-ba64-bb61ed749d9c,2
0c6cea65-6dd9-4161-b788-8c6926d9e071,4
3edaeda7-4627-49b4-9846-a15c9c298f5b,4
d1116490-5fad-4031-ad1a-24ffb42d9280,1
d1116490-5fad-4031-ad1a-24ffb42d9280,8
25e9e289-7ec9-41b4-a8f8-e9b339f29961,1
adc3e5ca-4fc3-4f03-96e2-37295bdb4542,1
adc3e5ca-4fc3-4f03-96e2-37295bdb4542,4
f2a946c1-fc9c-4bac-acbf-dfc616109d59,2
f2a946c1-fc9c-4bac-acbf-dfc616109d59,4
b3569cf4-4922-4eb2-b609-7a9e2313640f,4
b20df58e-2377-4360-bf2c-693e018a1711,1
7966450b-c4ba-4394-9d2e-f0d060e38cac,1
fb1ad02d-3651-4d92-bae9-0757a9e62150,1
a3d81cb4-abd7-4171-a28c-54f905f990c4,1
a3d81cb4-abd7-4171-a28c-54f905f990c4,2
13628942-8780-414e-9c27-f2258efe9ef0,1
4d830269-1796-43c2-a203-d628d4565395,1
7728270f-968c-4db1-b068-1b105d33cabd,2
a8d1cf09-f2fc-4073-92ba-c0fff47db797,2
a8d1cf09-f2fc-4073-92ba-c0fff47db797,7
f7a12bbf-0cbb-42ef-aff7-294912b76cdb,2
f3e7db9a-441c-4cf9-83fc-df05d38ac51c,4
65185588-5be5-42c6-a313-83c942f6441e,4
65185588-5be5-42c6-a313-83c942f6441e,7
6f43f59e-2beb-4ae4-8346-cd5eafc0edfa,3
854dce20-7ea7-47be-bd57-61f8403cda6b,3
2fe0e448-6a34-40bf-a890-519b58f90f96,2
2fe0e448-6a34-40bf-a890-519b58f90f96,7
e7db766c-3a2d-482f-9dc1-185a40f3fb56,2
bf6c6368-f18c-4ef4-8d58-83d044a990d6,3
360098cb-42db-42d2-8cb8-475e12ad2888,3
b44f6104-38e9-460d-9050-e16eb2546d09,1
90e5ba79-1bdb-4c3e-a49d-4d90bd9af3d3,1
d47c8217-91e8-4d3c-a2a5-a8c3139f4427,1
d47c8217-91e8-4d3c-a2a5-a8c3139f4427,7
d9b763d7-ee83-415a-86b5-26ec9dce2765,6
b1fe67f5-84d6-4162-8260-9f295c53f252,1
b1fe67f5-84d6-4162-8260-9f295c53f252,6
8f7fb8de-bce9-4133-a2f8-f0c619fe95e7,6
a6c47076-c773-4134-a1eb-ed580c0354af,6
3af1705e-ca18-4e27-990a-d28a1263fee3,6
f5651a5a-83ad-4cc7-ac49-55a4f5c2e45d,5
b9a1f8ba-1f9c-4121-959d-c29ad95faeb3,5
4e2bc5fc-e153-4f2c-8e94-7de2297947b4,5
63e4a6d8-3dd1-434a-8cb9-5ecc24aa4325,2
89ffdb40-9e3e-4f8e-994a-992d2cd0c170,4
4858c377-1132-4637-a182-69e4efe1ec93,3
9c293800-8ecc-4cf0-9b2d-a08f95fa5765,3
30e19606-d325-4827-ae25-8336c8541418,3
160bddd6-0621-4788-8cb2-55e058a0a2b1,2
6351815a-fd2f-4dad-826c-74705b92c651,2
661b1fb2-b7f7-477e-ace6-a893df6b0a68,1
661b1fb2-b7f7-477e-ace6-a893df6b0a68,2
6f1bc72e-70f1-4a1e-9126-22640b98d5ed,1
cd5306d9-d0ea-4ae8-81a4-7ce1d6ecee4c,1
9b6b5955-4cdd-4301-b398-702038ce9e42,1
7cb4b3b5-cf80-4cd7-8abc-b262bf166ddb,8
a994ae0d-d356-4b25-90f8-2d3ec439282f,1
9f3057e3-1e13-40b9-ac12-87125dcd78f2,1
95c1defc-ef96-4a1b-af83-c7dd63d2ccc3,2
da733317-7f8a-4c84-b196-0d14845125e2,5
82a8c03c-6214-4458-ace3-4dbb410ec561,2
82a8c03c-6214-4458-ace3-4dbb410ec561,5
5003213b-9dfc-4bcf-aa6a-516c10a0342a,5
b3b3090a-52f5-4388-8ee3-6a0c488b2ba5,5
a92c8524-2b69-4e4a-a9d6-d10559f16795,6
821d002c-db20-423c-a853-e27db70e0b71,6
821d002c-db20-423c-a853-e27db70e0b71,7
e004b041-ebdc-4b27-84ff-fe3a9ada7975,1
2691703b-b185-4ff9-9700-f826d5dd8395,1
66d12e6d-9cc8-4373-8d44-a3ccfc541275,4
144941bb-3ceb-4b49-bb06-737cc84547f3,2
144941bb-3ceb-4b49-bb06-737cc84547f3,7
bb7fea43-ce8f-4b81-a508-e81144411ec8,1
bb7fea43-ce8f-4b81-a508-e81144411ec8,2
857f056b-dbf4-4199-a9e7-1607fd4a05e4,4
6581aa6e-e677-4c0a-b17e-ef8fddcf223d,2
09914b1f-e15d-493c-982e-39abf02962bd,5
09914b1f-e15d-493c-982e-39abf02962bd,7
20323a0c-e631-4be3-8744-89bea1959bc2,5
e039c7f8-19af-4d48-8fed-9844d7e05f4b,1
e039c7f8-19af-4d48-8fed-9844d7e05f4b,2
ba8f7a2d-5861-4723-819b-3a799e1eb4ff,2
86cf5d80-d223-4757-af80-5e8fecd12354,2
019c5281-0923-4457-829d-e57c40e9999a,2
fb35c79c-5939-472c-b54a-0be6f6459bef,8
14eec7e8-0bb2-4429-babd-cc2b0bff39c4,8
84e2d745-4de4-4c22-8af2-78d161c95037,8
cfac8b0d-5058-435f-a306-c39017cb999d,8
4ad1efee-f512-41d9-91fa-ba933bd104fd,1
2a38602f-0460-496f-b848-560f39eb5047,1
227b62b0-f238-4c54-8c2a-9aed64bbb530,6
965c7cab-d193-4fb8-ac8a-7ba30acc7b95,6
2dd81ca3-6695-4636-8ac9-c40f81d23127,1
2dd81ca3-6695-4636-8ac9-c40f81d23127,3
c43e5aec-31e3-4557-9cae-37c1cdab5c7f,3
3b3fa8a6-af34-4697-bf8a-387ada4981b1,3
5e3f5f59-88f7-44a3-8f08-28288f824740,1
613ecf89-49d5-40d4-8321-14c44614b73e,1
85a46567-28a5-4294-b12b-709731890421,1
2d36d8ed-ef67-4872-abda-841f0082635a,1
f66c990c-3c7d-4e45-8ca4-a1300aab8754,1
0f4e348c-32a2-4118-b7ff-72d3fa527ae0,1
e9fd6010-10e9-4355-86bb-4bca10d7c3bb,1
08561cc0-6a94-4689-be49-9ed6e9068570,7
08561cc0-6a94-4689-be49-9ed6e9068570,8
9a52f9c7-2647-4a6d-a858-db6b57a078e1,8
703de113-581f-45f0-9d66-018286fe8d07,6
43fc27eb-0d37-4637-a92b-fe0a9d0af0ce,2
404d3637-9501-4a3e-ae03-eb739346d0a5,1
404d3637-9501-4a3e-ae03-eb739346d0a5,2
5c618de1-a48b-43cf-816d-f6d731f419fd,2
8d0add99-11a0-4908-8cb0-2aee1ffe9039,2
8d0add99-11a0-4908-8cb0-2aee1ffe9039,7
91fbe293-975b-47c0-a605-5ad376e705b9,2
fc20a953-4e2d-46a1-a50b-8062b8ba6740,1
eb5c49a0-6804-4b40-b837-793a66380971,1
3d7d495b-12f8-4d46-b2e5-23ac71abf7c3,1
9100b2d4-a7b8-4d1d-8ac3-dd25a1a5b4a7,1
3a973f56-5fdd-4c08-8c6e-14ee691fe041,1
3a973f56-5fdd-4c08-8c6e-14ee691fe041,8
775fa1ac-a298-434d-8b73-89a7f3b29d74,1
a5d5a7b3-cf90-405a-b328-c0ac73801b7e,1
7342cac8-2325-47b1-bd1b-83f4a940be35,2
523701af-f9bf-4e2f-8e0d-ce118fd812b5,2
6247bf49-8e20-4c32-9daa-acbe4e7be80c,1
2b4ceaec-ce8b-4669-b216-f5bfc5d49073,1
fdabf14c-e025-430a-997a-f01a2daa8022,8
9cd2c219-80af-4b65-be9c-b27581bb841f,8
2625491e-c521-45dd-960f-7143c13adbf0,8
d66e67d2-2c0d-4f0f-ae57-7842c511490e,1
d66e67d2-2c0d-4f0f-ae57-7842c511490e,8
51b76b98-c866-4e95-a0f8-7b5288f2be24,8
72bd1ba9-fe49-4e93-9555-65a70e7a8e93,2
25d95b65-4d2c-46ea-a183-0f1b9da10269,2
c1f8965a-8de5-4de1-bc9b-d63da379a5ba,3
765338de-83db-4e6b-8a86-0925a54ae3b7,3
351f1da9-eb33-475d-b7ad-a23c5e27ac6d,2
04959060-2360-430e-91ae-128be0c48615,1
d5c03410-bd91-4593-94f1-15c91a25adab,1
8e8f173e-04a3-43f7-adba-2fd640e98db4,1
5ec36a6a-161a-41d6-8b8a-86a3bd9bf1c6,1
bab2529f-9785-40c9-ab01-6c8a9687bb5e,4
07f4f81a-63da-46db-b10a-25a1462a6be7,4
f0893a02-f835-447d-8a5e-d3e76fcb02ed,1
c5fd28c6-1170-4391-ab38-2637993fa8ab,3
f61a8c66-8b6d-4dca-a72d-0eac6fa587cc,3
e15bf9e2-978c-4d54-be0b-4054b11e3960,3
793d0297-501a-46f5-9d6f-e163a754b4a6,7
0b6f9b67-cb43-471e-be1b-7252f78634d0,7
abdef519-f1b9-44b4-9397-885dff1d7a27,2
abdef519-f1b9-44b4-9397-885dff1d7a27,7
39b840fa-7880-45af-9c96-3e78a8faf3db,7
cc1b6170-4271-4439-bf5f-c4520a6bc395,8
32b198d0-fdce-4c22-a2dd-cd4af6ff563e,8
818a6b54-5739-4876-a08e-2b2216349f9f,1
1ae344dc-423e-4519-9203-db163cbea92b,1
fc10579c-55e6-40c5-9b31-57d0fd56601c,1
34b77f4b-8a0d-45ab-a021-a05b0f3f53ae,1
8374f2b3-2966-4c62-ba36-fa27ddee8a7c,1
8374f2b3-2966-4c62-ba36-fa27ddee8a7c,5
bfe27f4b-7e0c-4364-baa1-6c0a76ee040c,2
bfe27f4b-7e0c-4364-baa1-6c0a76ee040c,5
9c608543-50b5-402d-b72b-4726b1380f7f,1
9c608543-50b5-402d-b72b-4726b1380f7f,2
095010d5-a09b-4255-ae67-b7aa2785d148,1
095010d5-a09b-4255-ae67-b7aa2785d148,2
b98ed128-525e-48e0-bab6-fc8a5f1c3a31,1
b98ed128-525e-48e0-bab6-fc8a5f1c3a31,8
60773328-33c6-4b00-b478-e99b39ad6d33,1
7e8034f8-1b92-48a1-8828-ce11f2c3c62f,1
bda9514a-0122-45a9-b7d1-290bc2d4b3cb,1
233867fb-07d8-4072-a378-ba272ac1b90b,3
78f7c735-03d1-4ad1-bacb-4953ebfe8287,3
8774192a-74af-4185-b93e-2961e9090c13,3
330e5d70-4ed1-4d19-a117-e1fe8e43d84d,5
330e5d70-4ed1-4d19-a117-e1fe8e43d84d,7
09fe075b-45ea-46ca-a5c7-f99e30dad1f4,5
7b2407a1-0efd-43d9-8cd1-704e12160049,2
451b08f9-e017-4f76-b2d9-4d06297a8fba,2
87cb4e10-2216-4900-b997-98c294b2e866,1
f81f5d0e-fa0b-4209-95ee-400d260bfcc0,1
0c2ad54c-4a7a-4814-a5d3-b290496f9add,1
0c2ad54c-4a7a-4814-a5d3-b290496f9add,7
da1d3d8b-586e-40c5-9057-bcd04fb2e5fc,1
da1d3d8b-586e-40c5-9057-bcd04fb2e5fc,3
79bf9c1a-8041-435e-91d7-984a962ca6b4,2
79bf9c1a-8041-435e-91d7-984a962ca6b4,3
206cd635-933e-4490-8b81-64c8a3dbb75a,3
07d8a932-1299-4e29-8311-7a2b5d7847de,3
64401f9b-0653-4786-a0e7-9eea20ddb8e0,3
c93f77e8-2734-4caa-a43d-ed8eee7fb7a3,3
c534bf2c-58a0-4ade-994e-e0a9a06cd14d,1
c534bf2c-58a0-4ade-994e-e0a9a06cd14d,3
8736fab9-eb46-44be-b2c2-1a27981b0226,3
0f10bc1f-a803-4cc9-a905-e310535b85ec,6
f1a57a7f-27d9-4647-910b-edd67563fdb0,3
8f2b0423-d16e-48ff-9460-9af8e9d2475c,6
8f2b0423-d16e-48ff-9460-9af8e9d2475c,8
686bf1aa-7726-4bda-a771-74e4bd678929,6
bf7999a6-4530-4924-8b6a-b4b518b10f13,6
bc025f3d-fc0f-4314-a646-10722384e741,6
45c27b27-4b39-4795-94cf-f07abcd4c98d,6
bbf2bd4f-f55f-4d71-ae12-936edba82633,1
bbf2bd4f-f55f-4d71-ae12-936edba82633,6
5cfa8b5f-eabe-4ae2-a216-c3111e2ee295,1
5cfa8b5f-eabe-4ae2-a216-c3111e2ee295,7
135a796c-a250-4022-ad09-18533ef63a72,1
135a796c-a250-4022-ad09-18533ef63a72,8
fa6d9dee-2cb2-44d3-b847-987d39913ea8,1
fa6d9dee-2cb2-44d3-b847-987d39913ea8,2
db36ab16-6404-4d48-8fb8-6f9ef3fdf392,1
07144b15-4af7-4b61-9e99-f0441692ee57,1
07144b15-4af7-4b61-9e99-f0441692ee57,8
2e09e1d6-7b50-4174-972e-b9f33585f07e,1
2e09e1d6-7b50-4174-972e-b9f33585f07e,8
fd8dba67-1988-47c1-8297-c43bef24644c,1
fd8dba67-1988-47c1-8297-c43bef24644c,8
76311658-b91a-4edf-88c4-7e1047ddaef8,2
24a5e5fc-5b0e-481b-9d38-c25eb651bb55,2
930fba9d-173e-424a-8e1d-923c004609fd,2
930fba9d-173e-424a-8e1d-923c004609fd,7
439dc6bb-5c3d-46e8-89a7-19ee055e94eb,1
d351a0bd-4e0b-4cb3-b3a9-21f75bef04b2,1
d351a0bd-4e0b-4cb3-b3a9-21f75bef04b2,2
4d6cc8bc-d85c-4bb1-a5e5-6f4d92e4ca33,1
90f0ec32-6b0d-42ac-9cc1-a782af6647c6,1
1584dd12-bdd0-4d5b-9ed9-448a10b13a41,1
f59df759-03f1-4eec-bc31-0776d53d4916,1
c92c9e33-9a3b-4e55-92e5-0abede10d042,1
74c7feb8-ff27-46ff-9af7-bcb2d20354df,1
587621aa-03ab-43dd-8f9a-a013ece3b39d,1
587621aa-03ab-43dd-8f9a-a013ece3b39d,8
60603d52-6691-49e9-b511-aeffdf2e1065,1
60603d52-6691-49e9-b511-aeffdf2e1065,2
e23531b5-92e2-4ff8-884c-04e7e62ea413,2
638724ab-e5bd-485f-a3d0-2190ba5c4cbf,2
638724ab-e5bd-485f-a3d0-2190ba5c4cbf,8
c51f51d5-2fee-4e8f-ab19-7efa6c83bc9b,2
4026201c-ffb9-456c-86cc-e96b15b337cd,4
5e82d93f-ca10-45b4-a3d5-59beffa4f7ee,1
5e82d93f-ca10-45b4-a3d5-59beffa4f7ee,4
5831e7a1-26e2-420e-937a-32876d88bc24,1
eb3467c1-66fc-4ab5-9411-edbd3fc7c7fe,1
c28e8d3d-8f9e-4cec-af07-c213afd92e9d,1
397bb4f2-43ce-439c-b8fe-4ab8937e70e5,1
397bb4f2-43ce-439c-b8fe-4ab8937e70e5,2
e84c769b-e092-47d6-9a77-25c451095621,2
e84c769b-e092-47d6-9a77-25c451095621,7
226b1af0-0fcc-4266-8e29-6461c54f9197,2
226b1af0-0fcc-4266-8e29-6461c54f9197,7
60fa846e-0fd0-49f7-b856-30b8f9113b3d,1
eb7ab5d8-c8ad-42fe-8e82-0da1f9e2e9a0,1
eb7ab5d8-c8ad-42fe-8e82-0da1f9e2e9a0,7
a4860c98-ba8e-4580-8757-b82c503f646f,1
938e581c-db8e-4909-ac87-f48519b5ff59,1
2d8bf417-7e0c-4da4-9406-e581d173bf05,1
f226f0f6-0b11-4715-8651-8239322e3dd7,1
02c32ecf-3182-4343-9be6-1d01b982ce93,1
3559858f-0580-4e22-bf5c-9797d7a74afe,1
857a2583-36e4-46e6-9148-e610b3326139,1
a2c932c4-dfa3-4c23-b3bd-3b3d274af0a8,2
a2c932c4-dfa3-4c23-b3bd-3b3d274af0a8,5
82ee810d-a926-4b25-9438-4047ff1f101b,5
3092eff8-7401-4833-b848-f7ba75ef586b,2
3092eff8-7401-4833-b848-f7ba75ef586b,5
50a8a4d9-1258-4048-87e1-3922ebaddf94,1
adf27cb4-a420-43dd-859c-9cea48dcd102,1
55e48f13-69a6-4536-b37a-296d619741e9,2
55e48f13-69a6-4536-b37a-296d619741e9,8
ace2d299-6310-42f5-9509-582ec30aa5a5,2
515e32d6-c45e-4455-b9c3-c496b921df16,7
05b39cf5-3624-4197-b3e8-3a9740239ab0,7
1a76e45d-8e9d-47fc-8906-4c86155c9fb7,7
2822aaef-7932-4aec-a2f8-132fd26e5c20,6
2f78297d-ffe0-4026-b8fc-6818251867ae,1
2f78297d-ffe0-4026-b8fc-6818251867ae,6
bad6bd8c-26ba-4485-9d9c-774368fd14b1,1
0c1f8734-1436-4a25-8aa7-c57fc860284a,4
0c1f8734-1436-4a25-8aa7-c57fc860284a,8
656266ec-993a-486a-95b4-7f28f3ee7b8f,4
9ba57bd4-b322-48fe-9b56-68149df03d51,1
d5dd5a9b-d774-4e5b-be9f-9eb37b4cd35d,4
84dcbbee-f3df-4856-a070-894ebb9d3104,4
f0f86b27-9463-4cac-943c-4329691a625f,4
efe9fe7e-fb95-4e25-9ec7-bd9f6bc12dca,2
efe9fe7e-fb95-4e25-9ec7-bd9f6bc12dca,4
7e9cd1f2-e8a2-42d8-93d0-e56bd142cb0a,1
7e9cd1f2-e8a2-42d8-93d0-e56bd142cb0a,2
c86bf08b-f8da-4f7f-9d48-72cadc6ad3eb,1
c86bf08b-f8da-4f7f-9d48-72cadc6ad3eb,8
3ca4819a-e7cc-4510-b36e-c29ba5401a87,1
120ea355-795e-4c6a-a8cb-5024ceb28fda,1
59eae7da-81a6-4366-8ff3-8709103bc029,1
a26be175-ffe0-40e2-9b0d-3ab28311d384,1
799ecf47-22bd-40aa-b5aa-5b5eaf9d4574,5
1edf7e18-5fa6-4c0c-8bd8-895451e4b5d0,1
1edf7e18-5fa6-4c0c-8bd8-895451e4b5d0,5
aaed224b-c137-479a-bddd-21768eb96be2,2
aaed224b-c137-479a-bddd-21768eb96be2,5
337d3ef7-7109-4b08-91de-b9b20cbc989c,5
8dca410a-043b-40b7-9d08-7f8076bbfaa9,5
7e2566bf-d9c5-4a59-8854-f745518b0ecd,1
7e2566bf-d9c5-4a59-8854-f745518b0ecd,2
5554f8a1-6b96-4823-8c1c-b22103a0d7d5,2
5554f8a1-6b96-4823-8c1c-b22103a0d7d5,8
fc81a78a-ff4f-4eb8-8017-9aed5384f69b,2
5d3a5a21-5ab7-4558-a963-970f62f43ef0,2
c49fb851-44dd-4141-8c52-a4bad2195acb,1
c49fb851-44dd-4141-8c52-a4bad2195acb,8
17fbcb01-ac5b-49df-8cb8-436acd0bc041,1
28d3abac-3d87-4d78-b52f-dc27731bf246,1
28d3abac-3d87-4d78-b52f-dc27731bf246,8
43106885-a4b8-4717-9a83-4c3391286208,1
3e94a309-495c-43e6-937a-34c60fac6c1a,1
d5b5a32b-8f3a-4320-8bfb-2ce9683a6633,2
b9c85366-1a55-4c62-9ed9-99f4e7e82a52,2
0541f407-2f32-42ae-a62c-c72c56e4bc5c,2
64892f6b-b4d5-48a9-b94f-ce62b8802ee3,3
61237cd7-e2b9-4177-a356-f4b1b41db3b9,3
f22f6250-3adf-433a-a989-2e549f51fe6e,3
cfee8eb7-6297-435a-a2a3-e5525aa0fc4b,4
3743e4c0-f7c8-47d3-b224-8b384115983e,1
3743e4c0-f7c8-47d3-b224-8b384115983e,4
f5f96f0b-f7fb-4001-9112-8f018277c822,4
f5f96f0b-f7fb-4001-9112-8f018277c822,8
3f60e508-d442-40f9-9765-f8d8770cf7bf,6
056780ab-c2f9-4df1-bb7c-f7792f895095,6
0623c483-2d2b-437b-9d94-e451bd40f7f4,6
adcfc15b-a52e-49d5-97f4-c27c72b5dbf7,6
43f64c24-ed74-4ff3-b48c-bb251052d693,1
43f64c24-ed74-4ff3-b48c-bb251052d693,6
4232f924-0d9a-4866-bd64-a204a06f3224,6
2a3a4f52-1014-4e6e-893f-4409c4420025,2
c5e522ae-2b7d-41a4-9f1d-11795762ceab,2
d761520d-bd6c-41cf-9aa8-ca3c0814bdb1,1
44c3efb4-cad8-4af0-a22a-1c4b50d33ed0,1
345f43f0-afaa-403b-8504-bfc458aa0c97,3
53665b24-be01-4e10-a1c5-b325bf650c45,3
b47d286a-5f6a-46d3-befa-20c3a80bc2c8,2
b47d286a-5f6a-46d3-befa-20c3a80bc2c8,3
0a684805-f7f0-43d3-896b-1613d27e102a,2
95a8557f-65b6-4dd7-81ac-aab2c48955c2,2
95a8557f-65b6-4dd7-81ac-aab2c48955c2,7
3e4b3217-f75c-4f81-801d-f10b14b994c7,2
ca303e28-b4d1-4dcc-8291-e31ce007b6d0,5
d5f8daa4-e6c6-4857-8064-fa7768884e23,5
41bc1f09-fe0d-42f8-8d73-9f49cec0fd22,5
9db7990c-ae90-4269-8182-1f2afcfc29cc,1
45b21a02-fd14-453d-9312-390e66508fdf,1
c8619026-8574-4120-8230-615c1a668c7f,1
c8619026-8574-4120-8230-615c1a668c7f,3
de0340b3-4975-4a49-b062-481565094422,3
e9467a0d-1e51-4997-bf5c-7e5126d1b7a9,2
e9467a0d-1e51-4997-bf5c-7e5126d1b7a9,3
a1b8be45-5a7b-42c0-9a2f-f664804da5a8,1
f3858224-fc42-479d-8d5a-807fccf2389e,1
357ce15c-9ddd-4515-8b41-dad8ff6e270e,1
2478b201-8d93-43a5-a8e0-0a72622c8e31,1
7cdc4321-0b77-441a-bb1f-5723cc20b8f6,1
7cdc4321-0b77-441a-bb1f-5723cc20b8f6,7
69d6a52d-f2e5-4c2d-98f6-7c3a1bc6f7f9,6
962b3d9c-bf46-4847-acec-2589217d53bf,6
f744945d-2882-4989-9232-b4e94884d994,7
7cb63563-f354-490a-9ec7-9681fea9977e,1
7cb63563-f354-490a-9ec7-9681fea9977e,7
f61b3a34-291a-4714-930a-c79ec7227bb3,2
f61b3a34-291a-4714-930a-c79ec7227bb3,7
6b1f7175-ae04-4a28-9734-91fe8a2b2310,7
c49dc3c2-f9f3-4991-938a-b3f4c6e22fcf,2
c49dc3c2-f9f3-4991-938a-b3f4c6e22fcf,7
067aa7a0-f766-478a-ac67-701a75c684bd,1
067aa7a0-f766-478a-ac67-701a75c684bd,3
b3035f54-ddaf-4198-80be-ef6d9c2b3431,3
e72cb156-3396-47b9-9240-b614f3a4b410,3
65b8feb6-6bae-4d3f-8433-4340610b95ef,4
2a42cb26-d93a-4b47-88e0-c2c57a6bff76,4
208d2274-7c13-493c-8b12-96b47c6badd2,4
6290d4d2-09cd-4b6a-9995-a9d01173ce5b,4
6290d4d2-09cd-4b6a-9995-a9d01173ce5b,8
0e3c1e64-0704-47d4-b5bf-c0c0e22ae57a,1
0e3c1e64-0704-47d4-b5bf-c0c0e22ae57a,4
97a16d7e-3ac4-4ca4-90ae-7454e31bd5b7,1
97a16d7e-3ac4-4ca4-90ae-7454e31bd5b7,4
4c79f0b4-698a-4771-8ea9-0413b793e9d4,1
5642c3b6-e3d5-401e-ae66-95f8588c1e96,1
5642c3b6-e3d5-401e-ae66-95f8588c1e96,8
62e28ef3-163d-43ab-9a98-99da69cd01b4,1
62e28ef3-163d-43ab-9a98-99da69cd01b4,7
e6d06b94-1fe4-4fb5-8b6e-74732478b07c,8
5bfa00fc-f049-4950-89a7-ac15b75b8ab8,8
858b7d73-6cfe-4556-857c-11043ad14995,2
10652616-fe9b-4157-8f09-69d1f9250011,2
7d0f79f7-9652-49cc-b3ef-a61abe8e38e4,2
722a7d3b-747e-4eac-a07b-67a56afb89a4,2
4e7c3177-1113-4df4-bc35-37eb046060e0,2
4e7c3177-1113-4df4-bc35-37eb046060e0,7
7b0a7b62-e331-46b7-8f9f-2a7543b1cff7,1
7b0a7b62-e331-46b7-8f9f-2a7543b1cff7,2
7ce4a27f-9e6f-4efd-b9fd-dc9cf2784f3b,8
11fddcb7-99e7-4029-8dc6-4e85ac08e870,8
5969207f-a970-45a6-9086-506d66d73716,4
5969207f-a970-45a6-9086-506d66d73716,8
82241909-1918-43c4-8b05-3aca22228602,4
61d23501-2d06-4de7-ac14-88364dd6206d,4
43ed2c30-62e2-49e3-ab37-df5052c7693b,4
44adf19a-9b89-4d5c-beeb-0fc50e0004a7,4
954f2a66-18b5-4c10-b721-6b25308d5ab0,5
4664c6bf-043b-45ef-a47b-4ad3aaf8de5b,5
43f4c266-3d1d-45c7-a5c6-4f931d7a64b6,2
826be283-916a-4e30-829c-8d1d2f18f853,2
651db72e-516f-46c6-bce7-6435ecd6de4a,2
367f7387-4b60-4e72-b500-8c694acfe996,1
053e3fec-cd4a-41ec-9abf-bc1d2d30b023,1
f67bf9e9-a21b-49c7-89a0-866d64a06cb8,1
d3c6d923-2016-42f3-b783-ce07e4fd2581,4
23a26cea-aa47-4964-ba61-e5f211062995,4
23a26cea-aa47-4964-ba61-e5f211062995,7
7946b2fc-95d6-406d-89b1-9c9d93141951,5
86ba957a-b85c-4332-a09b-744d8638b976,5
e970b3b0-ad36-44cb-a081-c0711623b4ac,1
91f08c46-747d-4635-ba59-a3e529b03158,1
9403038b-8e51-4b99-a283-ef3a743eed63,6
030e62a8-fad6-48a7-afd3-56836b465c67,2
030e62a8-fad6-48a7-afd3-56836b465c67,6
571714b9-0995-4ef5-ab89-e32731a661e0,2
571714b9-0995-4ef5-ab89-e32731a661e0,3
8171f2c7-2db9-44e2-80b5-6deceb9b3f23,3
da45dd27-3191-4b6d-8452-b79af4840978,2
da45dd27-3191-4b6d-8452-b79af4840978,3
cc52254a-511c-4e84-965e-8031397485bc,3
f9ec6c6e-49c2-4d67-b4be-aac90c68f737,4
17e3ca4a-16f8-47bc-969f-5a3304874858,2
17e3ca4a-16f8-47bc-969f-5a3304874858,4
4d5588bd-ab1f-45b5-b901-9294ce1ec8e3,1
4d5588bd-ab1f-45b5-b901-9294ce1ec8e3,4
346393bb-1ad1-4c46-a977-0519a9d5320c,4
5f9b6678-01c2-4bb2-beab-a4285e48192b,3
ef03dee6-5797-4433-bde6-4b255ddc0fb8,3
8b0812f4-e742-4b6b-9e81-2472eaa1c4f2,3
237178d9-4593-4999-ac09-a659609b049c,3
40b24a3f-26db-4acd-9522-635208e1f8ce,3
c2e9c73f-78e7-4417-aaee-3150a01b7dbe,3
fc6a4119-8e4f-4b98-8eb3-bd3d8a999e14,1
fc6a4119-8e4f-4b98-8eb3-bd3d8a999e14,3
40a3e045-b3a5-44ff-bd2f-be9622a08a18,3
7f9cc9c3-7c24-4456-8ad3-26a87c16d43e,2
7f9cc9c3-7c24-4456-8ad3-26a87c16d43e,3
c7e53079-2f82-46b2-9b6f-6e99ef8bd50b,3
c047fb2c-d9b7-41d0-9f45-e80919a41080,3
0d4a3c39-4da4-4889-9f06-ac79eccb8840,3
b8dd01de-559b-4455-b7d3-4fb7b4026feb,3
907bd55b-61da-476b-a7b9-fc5f9a97e6d7,3
41611410-687b-4d51-974c-3d086330d746,3
e6f12b54-29bb-4d2e-92d7-121cc371b659,3
b7f28423-6ff3-4695-87f5-3fd0095406ef,3
ad76998f-5bea-4d0d-964a-460412422503,1
ad76998f-5bea-4d0d-964a-460412422503,2
34e2f6f7-97e6-4b91-b03c-081901cb5422,3
3b19f167-f64a-4b1d-b90e-b2f72c56a8e6,3
98178287-7c17-4ef2-80b9-de7aa5bdc074,2
98178287-7c17-4ef2-80b9-de7aa5bdc074,4
9c212218-6f2a-407f-bcc7-cf8cf0bc3355,4
37660789-7237-4898-9be5-4cd00693bceb,5
1ffc401b-c35c-4e33-bdbe-374197fd8a02,5
3864d3a6-ccd4-4257-86b6-d94c74dc912b,5
cd9b748d-66bb-4927-9e00-93a9dbca208b,1
cd9b748d-66bb-4927-9e00-93a9dbca208b,5
6abc45da-4001-4423-bb88-de0a5ea2c328,5
4e19e6fc-3f8e-40fe-98b5-890d77d762a0,5
a7084c25-19ba-4207-af26-38a03d764a0b,2
a7084c25-19ba-4207-af26-38a03d764a0b,5
d952472c-2061-476e-82df-b99c17b071e9,2
d952472c-2061-476e-82df-b99c17b071e9,6
92b46034-808c-4d68-bc3b-196c0e465781,1
92b46034-808c-4d68-bc3b-196c0e465781,2
f3ac4cf5-8293-4575-9dc3-a6cdba8c504b,2
fc5871a4-c7f2-4b40-9e45-62c4d3b059c2,4
fd1063e1-5357-4a31-8295-a34062dd493c,4
fd1063e1-5357-4a31-8295-a34062dd493c,8
9e60096a-d053-4b45-bcc5-81b0086a1896,3
9e60096a-d053-4b45-bcc5-81b0086a1896,8
34e92178-3dac-44f0-9c0e-4275b726db4b,3
388883e9-85bf-44f4-ab41-78c330d25fde,2
0aff7027-669e-4d09-9af0-391bab79e721,1
78210066-0712-4370-9f8d-a1ecf302517c,1
9139f0a1-7984-49a9-9d5a-231eafb970cb,1
a0145d51-76a1-47bf-a8af-0b5271cb047e,1
a0145d51-76a1-47bf-a8af-0b5271cb047e,8
5aea1bf5-cc35-4ff7-87a2-5e8964bf47dc,1
18aabb00-b3f8-4f28-ac38-c835750feeda,1
18aabb00-b3f8-4f28-ac38-c835750feeda,2
594391c6-14cb-4b88-b53b-d3b94b5d68ba,2
b0391cb5-b6d8-4a04-ae3b-1da84c0e2f51,3
b0391cb5-b6d8-4a04-ae3b-1da84c0e2f51,7
68d40a0d-2c33-4fee-a47c-afcdf4bccc42,1
68d40a0d-2c33-4fee-a47c-afcdf4bccc42,3
ddd7fc36-a5b8-4aab-903a-de4b0b559b4d,1
f61390c5-40f6-4ece-9f77-5a7c30e0d9d7,5
e63c4042-79c5-4de5-9f62-565ede586083,2
e63c4042-79c5-4de5-9f62-565ede586083,5
d7d31c14-a003-4fa5-a4c5-543dc07dc74c,7
d7d31c14-a003-4fa5-a4c5-543dc07dc74c,8
85a969f9-d352-4084-a450-7600f0bfffc3,1
85a969f9-d352-4084-a450-7600f0bfffc3,2
32c5137e-7158-47e2-8dd5-03a3cdc02c6e,1
8fecd86e-a2ff-4270-bf17-366fbcea0b1f,1
789344fc-5c77-4843-a51e-2635d08b6784,1
7a9b8e46-f3a1-4a4d-983a-752f5c7ef8d2,1
16ab0363-720e-4958-ad19-46fea02866f5,7
49c7f955-d6a7-422b-aea2-6eb4c257ffcf,7
2f8b945c-ae67-4efb-98a8-31cf074be9a2,1
a3326caf-96c5-4c2b-a628-c952f4a0db9e,1
511541ae-5337-41ec-93f4-af5260785813,2
511541ae-5337-41ec-93f4-af5260785813,7
7eb31639-9c75-4147-a9f2-06fb15c2e70c,1
7eb31639-9c75-4147-a9f2-06fb15c2e70c,7
827cd5fa-f98e-4b4e-8929-4e0ae86891f1,1
827cd5fa-f98e-4b4e-8929-4e0ae86891f1,7
2081f15c-c9f7-4124-ba69-5e615dbfb8f7,1
2081f15c-c9f7-4124-ba69-5e615dbfb8f7,8
897109a9-a97c-4327-95ff-5ff4dd393f13,3
a41e9284-7f9c-4df1-9a93-cc67f3089525,3
81facd7a-ee4e-421d-99ce-0bc76fb8b775,4
cb438196-335b-4de6-9f20-fbb362ff4513,4
bbdbac58-d505-494d-a867-2aa24287f261,4
966be3d7-05e9-493a-9279-b16964736aea,5
9e541c4c-060c-403b-bc7e-df77b9edc315,6
9e541c4c-060c-403b-bc7e-df77b9edc315,7
04174ffd-7684-4f5f-9d8a-7701c3fd61d8,6
54cf64ee-93a7-4a1e-ac09-37f4c21b474b,3
19499e3e-5bc6-42e8-bfdd-f27a68ea57f9,3
895befd2-8027-4648-8560-c8ff49a4c5a8,2
895befd2-8027-4648-8560-c8ff49a4c5a8,3
8ac81016-037e-4b59-8f9c-c6fb1e965684,2
8ac81016-037e-4b59-8f9c-c6fb1e965684,7
65f53624-3224-4ea3-8c36-444e66594e04,2
99cb8e7d-7f33-4809-8211-58812b057098,3
00571885-5ec5-4538-9671-f549addef981,3
b6733009-455c-4f79-831b-6fad1ba4340d,2
b6733009-455c-4f79-831b-6fad1ba4340d,8
df98633e-1e99-4533-a65b-672b98f42ee6,2
13ff53dd-9938-4caf-8848-89da7c962e50,2
8a0459f3-93e0-4177-aaff-d9dbcf22e6ae,2
98af9383-ba18-4dab-a0d9-ffdd08329232,6
a79389e4-ecf6-437f-a480-6586a6ea7835,6
85fc8b55-fc04-44e8-824e-50a3e606de23,2
85fc8b55-fc04-44e8-824e-50a3e606de23,7
2ff85eb0-ffff-4466-a049-45c859b9821a,2
52e17f5d-2f87-477e-a0ee-42ad2a31f9c8,1
52e17f5d-2f87-477e-a0ee-42ad2a31f9c8,2
2415a0c7-57bb-46b8-9459-ae27d5d2790a,2
2415a0c7-57bb-46b8-9459-ae27d5d2790a,7
0b2ca9bb-4082-4607-ba9f-6dabd52034f3,2
95129371-fdc0-4775-a8e0-eb0bd2627610,2
cd05c469-00b8-4b71-aacb-055d4aaf875d,8
0a9678ac-8ea7-4e16-a7d0-6cd4930b38aa,6
0a9678ac-8ea7-4e16-a7d0-6cd4930b38aa,7
bdfe8786-e836-4991-a70c-3833a9b290e7,1
bdfe8786-e836-4991-a70c-3833a9b290e7,6
c92390a4-d1d6-45f2-be83-7040c1045441,6
c0dfb1f8-7865-4a96-8abf-a4263c19f6f7,1
1ca70203-a495-41a4-9da9-6a06588de77d,1
23127225-7a5b-4a6b-a6c9-e515b0253e13,6
4184f8da-be21-49e5-a4f7-bf41fbaca5b4,2
4184f8da-be21-49e5-a4f7-bf41fbaca5b4,7
b33b2c3d-8485-43c3-958f-0adf5b4f4aee,2
9474c2d0-f345-46db-a3ab-5e5411295c38,2
9474c2d0-f345-46db-a3ab-5e5411295c38,7
5160da9d-b871-45bf-91bc-d6a52d1bf371,3
5160da9d-b871-45bf-91bc-d6a52d1bf371,8
4f09f418-567b-4d15-8e9c-b33c86ae32c8,8
a30dd621-2951-4efe-ba41-8ab68b5c8229,8
ad3e67e0-95be-406a-bb26-155410db8cc9,7
4685fdf7-1958-4289-ade3-343d1ab70a88,7
0ba31766-538c-47cd-b526-f9d55c8cda95,3
3a591c83-5278-49c3-831e-fe39aec3f102,3
6176a3cf-3c90-4ee6-881f-9359a81b952e,1
4c54b88d-6dcf-40ef-b8b7-05fab7f7a998,1
4c54b88d-6dcf-40ef-b8b7-05fab7f7a998,2
858ee41e-ca42-498b-8bed-46c510f5ee08,1
ff1753af-ad14-4d92-9ada-39581684c896,5
820c3b29-5435-4572-97fe-c0f6b95ea691,2
d1386fe8-ff11-4c9d-a3fc-686775c478d1,2
712729ae-69e1-4848-86da-7a04b1cb9d5e,2
712729ae-69e1-4848-86da-7a04b1cb9d5e,6
2703eab5-be9d-432c-93ce-a1029efb168f,6
12ed326b-ee7d-4dae-8320-0d20102b901e,5
82d0100c-b31f-4b0c-ae2e-326f12b3d367,5
4a99c0cd-52d8-42e3-8b65-1eda6aed0e14,5
be63c733-66f5-479d-a265-15f4aee1e62d,3
be63c733-66f5-479d-a265-15f4aee1e62d,8
def24a87-ce73-4869-9c54-f86fd87f38e1,3
72cec009-da1c-410c-9efa-7534d35b664e,3
0b1be990-db6e-4356-bd1f-440d066473d0,1
4e00fadd-0b81-4bf6-974d-116c3058c7f5,1
72f34137-4e67-47eb-a106-21f728e90235,1
72f34137-4e67-47eb-a106-21f728e90235,2
b433972a-deed-47cf-9352-016586b42281,1
b433972a-deed-47cf-9352-016586b42281,2
ecf434bd-0a5d-439a-a714-88c7d326d93c,1
ecf434bd-0a5d-439a-a714-88c7d326d93c,2
8f4d0f76-c935-44b7-bb81-f84da92fbd0b,7
10eb2f4e-ec65-4686-8bbd-e355c8cda428,7
08224260-7dc8-48ef-82ce-026bc04f3e7e,6
9b84f0da-ef01-42c1-8563-68da85a977bb,6
dc54cc68-c924-412d-8f64-3c661021fc13,2
e3a47d78-3d26-421e-be79-b4774cb3520c,2
d4574d17-3908-4cab-9881-2aa636b92b0a,1
d4574d17-3908-4cab-9881-2aa636b92b0a,3
f1917873-3aa6-45f4-9d70-144ccf151903,3
41d8786e-d828-4a88-b248-d6033da5a9f4,6
a08cdf40-8876-4d63-9ff2-ce9f5e990355,1
a08cdf40-8876-4d63-9ff2-ce9f5e990355,6
ceb134b1-3b57-4dff-b900-00cd6969c9b2,4
8a90b2a8-9740-409a-a2f7-325dd317b35c,4
8a90b2a8-9740-409a-a2f7-325dd317b35c,8
fd735ac8-78d0-4d40-a69d-e0f3d4ae76ef,4
87ed31e6-eb95-4632-9a8a-0357dcd5b083,2
87ed31e6-eb95-4632-9a8a-0357dcd5b083,6
396a086d-0913-47a7-a4cb-fae68121d0d4,6
5bd65399-870d-44cd-815e-c64fcd34d352,6
7d119dc1-d78f-466d-8916-7a9a91d66a6e,6
94fc12e0-da15-43a3-8747-e904b72c3e9e,1
5bc44689-fa49-47a6-a658-d6cdac95d8a3,1
44aa4500-b078-4c12-ac48-b5838ddaec9e,6
158a7599-15c3-426e-b443-55965b8ddf44,6
51808d72-01c5-4fc1-ac4c-9b9f03b73fc2,6
497ac2c6-540f-4f57-a880-e00438f1880e,6
7e22335e-c125-4ade-aa47-5001023b4866,2
662fa52b-eed6-4ce0-b15d-c77d531b81f9,2
de62c3ee-a6b3-4727-b543-597640b8cd7f,4
8c918539-783c-481e-81d4-1680f94ff751,1
8c918539-783c-481e-81d4-1680f94ff751,4
11440a07-9835-4235-a912-1859c617de9e,2
95cf2085-9122-4d6c-8370-4d32a30776ec,6
dec0f7e8-e3eb-4b12-83aa-ed0452aa0929,6
bee4211b-b2ea-456f-ba82-d52f30eeb105,5
d88f2bc5-89f8-4139-a13d-d91937634e00,6
bc128279-142f-4194-a66a-86bcfb94bc71,6
95c2e94c-404b-40ce-a356-0f0b9987f7f8,1
e5ddb8ac-eb8d-4a9d-aa32-e0fa4c3f81b5,1
a82fae5d-9fca-4d4a-96ff-e19ab3569523,1
43f15923-cb27-4a9e-a34c-e8dcf19d85dd,1
49185cac-6aba-4c71-8f57-d90c083132a8,5
b4cf566d-5a13-43b8-beb3-f869e7522942,1
b4cf566d-5a13-43b8-beb3-f869e7522942,5
021dceb3-3520-4d8b-b8a0-501d472d2a55,2
88d8a3a6-48ae-4aba-b19a-700f8bf1daa5,2
bd51e4b6-0c8b-4d21-8e85-67f62bab1b9c,2
de293874-27b3-476d-8acd-754e7983225b,7
eefec40b-233c-4dd7-a718-0ac5b02715ba,7
e7836ea7-b945-458f-ae80-a0e73bd73161,4
86193166-907f-4485-8f29-1f8e8c0f0317,4
03e07ef1-e0d5-43c5-a619-914c9f463140,5
f3404894-ca94-4846-a9be-dfd2407ab5c1,5
dd3cc8d0-2ef9-4ca7-86f8-aaf7739c81ea,2
887742d6-fdb7-4d12-b756-45101a58e463,2
dd919121-3734-47e5-8225-31b6d8e8cf5a,1
af50415f-f468-436e-9c0b-63e89a8e130d,1
af50415f-f468-436e-9c0b-63e89a8e130d,7
8b844641-38dc-45bc-ad59-ea542d812e6a,1
db53903d-f337-4dfd-80f6-dc845d165b04,1
9cb10f37-37c7-432b-92b3-a39ddc6d568b,1
2dff9be8-59b1-4cc5-b9a8-05a48a5e2c87,1
ecdb0074-50fa-4448-9b2c-badbde31166e,1
cf8800b8-ece3-47d3-ade6-e5ef917d18e5,1
eaa66626-c435-4f3f-96cb-88593ad679c4,2
eaa66626-c435-4f3f-96cb-88593ad679c4,7
1e2f94bc-0e3f-47ad-881f-7ce030f66d4a,1
1e2f94bc-0e3f-47ad-881f-7ce030f66d4a,2
ff55edc4-0fee-433e-8832-d44c360cd547,3
ee6c4f46-e9ba-4a47-8ec5-06a7ece2ed23,3
472d4757-b992-415e-8bd9-d3c9ffcdac7b,3
0d95556a-b22a-4217-abf9-dd063defc3ed,3
0d95556a-b22a-4217-abf9-dd063defc3ed,7
2b3671ad-22c9-477c-a0ea-76053220058c,3
2b3671ad-22c9-477c-a0ea-76053220058c,7
f880a3ea-b2cf-4b79-98e1-d63d620897b5,3
f880a3ea-b2cf-4b79-98e1-d63d620897b5,7
756659c9-a107-4cd2-a066-dfdb9a03e7ef,3
fc9d3d44-7e73-426d-93cb-f184d16a76ce,3
597e61bb-a11e-445f-896d-7663e99d4eb9,3
f420cbc5-a330-4503-9b2c-734c5cadd593,3
f420cbc5-a330-4503-9b2c-734c5cadd593,7
f382f810-fba4-4ae3-aa94-de34afb61a4a,4
f0fe024a-6c79-46a2-80d3-7ee6e874a163,4
875ad691-62ed-4b42-835f-340453dac6af,5
875ad691-62ed-4b42-835f-340453dac6af,8
00d34b86-b97f-4947-af1a-22b97d250886,1
00d34b86-b97f-4947-af1a-22b97d250886,8
745b3379-256b-4c54-83f4-fbc8a82a1589,1
7d0cc060-e452-402c-98b9-819e6d96550e,1
7d0cc060-e452-402c-98b9-819e6d96550e,7
9bc1fef5-386a-41b4-93bb-c7f123030a20,1
e371eb98-123c-45ec-9384-cdfd41f5a2b4,7
7fdfe2a8-3de1-4c09-9158-70509b5537cf,7
96dfc3d9-60b2-4bd0-96ee-0ba4363b172b,6
6a385576-dfe5-48b2-ba4d-abd77511835f,3
d26d3a86-d5ea-454a-980e-b844cd6925cd,3
271bb656-1db7-4ffa-98a0-ddc7d99d9f0c,5
c7c7e7c1-f18a-4304-b27c-e4299c1b62b1,5
63a77056-ac70-4731-9194-b0b39bd46e1e,5
0bbe265f-028a-4f3b-94eb-9fc92aa70b1c,4
64bbbd50-fea6-481c-b3ef-3a42b52309e9,4
64bbbd50-fea6-481c-b3ef-3a42b52309e9,8
4b5bd1c5-024c-48b4-a51b-5ebfd5f5a261,4
4b0e7064-98e7-47ce-a1de-64a20a52f55b,4
2ca5550d-1282-4e18-8bd7-f115e15b3905,4
efdbc86d-0240-40c0-a12d-b6f4101b389a,4
5406f1c8-664a-4c9d-b701-6e90a4cda4a6,4
6a540772-890b-4dbd-904d-1de2b0cdd54e,4
5443326d-b13e-4c79-a8a0-c32e4a23bace,4
4f6dc18f-0014-4b1a-b26b-504c628e1c25,4
e3a38b84-c680-404a-acce-79cafed0547c,4
4a6cfe58-40bc-4e16-9208-5c430994d180,4
5400bd10-fd50-469c-8169-3772da3ab9af,6
5400bd10-fd50-469c-8169-3772da3ab9af,8
53a98442-8398-4c8c-9ef9-ce6c3007ec84,6
fa9e7b0e-142c-4a72-a0f9-4ac3ef776b46,3
6d331390-6140-4a20-a7da-e596dfd45c4c,3
533f88b7-c153-4b45-a983-8e6eb6f4034b,1
533f88b7-c153-4b45-a983-8e6eb6f4034b,2
3843c780-d7ad-4454-8895-768a94e47b4b,2
3843c780-d7ad-4454-8895-768a94e47b4b,8
097b1fc3-bc2b-4b91-9464-9c578ff3cbb9,3
be59f266-dea8-448a-8457-d0dae3873d35,3
7d784186-2e21-4a54-86ca-5e66e9278f46,5
937416b4-4957-4174-a6cb-af0dd40e794a,1
8bcc1ef9-a314-4c60-97c4-de9a2fc02ec2,1
5630f351-4529-47fd-8fce-1c3c0757ca59,6
421beb9c-3a32-4e0b-bad5-14677a26c704,6
421beb9c-3a32-4e0b-bad5-14677a26c704,7
7f7d6d3b-8539-491e-ad10-5001d5fc046b,6
0a5d4bee-7423-4305-abf8-1034f0603cd3,4
39eb164d-80d4-4ad6-9e2a-a97bda420cb3,4
8cd4afc9-bec2-41c6-b0c8-7227cadc84e6,4
3b3b47b6-5523-46eb-b397-b3c22d0df7f6,4
1301c0ef-0a94-4fe7-9887-2506908d26c8,2
46c9c2bc-aa06-4b51-a8c9-e38473940e43,2
a2c8b75b-9f53-47f8-968f-7ddb72c22f3e,5
a2c8b75b-9f53-47f8-968f-7ddb72c22f3e,7
11ba71dc-9106-45e5-bd3f-cfb29d06b24f,5
404434a9-7a85-421e-bf37-8fe75ffd845f,5
6b838bff-c1ae-46e7-bbc1-d658fcea21c2,5
201e1413-66a7-47c2-a714-00c23500d1b3,6
9c1c3de6-5a9a-4bfd-a48a-0570dc45e826,6
8a595448-7b3a-4d1d-9ec5-cc549f0019e4,6
87fbf5e1-2a9b-483f-81e2-29f93a0fb143,6
ce147500-c348-43c1-82d4-903792427790,6
55ec7081-be63-4988-8d1a-823b2fb68fdd,6
1b85cc79-acb9-4454-8c6d-32d3fd3359de,6
f632e499-3ba0-418b-a68f-b7510b676983,6
7495e399-4fba-4c15-b99e-a836f6507913,1
a0ac6052-ff9c-462b-b664-2164fe657a62,1
f35dacfc-4c00-4519-9e67-a66b1627d64e,1
38a71547-1ce6-4a94-a94e-7b8bceedb0fa,1
59d0ec7d-de8a-43c4-b8aa-39506f57b176,1
4421be4a-5481-4307-8483-dc31df9d2054,1
d21adc9c-8fc8-483b-8be8-99e366d74aba,1
bf96e0f4-fab9-4d53-be3c-c283215563cf,1
66c0b507-2771-44ff-9650-8c359043a5b5,2
66c0b507-2771-44ff-9650-8c359043a5b5,3
7347cf78-a2f0-4e05-9b4c-82e496312aa1,3
7347cf78-a2f0-4e05-9b4c-82e496312aa1,8
ae36755a-0b90-48d3-8a41-1f5045da000c,3
488d6ae3-4f5a-42f5-9ca3-6629d9b2a857,5
488d6ae3-4f5a-42f5-9ca3-6629d9b2a857,8
6c6bb2e4-92f6-4a21-aa5d-85931ce5c5dc,5
3ac48804-4045-4b86-b2d2-c03b7050fa54,1
3ac48804-4045-4b86-b2d2-c03b7050fa54,2
d9247f54-1f40-4a51-b22b-018150dca4c1,1
d9247f54-1f40-4a51-b22b-018150dca4c1,8
615f64c7-8d0c-41f1-9c24-72801c38fffc,1
b7d550f5-8761-461c-afda-f2324dba52ce,1
64ad94f7-1421-47f7-ac90-4c8690a9416e,1
97f391db-3678-4db8-9ec8-781bc7f76c07,2
efc87c48-aecc-4157-a603-b79c99e57f88,2
dcd0fbd9-8039-47d0-ad7d-80c1c9f34a65,2
dcd0fbd9-8039-47d0-ad7d-80c1c9f34a65,7
63949015-5531-4596-827d-4ff12bdb1efa,2
6849ee93-4dd1-476f-acbe-53e0e5478ff6,1
6849ee93-4dd1-476f-acbe-53e0e5478ff6,3
3b8e172c-af44-47b7-9ab0-bc48c3525a20,3
3dfc2962-0a5f-4ed6-b8c4-78ee235c46ed,7
53bdc27c-ab54-4da5-8bef-4655410f8d4c,2
53bdc27c-ab54-4da5-8bef-4655410f8d4c,7
ebb530bf-85a0-4aaf-b3a1-48489986ee25,2
ebb530bf-85a0-4aaf-b3a1-48489986ee25,6
91dba032-2557-4b5f-b0c0-752dece04817,6
136220b0-cdd8-46b0-8e9e-9ee5e367769d,1
3046529f-604f-4c57-87e8-274bb7f73056,1
3046529f-604f-4c57-87e8-274bb7f73056,8
9dbd15fc-9e63-40be-8d11-f765ed78b217,1
49b03365-a74a-49c4-af7f-2ee8e34abc58,7
49b03365-a74a-49c4-af7f-2ee8e34abc58,8
c1803217-137d-4476-b8e1-a216c636802b,8
5348d283-ac82-4b18-b191-032f417965f9,8
7a122c2f-7547-4d4a-9d13-3e51efac9f74,2
d75dace4-0cd2-4d04-a6a4-659ee65cb42e,1
d75dace4-0cd2-4d04-a6a4-659ee65cb42e,2
32604df4-c154-45c4-9375-4ba51f993d5e,1
32604df4-c154-45c4-9375-4ba51f993d5e,8
caadb413-050f-4124-a756-940a4c8d8ab8,1
0d4e3dab-10c7-4fcb-b39f-9d3ea3344307,1
d072c9ca-d483-404c-bb98-5ba1b7b5d3d9,1
d072c9ca-d483-404c-bb98-5ba1b7b5d3d9,8
3370ce2e-b776-49db-ac4c-2a300f55b2fb,1
9faf9e11-534a-4f57-8014-c2f51af12780,6
9c5544d1-52df-4ef8-9f05-23680d398b61,6
8ce6f90d-3bbd-403a-bff7-de24c9e3aab3,4
c35a40af-95aa-4127-8268-ef0b83828fb1,4
5dd12a9b-ba23-4502-9aeb-fc38a5efd889,4
5802021d-fb45-4637-804a-1646b64cad43,4
991452de-0bb6-463d-932c-2a746e671398,4
83087b08-bbb7-4218-b7c9-cc49421ca742,4
2b325bb3-40a6-4660-af0f-9583252d80ca,2
661938b5-7a01-4011-87f5-32543b6464da,2
e3ac0629-4b08-45b1-bc2b-5a358d18d0e4,3
abcb42d3-f1fe-45d5-87e4-c8ab5d5ed077,3
7ded1810-d33f-42da-8438-ea97a40d2d8a,2
afd89876-c9ef-4e33-828d-7c246d20e326,2
45c0341d-e444-4a56-b81d-437692ec589e,5
45c0341d-e444-4a56-b81d-437692ec589e,7
f26ece47-8612-471f-98bb-6d502a015432,5
33e931ee-6565-460c-9384-cbc225d468f3,5
9742c287-53c7-4b59-8e1a-0360d422808d,5
3a3f37d5-2149-49dc-9ad4-97164b743597,2
e3daa2d3-1327-4f61-a3a6-f04e3ae9c215,2
1c17e954-2b92-453f-bb86-4102aa506f26,2
97d00720-58af-4980-939b-595a3ee2edda,2
97d00720-58af-4980-939b-595a3ee2edda,8
058168bd-defc-4219-b2a9-52ab3ae68340,3
7d286303-21c3-419e-90a8-90ff665fde00,3
83b29549-55ec-4d28-8586-d2096caab722,3
0f589984-a335-451e-acbf-82952c620907,3
8db2789c-64a1-4633-8721-856c00127e83,3
8db2789c-64a1-4633-8721-856c00127e83,8
86fcc454-4ef2-4546-a22c-ba78aca0ade3,2
43813622-3f18-4c60-b7be-f41251a0908b,1
be5a151f-7230-4b1f-b3ac-87e162dc6a61,1
f5a2df85-32a2-40e0-b9cc-82e86ad51dfe,2
f5a2df85-32a2-40e0-b9cc-82e86ad51dfe,6
5a54a40c-0c84-455d-8ab8-8a6550c8b4b1,6
47515234-91a0-4d6d-98cf-33f8e3820941,6
952c01f0-8fc8-43da-8f0d-a4a762299582,6
ceaf1a8d-1eb2-4c66-b9c7-dbb10557bb1e,8
de49c652-8525-416a-b9fa-74ba5d202bb6,1
de49c652-8525-416a-b9fa-74ba5d202bb6,8
5eb5247e-87d7-4e04-92e6-f9064cf8830b,5
56ce578e-50f6-45ac-871e-adf1d07d1146,5
f2b9b2e5-2cc6-4a65-83a8-559fe8e82bd0,1
f2b9b2e5-2cc6-4a65-83a8-559fe8e82bd0,5
f4bf5eb6-1eb0-4339-8af8-44ee4c699a05,1
f4bf5eb6-1eb0-4339-8af8-44ee4c699a05,5
e74b0224-97bb-448e-ac5d-52cab015cc00,1
32080c91-252e-42e6-ab89-e42f585f6f21,1
32080c91-252e-42e6-ab89-e42f585f6f21,7
18674b3c-7cfe-4661-849b-adb3879d921d,1
18674b3c-7cfe-4661-849b-adb3879d921d,2
b6548f50-432c-4771-a8b3-dab1b26d569e,6
ae41b475-c314-4685-8d51-4e2a6824d36c,6
53013a34-c172-4ddf-a86c-3bf3dcba26d1,6
53013a34-c172-4ddf-a86c-3bf3dcba26d1,8
57c954fb-5b6e-4163-9792-c6321be439d1,6
57c954fb-5b6e-4163-9792-c6321be439d1,7
bfcd3e09-8e80-4c76-9304-5a9277d47699,1
97e24294-536c-4e15-8c58-82820066c286,1
9b139040-7fdc-4383-ae12-eede71888048,1
d9b55165-03d5-4c31-9f41-88f975b4635b,1
8aa214d5-a176-4f99-b283-e8edb28bac69,2
6d144635-2005-4a3c-bb95-b7c0918dc2dc,2
905f849b-a569-47d7-a4de-0fa3bcdbde3a,2
6b08769e-fbf9-4e2c-8c0a-f684fd6a9caf,2
9f0fb92e-e243-454a-a03d-bb4a85a96522,2
c78ef6df-241f-4019-ae18-599715286b2e,1
c78ef6df-241f-4019-ae18-599715286b2e,2
b6de46d5-3cc9-48fe-8d04-4d6e1d184835,1
94491ff0-b694-446a-890c-90d4a5501bad,1
e3346378-cc91-4c43-9345-8209797b3a39,1
38e81cef-84c8-477a-8430-eedfbd9745af,6
3ee789f6-6a52-4faf-bab4-5b2dec20c65a,6
c5a0c063-4e1e-4923-a9e4-4e327414cde7,6
ed28143d-52d5-4cc4-aeda-fac5a7c1e2c9,6
cc247343-b62a-4dd3-b47b-774317030060,6
cc247343-b62a-4dd3-b47b-774317030060,7
750c845e-2b22-4ef8-80cb-36670361d9a0,6
a3575b65-33b3-4122-98f4-10c4a14814e5,3
a3575b65-33b3-4122-98f4-10c4a14814e5,7
c3f57adb-f41e-40e1-8990-9dcf90078dda,3
03c7eda6-583d-43f5-8f50-0b09e97f4693,3
9aefb00f-583f-447e-911f-e54f1473f076,2
04477ccf-810e-495c-b496-ef67c547ae5a,2
8913c390-552d-44cc-9bc7-e4f67d300bf6,1
d7556972-a3af-47c7-bd16-58e191a36c22,1
2baca16c-c712-40db-807c-f3646486d2fa,3
1eee0117-02b2-41f4-aad4-1cd99ecdca4a,2
775e4c7f-1842-49f0-a553-08d1c4c09d5a,2
5216e621-3bc1-4209-84e4-ab8e4f779ef4,2
ea7a4543-7a8d-4c9c-a644-32e1b6e53c68,7
ea7a4543-7a8d-4c9c-a644-32e1b6e53c68,8
c7b7e427-5157-47c0-b2c0-17bf705561e0,5
be8b7759-1825-4e0f-8f05-e4b0eea18f10,5
54b37dc0-f9ae-4cbe-9937-a74a8321c51d,1
54b37dc0-f9ae-4cbe-9937-a74a8321c51d,5
fef6ee4c-e9b6-4f9e-92ba-9ced2e426728,6
083752ff-6ed3-46dd-92b3-5253dc26bb94,3
c75267cc-7078-4c8f-bb9a-8bbd47204892,1
bd7152fb-bacf-445a-8bc4-b0c4036e4bcc,3
6ab5098a-74ea-4fd0-a415-537461987eee,1
6ab5098a-74ea-4fd0-a415-537461987eee,3
c91af6d3-1b87-4428-8950-5bb55bcb3f09,2
e3547f18-fd6d-453e-9c08-ae53c000da17,2
54a42111-b149-48e1-b2a9-becad8fde85c,2
92d22169-16aa-4628-b40d-e56a3f8b6da8,2
f58bef6d-381e-42a7-8a43-23b6d362fbf0,2
4e53a666-9b58-4930-a406-aafedbb0fead,7
3db5fbd1-8581-4987-a9f5-85ecd0e390dd,5
3db5fbd1-8581-4987-a9f5-85ecd0e390dd,7
c49fedea-c4a9-48a1-98bf-2b00232861eb,1
c1247359-f510-47ab-b0e7-c27cb52c8515,4
91e10b96-25c3-4d95-af24-496336625e79,4
dc22f69c-96c3-4e25-9b36-2efd920df5da,2
23e72995-c117-4f0b-a0ad-92415e262d91,2
b743ecfe-4ee9-4fec-913d-67b2e760af47,2
718b2078-c04b-4812-9834-a54119427f9f,3
0c2dac3b-86a0-4f14-be0b-25db0e0e87cf,3
1a15f13f-b2e9-45c6-999b-c8af7a943f81,4
60d44d34-f8dd-4e32-a198-6483aac428ad,1
60d44d34-f8dd-4e32-a198-6483aac428ad,4
e57a808a-9f49-4438-926c-b544b9f95010,4
32075fe7-5cce-496a-a258-f80b768e6f39,8
a06855d8-40b6-42a0-803a-d924eda73626,8
53f0e21a-f7c1-426a-a6ac-5c43ff435479,8
53cddd58-5416-4fc8-9d67-e3c16ad48702,8
bf7aecb4-3d52-4f6a-8ef9-5dde448dfe04,2
21d3deb9-20d9-43d2-88c5-dc746d3833c9,1
0e40e620-e0db-4061-84a6-f2857ef49883,1
101426a3-40ad-49b0-99fa-2bb2734b3c93,7
70fd50fd-56fb-440a-82d4-26fb2500705a,7
7e1cc492-3c6e-49ca-ba18-e58474d8ebe9,2
ab9309f2-0e5e-412e-ae8a-50e7f87409dd,4
31e2848c-1132-4f8c-8146-c8421608a014,4
69f25517-cc54-41b4-86bc-63770856765a,4
69f25517-cc54-41b4-86bc-63770856765a,7
93c5bbf4-a3e6-4030-988f-fbf13ca3faf1,1
cf927df4-75ef-4912-85dc-bfceeed307d5,1
fc0da46a-e969-4fb1-bae0-4a7f314d0063,1
55269f1a-543a-4bdb-a5fa-8c4c49506689,1
7fa804aa-b1ff-4435-a680-3c829ff944af,5
271772a1-7dec-4a80-9965-c994f17d839a,7
ea23e825-4e8b-4577-b4cb-db458838be11,2
ea23e825-4e8b-4577-b4cb-db458838be11,3
f58360d3-cc8b-423b-8e5d-be69240bb78b,3
b7159312-b6b2-45ca-93b4-d59317ae98c7,2
3f5bddfe-5eb3-43a5-8436-5571ef05dce4,2
bc4600ee-04d4-4921-8f98-57167f39f640,2
b3b1073c-0a84-4da9-89e3-923952c78674,2
c227373c-b777-48fe-9cbd-cde03c996d99,2
c227373c-b777-48fe-9cbd-cde03c996d99,6
76e0770c-4d27-488d-bf96-613430f252fc,6
76e0770c-4d27-488d-bf96-613430f252fc,8
605ade7e-e36c-4929-8d31-5f13aa63af0d,2
df561203-144f-484b-9680-a2644864a65a,2
b6f8f317-cd63-4a4e-b8b3-b541604b9aa6,2
f8da863a-92e6-4993-9a83-fff1cd5e1ed7,2
a3c50b82-6164-4caf-aa29-c138e41eb22c,2
562ffd62-8aae-4627-9ec2-c364b775876b,5
3419605e-1fc2-4c01-bb62-3cc011c5fc7e,5
a904cc22-01be-46ec-9c21-911473c6d07c,2
a97b7910-e566-4021-93d6-78851750d175,1
a97b7910-e566-4021-93d6-78851750d175,7
bb383848-e70a-4f38-a93f-50374aec7a23,1
69cec016-b0b1-4384-98e3-3d53e48f61b1,4
69cec016-b0b1-4384-98e3-3d53e48f61b1,7
cf2aabd3-32dd-47e0-ba5b-5a31a0ff0aa1,1
cf2aabd3-32dd-47e0-ba5b-5a31a0ff0aa1,4
88eca381-58f9-42a0-a417-7cec9bdc8116,4
960abae4-09d3-413a-857a-94c8fa3e31fc,4
9544a04e-e0c3-4167-bb7e-7014559c2cd8,2
62edc616-53a5-492e-b159-edd30bb34a00,1
fcc3c9f9-2b98-45ee-b4b3-581bf834ab23,1
fcc3c9f9-2b98-45ee-b4b3-581bf834ab23,7
0c7d98ee-f7ac-445c-a8e1-4420b0dd60ad,1
66d46c68-8e9a-4010-afd5-46bcfe30edb4,4
93e5ee31-cb4c-4934-aec3-fb68120c8d70,4
a37898f7-7d62-42a7-ad4b-578da3e8ca6d,4
a37898f7-7d62-42a7-ad4b-578da3e8ca6d,7
d4074042-525d-4d35-9375-f52180110a4c,4
fe045739-1c74-4bd9-ad4a-3c259eb8af5d,1
fe045739-1c74-4bd9-ad4a-3c259eb8af5d,7
9268d20d-55ff-47ee-958e-3b148536333d,1
9268d20d-55ff-47ee-958e-3b148536333d,8
60c27177-1109-4bea-bb5e-ad481f20b487,3
60c27177-1109-4bea-bb5e-ad481f20b487,7
83ddc580-9b3d-4035-ad6e-d53ad4df98af,1
83ddc580-9b3d-4035-ad6e-d53ad4df98af,3
dc559b14-b7f0-43da-a806-69493db2f61b,2
dc559b14-b7f0-43da-a806-69493db2f61b,3
da8d41a0-e572-4357-bb61-60b3dd6a68ab,3
d289030d-d133-4a5b-84fb-d9d7466fcb38,1
d289030d-d133-4a5b-84fb-d9d7466fcb38,7
17dee838-0275-4d11-8e28-b0643fb40024,1
bbb304f5-504a-409a-967a-693afebf27f2,1
bcf8e12c-dddc-4102-a78b-8251a1129a44,2
c4153cdb-9ad5-4b4d-a32e-333028108def,2
c4153cdb-9ad5-4b4d-a32e-333028108def,7
9736d4b8-1154-45f3-b6c2-96a4080823d8,2
ff1d1d37-f3e1-4f23-8289-8557d1d9aeb5,8
254a7526-2a5f-43cb-9b20-3a797740f3d4,2
254a7526-2a5f-43cb-9b20-3a797740f3d4,8
12f19f95-6261-4cbb-9bcc-bf73fe26f6b4,3
c83664d3-5dc5-40f3-a34a-da670cea8a45,1
1297f185-f080-42a4-87d4-84dfc571aa6c,1
8812e335-eb96-4036-a8bd-a913660f2cdb,3
9f2646bd-7e7b-4088-9243-23968ecfa8ff,3
9f2646bd-7e7b-4088-9243-23968ecfa8ff,8
1110edf4-3384-4b94-8534-bab4ae23c771,3
32730caa-3b53-4cb8-bb57-cbb985b6989f,3
32730caa-3b53-4cb8-bb57-cbb985b6989f,8
5fa4bb61-7705-4168-a2a8-42c88c695eef,3
5fa4bb61-7705-4168-a2a8-42c88c695eef,7
d4d42645-ca52-4e7a-9cd7-7021f1b87027,1
96045f11-05be-491d-ad19-20755dd393fd,1
d8f108ba-60b6-4aaf-99ec-b547a4b0018d,1
1eb8575e-2880-4b29-811b-549d0b53e8c9,1
1eb8575e-2880-4b29-811b-549d0b53e8c9,8
46bcbdef-36d0-4022-be7c-6fc446db2562,1
20b60a41-5e37-4941-864e-a22d360ede2f,1
20b60a41-5e37-4941-864e-a22d360ede2f,7
bca02b7c-17af-401d-9355-1a1bbe9261e3,1
2ef6676b-37e2-43bd-864a-70f0671e7290,1
19938d7f-96b8-4752-b4d9-ffd1f6998db1,1
19938d7f-96b8-4752-b4d9-ffd1f6998db1,2
e67ae446-583e-4be0-970a-304100506edf,1
4c1c3102-1b1e-466c-bf65-ef3c10f5ffc9,1
3b9715fb-8897-4b01-934d-e96e72543c9f,1
7e25bccb-bd27-4edd-85a6-6a02d3b34b82,1
328fb58e-83f5-4c76-8897-ff84adb0bf4f,1
1534570c-78ba-4f71-835b-4548b77371fd,1
1c3c7797-6c08-45ab-9f62-842db3227f32,1
27d264c9-0e56-436a-bb0a-263f0b1ac8e1,5
66af258a-5ff5-4dce-9c0f-4be1258643e5,5
66af258a-5ff5-4dce-9c0f-4be1258643e5,8
224c31f0-b252-4bcb-b9e2-5459e0cd1b17,1
7007d11d-1250-4513-94ed-ced94908188d,1
cdce1393-f7f4-473a-9f66-41b69d667f7c,1
db4a8e5f-8efc-489a-8f49-64851edf19b7,1
cf0c38a6-bfc6-409b-93ac-6bd7ec29221d,2
5d220c4e-edbc-47ac-baa4-9caa24730625,1
464e67a1-ac20-4acc-bdeb-73e3b6bf505e,1
23469fb1-4e77-49be-9f4c-2edbd0bec724,2
4b0a5e7f-9c35-4f0c-a312-a004e7f6f751,2
99b07e86-d796-4a4a-9373-65ed81b72613,2
130541d8-1934-451f-a3bb-b54ab1168aed,2
2a57f01e-b067-4f49-a00f-b61b84bcb0aa,7
7339c2f8-1c03-4c37-ab55-8e842cddfb2e,2
0519df76-4f5c-49e9-8019-662e56e3a9f7,2
84b8afe8-8aa8-49fe-bd53-54c1abbc2fcb,2
e2b6f73f-e152-4390-b961-53da0c2c0040,2
c67e089e-fedb-4a23-8907-8f8854fca65b,1
365f6246-9f6a-4d67-87fa-ce5ee5206d61,1
32d91fe3-fe8d-4413-9ea4-1018eccb37d1,3
30486637-6633-4116-bb10-4dec0008ce38,3
151fa347-afbf-494f-8037-b0dd311d74e9,2
151fa347-afbf-494f-8037-b0dd311d74e9,3
b0eff8c9-9680-4c4e-8fc9-6e1cbdddc8a1,3
3519990e-ec76-412d-8edc-d3ff4ae4afd8,6
3519990e-ec76-412d-8edc-d3ff4ae4afd8,7
35fc64fd-5b35-4850-9db8-34a6e5d8d49f,6
cd60e5ee-e711-42a4-90f7-b1e1f8f33c79,2
81b08e24-b148-4aff-8d7a-7caa12b99247,2
ebf7f406-f217-4b09-8255-311e8760cb84,1
4ead3a1d-145c-4fcc-8d6b-670295e65343,1
fbdc4947-1262-447d-ba68-52b316f8aa9d,1
97bdbe2c-ddab-4128-9d19-d2500e9c7899,1
6d6e6d97-2d9d-41ad-aa83-fdf9ce38270b,1
6d6e6d97-2d9d-41ad-aa83-fdf9ce38270b,7
7098f18b-68d0-4ecd-8c91-5b9416234dc9,1
3134b5f5-3825-43d2-b2a8-b1e4f8ba0a57,6
86e7fd5b-4d10-4a06-9547-866d47660e85,6
f2c37c56-6013-46bc-a986-6ea448a3cde3,1
f2c37c56-6013-46bc-a986-6ea448a3cde3,8
8fbfed8d-dfc1-4290-87a9-18a473bd9792,1
2a8d2224-a7f8-4ea0-b4b0-a14940aed0cc,1
eb2a00fe-a67b-428e-b479-b4536f33c79f,1
4ae2ef28-6eac-4c05-8ced-8293d8676116,1
4ae2ef28-6eac-4c05-8ced-8293d8676116,8
37cf37b4-d0d9-4076-a18e-1e56c214e2b9,6
a453b2a1-3edb-4862-9c33-82cea6cb3711,1
a453b2a1-3edb-4862-9c33-82cea6cb3711,6
539d3880-f716-428c-b049-3750a85b2dc6,1
ce9c0de6-c2ad-4d95-ab43-76285774d8b5,1
0c4bf5de-a985-49c2-ae6e-449303320632,1
841d042f-0f06-4643-a017-b1797df15766,1
f910591b-20fe-4ee5-a030-246be082b321,1
415535d9-4d32-43f1-a5d1-b8af7d5c4df4,1
828ed3a8-bb19-4e78-98d5-ce46ec5e5fc6,1
828ed3a8-bb19-4e78-98d5-ce46ec5e5fc6,2
caeb1e66-cd65-49ae-abe8-c8cb61d6fb30,3
771074fe-5daf-4691-825a-22d894d2e90b,3
771074fe-5daf-4691-825a-22d894d2e90b,8
2fd29e17-d069-4317-8f58-af9aeeba7b32,3
fe18d897-cf56-4e94-9288-9d70f62f5acc,2
2b6e6c60-15e2-4233-84a3-cbc4391c4c59,2
575a5eb7-cfa8-4f71-a20b-dc246b427e8b,7
f2385622-a992-4566-b6c9-b45e44b949bf,2
f2385622-a992-4566-b6c9-b45e44b949bf,7
b83cf6d6-6ead-4d92-8638-3470e7bc2e33,1
fb8ab943-c618-47b6-b547-42438c17c578,1
1da64f58-a518-4ebf-9dfd-4a3fe1186621,1
38795bd4-6d28-499f-98de-2c2305cea4d4,1
7c680a56-1ec7-4f87-b8ba-68f4eaf8b239,1
7c680a56-1ec7-4f87-b8ba-68f4eaf8b239,7
2f6b1db2-1e46-4039-9f26-0d14fb966592,1
72c1cb77-a48e-4a61-8bc6-47b9c4ceb031,4
72c1cb77-a48e-4a61-8bc6-47b9c4ceb031,8
e0dc27ca-9d0f-4cae-bba0-a97788ccfab8,2
e0dc27ca-9d0f-4cae-bba0-a97788ccfab8,4
c2c28baa-f59c-4569-be1b-e6f87f2cbe81,3
f2886dcd-c694-412e-b7ed-29ba82567e52,5
187a7433-6506-4eff-8da8-5bc796c17be5,5
17658045-31e8-4414-9ea1-97f7fa374923,5
cb0d22b0-26a4-4b26-a15d-58a56665b8ed,2
80dabfb2-c557-42d7-8eb9-f201f47dc944,2
60bf0b5b-480b-4bd4-b28e-1cc07a8e2cf6,1
d1c610e0-c04d-4403-a2fb-e9e72d81454e,1
49c8e420-62d0-4429-9460-3b72ef89bcd4,3
d934cc4f-67b5-4ad4-89bd-706a9b4aa2ae,3
d3e3e2d0-5924-4922-bc3c-0309bb21c683,2
9f1d988c-a140-4642-b43e-8417b9cc372d,2
369d8fde-57fd-4426-9b21-bf611d0b28f3,1
2cce2a1f-cbc4-4098-a7dc-646e0c163d6d,3
56d48e6d-3ac1-4ea3-9927-8a9dd8164a0c,3
d2a080c2-ac49-473a-acb3-8533ac9ab86b,5
a83c8142-9f11-4696-95da-f06a1f790273,5
67f69e99-fac2-4fb1-9d5b-893cb13d14a3,5
274b86d9-a2e2-4058-8fdb-78584b1d8543,5
735ca6d5-c529-432b-85cc-d833942a368a,5
acb1dff6-9344-441f-a509-6338abaac0a2,5
49181381-3f48-496d-ac7f-d989ea3404b7,5
080b454c-a129-4361-91cf-e6aaa1e8f6c3,4
8a4d4ae5-8f37-4604-8404-6537a6b29c7e,4
c38b7d80-eaf6-47bf-88d7-3db229907af3,2
c38b7d80-eaf6-47bf-88d7-3db229907af3,7
e5be7074-a6c6-45d2-aeab-2bd647652627,5
67a743b7-6dc0-4b0a-8a9f-2a1456650972,5
9455977d-8c9a-4d18-93fa-7af94babd286,2
9455977d-8c9a-4d18-93fa-7af94babd286,5
b4e77cf4-51d7-467e-909e-1cb2f03eec20,5
ac6e65e6-b17d-4232-b378-e033aceb46fb,5
bc1d4413-d58d-4c23-9023-3a9dd206cc8f,1
8750cba9-cb8b-415d-8ba0-74ab6ffd1c56,1
8750cba9-cb8b-415d-8ba0-74ab6ffd1c56,8
91e1f6b3-8893-47ef-9b77-5603b12cbb9d,1
d0932b62-ff23-441b-9714-24bfb1225d92,1
d0932b62-ff23-441b-9714-24bfb1225d92,8
6200cc0f-67fd-4659-9c5d-58e98c8570c6,1
a0abe6ce-f728-4b36-85eb-96b20da83ad0,1
299949c1-76d7-4c54-82da-34050459fa81,1
40c9ede2-e6d8-4d7f-8a99-34edec39bd81,1
8d419ac8-fd08-4807-9a35-62b24a8b6a13,1
34bf6605-4911-4790-89e9-a172c3f8ea63,4
9a52f7a9-210f-478a-9bcb-40d267c143a4,4
18986790-3df9-4d42-a4b0-6e3c355c585a,4
a35a8fc3-4cb5-4c0d-be3b-7cf00b8269b9,1
a35a8fc3-4cb5-4c0d-be3b-7cf00b8269b9,2
71323d44-9ec5-4c74-85ff-4e6fad59405e,2
71323d44-9ec5-4c74-85ff-4e6fad59405e,7
a00d3876-d3a9-4a10-8a5a-01b91ee14071,2
18580d5d-85e3-4126-a9aa-00b4136adb40,1
776fa490-25f9-4ec2-8161-6d3f501da90a,1
776fa490-25f9-4ec2-8161-6d3f501da90a,2
42d8c22e-299e-4dfa-914e-c7fdadcf68d4,1
42d8c22e-299e-4dfa-914e-c7fdadcf68d4,8
28a2464c-4041-482b-8712-ea2335db4319,1
0cf82c62-f4a8-48ef-b3dd-00b2072e6696,6
9b475831-2b5a-43d2-9aef-f4477ccc0c8f,1
9b475831-2b5a-43d2-9aef-f4477ccc0c8f,6
ebc215bc-adf1-4bba-bb08-6524b72d0637,6
c3a1f2ac-33f1-46ed-9fb1-0b58df06f455,6
9b374940-27f6-42c3-9c26-1c7dbae8e042,1
9b374940-27f6-42c3-9c26-1c7dbae8e042,6
093cdf39-c740-447c-bcfb-a4ffb4061dd2,3
0fe54cf3-976d-4c0a-ac5a-4586f6e7bcc8,3
0fe54cf3-976d-4c0a-ac5a-4586f6e7bcc8,8
8bdb6f9d-6ba2-4360-bf14-44a9561b9d55,3
2aa7608b-4c47-460d-a59e-7533cd5aebc8,2
2aa7608b-4c47-460d-a59e-7533cd5aebc8,7
d3120dac-e880-4c35-9235-e59a4b2297ee,7
9893ebbb-bd89-4f2c-8dcf-482ee4352b33,1
9893ebbb-bd89-4f2c-8dcf-482ee4352b33,7
2be9e153-82e0-48e2-8df1-6dce2bc85850,7
4484f14e-6912-4216-a4de-d890f4f8de4a,1
4484f14e-6912-4216-a4de-d890f4f8de4a,7
f759d32f-41e1-412c-ae9a-0a2f9f018132,7
2d3e83b0-cc8b-4c3d-82b2-f253c5a9c7aa,7
e3f7ffc4-5483-406d-861b-50ccac051b0e,7
ac19fed4-253b-43b2-ba88-84230ff8c11c,6
b23cd50f-8833-4e12-b467-e2cf55201d09,2
b23cd50f-8833-4e12-b467-e2cf55201d09,6
5bcb4a1a-a287-485f-828c-276daf9897c1,3
5bcb4a1a-a287-485f-828c-276daf9897c1,8
051450fe-7544-4eb5-b5da-8d8b4d8d66a5,3
78632349-8527-47cb-9043-f9921e968a78,3
9c6fa438-4782-4624-9871-c46a5f74426c,3
d9ce919e-58ea-4ec0-b194-9da1e581bd24,3
639d9e34-8bbb-4760-8fb2-f80225cbbdbe,7
39728065-881d-4238-a66c-d5ac503ba9f9,7
709301e0-4fdb-448b-9e87-db16f5dfa5ef,2
709301e0-4fdb-448b-9e87-db16f5dfa5ef,7
e79a6d21-43e8-4176-9616-5f8ed8baf655,7
e995896b-31c8-45cc-a214-4872758dffbf,3
670bb4cf-4eee-4558-9240-f5af8aaec14b,3
86e731a5-343b-4d8b-8f8c-bb5f72dc638f,7
a4e024d4-86a3-4644-9e71-2aed58d341fc,2
a4e024d4-86a3-4644-9e71-2aed58d341fc,7
0666fc35-9b61-41a0-a07e-7497e28acaf5,2
fcc331dc-87f1-4f1b-af9a-e1f18938a757,2
131b5ba7-07ab-47df-ab84-88bccf0be6df,2
131b5ba7-07ab-47df-ab84-88bccf0be6df,8
c0770ff8-fc23-49ef-95b6-0e624d2772eb,2
c858e5d0-0277-4864-b4d8-ea407d78517d,1
4622dcae-3247-4708-a7e2-9fde513b9f4b,3
eef663ad-fdef-443e-8ebd-c09c525a4099,3
5a0ad2e2-cdba-43c3-9cd4-53f5514016f0,3
e3b1e07b-cee1-4fea-b8b6-2ebb83d513f5,4
e82df3fd-1b39-4863-a702-c739369c9810,4
e82df3fd-1b39-4863-a702-c739369c9810,8
4f717832-b13a-4791-bd13-22e098c648ee,2
4f717832-b13a-4791-bd13-22e098c648ee,8
095279f5-c33c-400d-bde8-581f9374e8d8,2
2b8bab15-8303-4735-af84-be7c120d5ef1,1
2b8bab15-8303-4735-af84-be7c120d5ef1,2
b5acead7-cc88-4502-a442-b927fc098e1d,4
881a461e-5167-4dab-a3a4-81f7b6471926,4
07799702-b277-422b-b9a3-5715e678386e,1
79479406-d064-488f-a129-e4269f1c94a6,1
79479406-d064-488f-a129-e4269f1c94a6,8
656a3ffe-e459-4439-b315-8efc03e11b72,5
f4f41a2f-8d88-4d74-8be5-766fde2dedc2,5
c5293fa4-764f-4751-88e7-9140951ce8cc,3
49ffc9b0-ba6b-4c44-8e1f-0465ab096036,3
5982bda1-136b-4f95-8461-9e2173c6d3c2,2
e45100f7-e020-4306-96dc-991fdd6417eb,1
e45100f7-e020-4306-96dc-991fdd6417eb,2
b85a4d6e-5393-422f-ad4c-2d13369c9481,8
e319dfce-4d80-4236-b82f-38195a4d6878,8
74226b5a-89fc-4dcb-95ff-e11a1bd51fba,2
fc1fb02c-68a9-4871-bc3b-1940d0aadbba,2
e7c7daf8-99dc-42eb-a6de-e4ac915b8e55,5
7584f28b-eb7f-49ee-b5b3-01a120fcec66,5
ee8d0b2c-3a1e-45b8-b923-8b50b62611ca,1
ee8d0b2c-3a1e-45b8-b923-8b50b62611ca,5
13ffdc36-9b40-4ed7-8b47-de565dde8fbe,5
3d534c40-650a-4118-b552-7ea930f3a300,6
c404c3e0-b912-477d-bc72-7210450a6ce4,1
8fc00260-53bf-421f-835f-112549d39302,1
32431de9-f146-4dbe-a787-595d90c6cd8a,5
729ca019-8b5f-4573-8e0f-564024731787,5
52f689f5-f6da-43b5-92e7-83284b547ce9,5
e341fa27-9f2b-4608-bd0b-dfea789042cf,5
8f838843-cb25-4fd6-837a-f797e74623b3,5
5d55e000-ead2-42d9-9919-064d2ca59fcc,2
5d55e000-ead2-42d9-9919-064d2ca59fcc,5
e1b5579a-3b18-4414-b759-8b2a8ce9f583,5
e1b5579a-3b18-4414-b759-8b2a8ce9f583,8
6f8689bc-5950-4f7a-9786-84c119cbfe67,5
4707b43f-0600-4f1a-a74a-6b37ffb09051,8
ea7f6911-f5a7-4180-a9b5-447587c46e03,8
6d93b2c8-49ea-46ed-b532-8e42c0c6c32b,7
a5e776a9-126e-41eb-a4b9-336354797495,4
a5e776a9-126e-41eb-a4b9-336354797495,8
5e09418e-033a-400b-9acd-cf6e09f18445,3
252820ff-1193-49d8-8601-420f672eec38,3
e1a82457-fb72-4aec-ac50-863728099e70,3
033ab5e5-d4f5-497f-ae89-ababf1fafb8a,7
91a1478f-fa02-4dff-a917-e8b0f428a78a,7
fc453358-4274-4d4c-a0f3-806a9b0194ed,7
6a230989-6378-4379-84de-de947fb9edaf,5
f339f9fd-b718-4e39-a926-4047b68eeb67,1
696c749c-c1d9-46ab-8a1f-7c4f414c9d97,1
6bd039be-52ce-4803-85fe-de2b77d06c13,1
4da619bb-ecd9-4e8c-bf83-8c1ee402bdda,3
4a91d41e-7ab9-4615-a792-369db649ea67,2
4a91d41e-7ab9-4615-a792-369db649ea67,6
34b2759e-8bc1-45a3-9941-161c5e573751,6
cb966609-8e0b-421d-87e6-03b6de98cd15,4
0413680b-88af-47bb-9dc1-07fd00340efc,2
597a4418-fe2e-43c3-a671-3882b0596896,2
88f946ce-9211-4aa1-848e-578ac196d41a,3
952e0ac1-ccab-4ee0-9e13-74d0f510c2d1,3
08eb00fd-9e4a-40f4-a858-6d9f86994e4c,3
9038e59d-ed83-4134-9018-b4100cef5062,3
27508988-8271-458b-a90a-2a5ded9937e4,1
2aeb6981-fd8b-411d-a495-f1ab90eb9d72,1
2aeb6981-fd8b-411d-a495-f1ab90eb9d72,7
32d8732c-1cf7-4264-97e1-adc44ed43a74,1
65715530-e44f-40ba-86b3-66fbb9864e4e,1
4c7ae7de-b71c-4e11-81a8-e5e04afa9b04,1
d52bea89-a863-4ed5-a931-131468f7c3f0,1
f89ddbe3-1bfe-4e85-b68c-5ab647d74594,1
e6f40ebe-16d2-4b44-9a39-37081e0414d0,2
2e2f3083-d33b-4fc3-904b-d51da1ee105b,2
fb3db5ac-f408-4c25-9a18-dd5239b1e454,4
fb3db5ac-f408-4c25-9a18-dd5239b1e454,7
95471ca8-f410-46b9-9276-2977ecab419e,1
95471ca8-f410-46b9-9276-2977ecab419e,4
285e7045-adcd-4b3e-b3f7-e0c85b91d7f3,4
70ea6334-7b91-48b4-8822-13836291fa1c,2
70ea6334-7b91-48b4-8822-13836291fa1c,4
87e04232-9489-4c00-87b4-1aa6efbbcfc2,4
b0aa85dd-419d-4ba2-afae-f064c3caef15,1
cb1772ee-fae3-4c6a-928e-d51ea517fa90,1
5cb8e4c4-0924-4359-9d10-b3cc27e9d12f,3
76350770-c808-4b52-82ae-0c125de91931,4
76350770-c808-4b52-82ae-0c125de91931,8
951c0302-d389-47e0-9fd6-53df8cf4bacc,1
d2d205ec-0af5-4406-961b-8ebb7f458737,1
cb3274d0-c7c7-4c86-9037-06d57fab7e8b,1
7beacb2c-b4eb-43e0-b416-f79e671739e7,1
5509f0d9-b0b9-4fc9-9dda-0c78417f23cd,1
5509f0d9-b0b9-4fc9-9dda-0c78417f23cd,7
29b25cd6-8f7e-4115-8ce0-79ecb30c15d6,1
29b25cd6-8f7e-4115-8ce0-79ecb30c15d6,7
649dad8d-7b89-4af7-b0b4-eb2efa0ed3f1,1
8f71065b-9d50-42cb-ab91-b06fd14a2263,1
18c3c825-3dbf-4b2e-b24a-c7e66a360b7c,3
87678f11-be84-46c7-8497-c1e2a8e5d47b,3
87678f11-be84-46c7-8497-c1e2a8e5d47b,7
569d1af9-d3c3-4f8f-be38-706d1d3ae572,3
552c7216-17f0-4e4d-a37c-fea108fa3a8b,4
1c5e7297-c07b-464d-a3bc-39e49690e19a,4
7a442964-7a54-4234-af0c-a8067c15828b,2
cfec4d3e-ba98-47c4-8f42-30904aeddce4,1
cfec4d3e-ba98-47c4-8f42-30904aeddce4,2
144aa8c1-3acf-468d-9067-03057bc51630,2
c21fc60e-e7bd-40a4-a3d1-b4a2ba68ed53,1
c21fc60e-e7bd-40a4-a3d1-b4a2ba68ed53,4
27f4cce1-7745-456e-a9af-423e3d4155f3,4
4b60aac2-edd9-4592-9c1c-bbef550a50f4,6
be53ebcb-fcca-4a54-836c-6c684bf526d3,1
a4c12cea-5371-4765-9892-f60580341a3f,1
6c5ecb26-5f62-4566-99b7-1d0df5fb592a,4
b9f03c25-8ea8-494e-8055-38a5a0787b9f,4
d94ba637-c8f0-433d-91b3-3f5f025bc9a4,4
a0c795ac-cc85-46a2-9366-1fc79ef55c33,4
a641ebc5-71a4-4c63-ba9e-5d33e2c6f603,2
a641ebc5-71a4-4c63-ba9e-5d33e2c6f603,5
97d91c49-8251-42c4-b833-5cd97ccef824,1
14f58fad-97c2-4653-bf12-0378f3971344,1
89b8c43d-1cf5-41a7-9a2d-c0a87026eccb,1
1a7ec702-be1b-402c-9e87-09b9fb36fce9,1
b61ede4f-3e25-4ce6-8e47-ff5f17713030,1
9c03299c-5e63-49bd-9fce-a996f2c05e30,1
8bb221dc-6303-4ebe-9a5c-c4ea908af9f9,1
8bb221dc-6303-4ebe-9a5c-c4ea908af9f9,2
4b9c2739-9b4d-4153-b458-c58571f8f77c,1
15ae3640-0221-4c61-95f1-4c472e7968d0,3
947e9807-ed27-4e1f-a62e-04d24de0cfc1,3
054baf88-c650-4aba-826f-bd0d553154e9,3
b62df698-c199-48d1-a527-4b95a099b8c5,2
b62df698-c199-48d1-a527-4b95a099b8c5,3
ee0af6c7-ea5e-49b0-8d12-38d0dc8370e3,3
ee0af6c7-ea5e-49b0-8d12-38d0dc8370e3,7
23577281-154c-42ea-bc46-7eb86486c01c,2
23577281-154c-42ea-bc46-7eb86486c01c,3
b9897b60-d161-4f53-b857-fb291bc9a1ff,3
2680e74e-2cd2-4ad0-9c27-ac0543d60b10,2
2680e74e-2cd2-4ad0-9c27-ac0543d60b10,8
671c4d35-c079-46e5-a7bd-bbb9ba878837,2
671c4d35-c079-46e5-a7bd-bbb9ba878837,8
3dbf9a81-3f58-4977-9fcd-ae02f619cd01,2
64660535-6324-47e5-8075-ee77e9b1af14,2
699c3298-0bb8-479b-80ab-85be66985d7f,2
877ecdf1-d6a0-4b9a-a663-e632aeb6c7c0,2
7cf9535f-b80b-4323-a768-fa77283b45f7,2
7cf9535f-b80b-4323-a768-fa77283b45f7,7
529deb15-d1cc-4db8-bc04-d96c040d4f35,3
dcdfb3be-903c-4d48-b4d7-65a8758958b8,3
8a7ec97d-2c1d-4e0f-9e1f-e86e225f48d7,2
8a7ec97d-2c1d-4e0f-9e1f-e86e225f48d7,3
115116a1-c056-4e74-96af-36a1325ce4d3,2
fa3e6a62-4369-4da2-aa09-269d5699e87a,2
dc946c0c-20b9-4338-8eef-cfc25f60d9d2,1
19a815ee-5f20-4a3b-8eda-0657248cec89,3
11191f14-2d3e-400a-9a4a-ee9fcd55d96f,3
382548c9-5d37-4a82-86cd-fa13fe8f0dbd,3
890d33ce-1843-4434-a99d-3047c4fa00c2,8
22663b15-146f-48ee-9a62-ee51375e6a96,1
22663b15-146f-48ee-9a62-ee51375e6a96,8
3ab5c47f-1a52-48c9-b65a-72778ab8ab27,1
3ab5c47f-1a52-48c9-b65a-72778ab8ab27,8
68719387-53b9-402a-9693-1434a4a78df5,7
68719387-53b9-402a-9693-1434a4a78df5,8
85635c13-86ec-402d-8fff-0365caf9eded,1
85635c13-86ec-402d-8fff-0365caf9eded,7
ef2a52f5-d0ae-4d89-b310-86ba670fe9ec,7
ef2a52f5-d0ae-4d89-b310-86ba670fe9ec,8
7dd0beb0-575a-4815-80fb-8d5524201a8c,2
486b9dfc-ecd1-427a-b8ce-0a6bbc5843bc,2
484bc13e-07cc-4d51-a0a7-466971eb0e91,1
8a8e67e8-50fb-4058-8089-63884ca0f6ed,1
ef4e63d3-e66d-4343-9e9a-248354216bea,8
3919dbd1-4eef-4faa-a8a3-09826400f925,2
3919dbd1-4eef-4faa-a8a3-09826400f925,8
c9432cae-a226-4fee-b3a6-0f4ad19d4744,8
171d52a0-b79e-4660-bb1d-fcc4ec41e0f1,1
340e0e30-2e99-4e51-af51-9ce635480b08,7
ce7801ea-306f-4e23-90ad-1e23e27e31d4,7
ab4dc4b1-f3e6-4594-909f-9441c279dfd2,8
d0420c86-c81c-4ed5-8403-77e68ad3801a,8
0a5daaea-9ff4-4d00-a349-ebe0b50b035d,8
a1605797-8ad2-4a97-8c59-d239d0c369f3,8
4994df62-8e3b-4af7-aa74-1057f487b65a,8
c21eb4e3-a8c2-420a-93da-6f6dd4fa9b96,2
3db3a12e-4aae-4912-b4b0-7986b1cba6f4,2
1ddc0a54-441e-4df6-9a8c-c722f013eb42,7
135d1d71-44fe-4242-b4a2-93ecc7cbd0ec,1
135d1d71-44fe-4242-b4a2-93ecc7cbd0ec,7
5deb995c-039e-43de-82ad-f18cbcbe0b9b,1
4a2b991b-a4c8-4006-b142-8cd09231c941,1
16bbc168-9d72-479e-ac90-da4f79ccfbbf,1
427a60d8-70ea-43da-b01b-95175b4d32b2,2
427a60d8-70ea-43da-b01b-95175b4d32b2,4
f7da8b4f-1639-46de-b104-985fbecdb856,4
2ef341a6-a182-4fd0-8656-2adc42a74cfa,3
d66d42f9-459c-434a-af81-d63f5154b2f9,3
af59ebaa-bc04-4de3-bdf8-e6231ca4b723,8
34bda6d0-b70b-4082-bde1-71534bfa99bf,8
e32bc406-1608-4dc7-967d-bbd301be6d20,8
029bdf00-cb92-453f-b65d-214a126f5344,4
e62ce59b-c5f7-42ef-b530-ef2faee66014,2
e62ce59b-c5f7-42ef-b530-ef2faee66014,4
6dc6dfcd-524d-447c-987a-1df12807dfc5,1
6dc6dfcd-524d-447c-987a-1df12807dfc5,4
c77da94a-2d28-4453-a622-134867debb01,4
91faa39e-76ea-4365-a854-7d654c53a6c6,2
91faa39e-76ea-4365-a854-7d654c53a6c6,4
e723cb2d-ed11-4ef1-81a5-ef84023e67fb,1
98906c5b-b088-48c5-889c-1510856ae1a5,1
4db0fcd4-bd28-40d8-b528-484093bda62d,1
3e9b382b-d34c-429a-b6b2-5251cb201bd1,1
f14cd1cf-dbad-46c7-8853-adf2f68c1bc5,1
0bfb9db4-eaaa-4342-a9e1-61d8b55dfb76,2
1b13a58b-9ac6-4640-8035-af7b74fc5586,3
0186b370-32af-4724-8aae-b7212ccf7e04,4
34da0a2c-afc7-4ec1-9a2e-b4e5dba5086b,2
34da0a2c-afc7-4ec1-9a2e-b4e5dba5086b,4
c7f89c81-c848-4c11-921d-796eeb432fa5,4
a5d4d768-24b7-45d5-bb33-f5c22c9601ae,1
e70ad53d-40c4-4e31-aac4-8c0d2d935463,1
e70ad53d-40c4-4e31-aac4-8c0d2d935463,2
7633a465-75c3-4be4-aa98-273e7b16926d,4
7ba515f5-6423-4a57-9f78-a6bc7b3571ee,4
aba1b3f2-6e3c-44d9-ac78-e38756e489f3,1
9ae403ee-5102-4374-8961-05f2449c4b44,1
9ae403ee-5102-4374-8961-05f2449c4b44,2
bf3f7d81-bdb7-4b63-85f0-b1dcbb5188f9,1
ee02d00a-d33f-4137-b2fa-01c2620b0916,1
77d7faf2-c157-4a6c-b9f3-747d5f9bb265,4
6571b32b-effd-4ca7-9743-77227867043b,4
b0de3a19-7eff-47ff-8130-f30a8f1bdc9f,4
3d1fcd1e-48d3-4780-965a-e5903684ed36,2
3d1fcd1e-48d3-4780-965a-e5903684ed36,4
dfea31e0-7b30-49d2-9cd8-31e27337a9f6,1
dfea31e0-7b30-49d2-9cd8-31e27337a9f6,3
5ccf5828-8e44-40d8-b0bb-51cd06708e77,3
f10efa26-1fe3-48ea-9507-f82444fa250a,3
a1157e06-8d45-460b-8897-e63d1ac03901,3
57709a51-54c6-43dd-aba6-9d13ba816449,2
57709a51-54c6-43dd-aba6-9d13ba816449,3
45bbdca3-4a70-4765-8d18-a7b033c3e186,3
a360d1cc-33cf-4741-8a4c-c9e8f3b2da6e,3
b092762c-b4c2-49d7-8678-d355c114ab87,3
fa000572-63d0-43bb-aa4f-3e963acf217b,7
499c0138-8f1b-4628-b55d-586f92b1dd74,7
c39c8e11-cbb5-42e9-8c11-eede40dd93c9,2
921e4203-9a5c-4b83-b01b-e0141e2b1d59,2
921e4203-9a5c-4b83-b01b-e0141e2b1d59,8
8b5ba83d-f2f5-496d-9d19-19880d42c16e,5
2f361c46-9a2a-4917-a425-623790ef5f77,5
2f361c46-9a2a-4917-a425-623790ef5f77,8
ec668609-1316-4ed5-b8da-6e469cddbaa9,2
ec668609-1316-4ed5-b8da-6e469cddbaa9,5
c4a95365-0d8c-4051-98f6-448f9b22fb59,3
2935579f-54cc-45cb-add3-07d83d3047db,2
6f57dd04-5ca5-4435-9fd3-2eb96509c7d8,2
5c77219e-81a8-4538-ad4f-e32e529836b6,1
5c77219e-81a8-4538-ad4f-e32e529836b6,2
aedb9cd4-4f4a-4dc6-8d21-4eb92596b8fa,2
aedb9cd4-4f4a-4dc6-8d21-4eb92596b8fa,7
21449748-8dd7-4120-bdd6-a93ee7139747,6
21449748-8dd7-4120-bdd6-a93ee7139747,8
eebfa3ae-f59b-44b4-9f6f-a4186eb224f0,6
9340373e-cc9d-404e-a294-572aa1abde9f,1
9340373e-cc9d-404e-a294-572aa1abde9f,6
72cd1b1f-20db-404f-b8ab-c53a904bf696,4
64092838-d701-4122-9a8f-b18c04c1f139,1
f076c131-17fb-4dad-9e7a-5d7a5d6b210a,1
d84947c7-3f20-4e16-9c1c-4a1aa3a376b1,1
d84947c7-3f20-4e16-9c1c-4a1aa3a376b1,8
1ea506fe-f725-4f8c-ae4c-4c212a782745,1
7b0a5062-7649-4875-bde9-4ade7e6e0d0e,5
8d45262c-57d8-4fcf-9418-7ac6c976d5a2,5
6a659fb8-3744-4941-a6de-2d552c573295,1
208f330b-2e94-4c44-822e-07af855b0ec7,1
208f330b-2e94-4c44-822e-07af855b0ec7,2
4dfb0ca0-5ea4-4bbc-a705-6e065d5d06b9,1
19e99b68-19ee-44d4-a997-80135d4124cd,1
ebad4933-a402-41b6-9cb7-237a74e6cb7b,1
ddc2b395-a26e-404e-b07e-e715f08fce13,1
83e6acb9-e05e-4328-9ad1-48d5594dcab5,3
9d995ba7-d7a4-43cb-be4a-ac2ca0f1342a,3
7057d726-de20-4b41-aa0a-5744631ba1f4,8
e018b66d-1bf0-4915-9783-8e56dc772310,8
fef7cb21-633f-42ed-a7dc-c5fe5d676d95,2
5e059546-8738-438b-8ce7-d3257e533ed7,2
8e2fa74d-718f-4042-8abf-38f213c51832,1
8e2fa74d-718f-4042-8abf-38f213c51832,7
8a737289-9e62-47ec-8999-5a1f593abaa1,1
3f84e67d-0a1d-4d79-a622-05dafcee01f5,2
3f84e67d-0a1d-4d79-a622-05dafcee01f5,4
ee7b62ac-2c2e-4b9a-a4b0-3bca023198e6,4
2bb3babd-3812-41fa-ae81-c29aa6bd5c29,3
1f0a57ea-c874-4a8c-901d-c48be77e4fa2,3
e40cc5d4-579e-4b1d-a132-8f324ccc883d,3
c9b295f5-aa8e-4f57-9471-c08d452fbef9,3
6fbae0f1-2fc7-4ff2-8b68-8a1bd3b1eb34,3
637c80f7-d2bf-49db-8842-e687b76b8b18,3
7b0f9023-2ffa-47ea-9bff-7e6484e23694,6
7b0f9023-2ffa-47ea-9bff-7e6484e23694,8
759567a4-2ee2-4aba-aa8b-43954fe6d161,6
73dcf25d-f1fc-4e6a-aaf8-f2bb5ccde9df,2
73dcf25d-f1fc-4e6a-aaf8-f2bb5ccde9df,4
29eb8a8e-c86c-420e-8e20-5ac34652b93b,4
9f7628bc-bd9a-44f7-8d6c-70ba362364a5,4
f46089fd-76c3-40f8-8fb1-b6306e7c391b,4
1d0a9c67-bcf5-4d16-92cb-4bbe78a94409,1
922bc5f4-9f57-496a-bfea-1d821d512878,1
922bc5f4-9f57-496a-bfea-1d821d512878,3
fc745c08-fd62-4e2c-9e4b-207f406ab183,2
fc745c08-fd62-4e2c-9e4b-207f406ab183,3
fc19a34d-84a7-429a-b38b-9a9c0552579a,3
4da42d09-ff0a-44f3-9e32-cbdc459a9ae0,5
59548e6a-1045-4b24-ad35-c99540e52ccc,5
60018793-481a-4f58-89f6-fa7fb122f775,5
60018793-481a-4f58-89f6-fa7fb122f775,8
dce6f053-3166-48b8-afad-aca94ad3aee4,3
dd48aae6-4121-4c53-90b5-6bdb97d5abc2,3
a7e3f384-1a2c-41dd-9d77-577a3761c265,1
0a2343fe-1d85-4358-90bf-97404e3975a7,1
b3214657-0347-4184-86d6-b4def9d11401,2
b757c5fd-b022-44b4-b078-40edd91d8042,2
7f582d75-cd0b-4f2b-a999-0344ff36d29b,1
7f582d75-cd0b-4f2b-a999-0344ff36d29b,2
d79e1a75-5608-4b1f-91f1-3b0dfd5a2977,1
78a3ff52-1fc3-422d-a956-8cc014520400,1
78a3ff52-1fc3-422d-a956-8cc014520400,7
27ed94a8-80ea-42ec-8ea8-2b39daba9db4,1
a285bf9a-5b31-4a09-b694-0d6329cb5429,2
90ef55fb-4631-4697-a6d8-f89507da3fe8,2
029016ad-24f7-4cd9-8ec9-ee0dd8f35aa5,1
dea7a608-60d0-4821-8485-bbd359c046c5,1
dea7a608-60d0-4821-8485-bbd359c046c5,8
48a2ff34-fe85-4f05-8ed0-04caaba60d02,1
ff86dc74-9c94-4154-bace-79d628da7c46,7
0d379e07-8682-413f-bae6-4e01b5ec6b3d,7
4d91ae3a-7ba7-43dd-9d42-209d04997c05,7
5d4c39dd-e532-4ff4-a54e-8c08b87aee51,7
605ad33b-4a4a-4ccf-881b-21d71bf37f17,2
605ad33b-4a4a-4ccf-881b-21d71bf37f17,7
0d06bd6e-b969-4ea9-bace-964b2ec75840,2
0d06bd6e-b969-4ea9-bace-964b2ec75840,8
a1461a9e-4525-4e74-b8cb-8e6e3cf319ff,2
a1461a9e-4525-4e74-b8cb-8e6e3cf319ff,4
44886c64-c505-450e-8985-91642d2e6f31,4
44886c64-c505-450e-8985-91642d2e6f31,7
5b5c36b6-9704-48c1-96c3-910bb24b3dcd,4
e49ed015-103c-4334-95c6-126186c0f8cf,4
b7edab36-0abf-4e87-b90a-8d014a2013f8,4
6c45a2ef-6528-4085-8a9f-3b5a72885cb3,2
6c45a2ef-6528-4085-8a9f-3b5a72885cb3,8
9b87a438-dc75-4ea2-a2c6-476f3ecca0fa,1
539c587c-8e3e-4ba2-b5de-125984a81eee,1
13f898e1-4098-42d9-bbfd-6850e6a0963f,1
e6b51c8f-b343-4325-9106-75793275e6e7,1
e6d6e9cd-6eb7-4fce-9e75-cf2a8cb62988,3
0b6dd927-3895-40e6-b440-d61c8093c950,3
91d7a8b7-697b-485a-8f17-2dd3095137b5,2
5578a87d-2e84-4256-afe6-0cb546771b97,2
342474b9-70aa-4d41-ba76-db1775ad151d,2
5a74a2c5-8d06-46fa-b0c1-3765e94e2ab4,4
6c2e0682-58e6-4b62-a10a-25b95ef48497,4
516aba48-b03c-4303-abe0-7b75aa6bbf80,2
516aba48-b03c-4303-abe0-7b75aa6bbf80,4
3d8d3f8b-6f34-4313-8360-dbfa3af898e8,1
540d4cc7-363d-4693-ae44-6a15b7ec01f1,1
30f7debb-c9ec-4fce-ac34-f66c0e464e84,1
edd79b28-3850-4f86-a870-e674428fa001,1
1ba58796-44ef-4c18-b8b4-7f9dd043b2eb,1
f34fb47e-d60d-46b3-8c7f-f6b5d5f13b17,1
f34fb47e-d60d-46b3-8c7f-f6b5d5f13b17,3
a1b74fcd-5f90-4bd2-82de-b4e24f88fad9,3
3c35d9aa-f1ad-4f25-bec2-4a79efbe4c9c,1
3c35d9aa-f1ad-4f25-bec2-4a79efbe4c9c,6
55b08070-179a-4331-be09-0db706c0e252,1
75760d3c-2c24-4296-ad9d-48c7e59518e2,1
d54638ea-abfe-4401-9d96-2bcca0c64d7b,2
0857679b-6c34-4f66-9d33-c1454dc5fc48,2
34c70fb9-519f-47cd-a0f2-894c567ccb01,2
d32e8855-cbf7-4e82-b187-ea2381a37ea7,8
56a9f1e7-bcae-4393-b60f-972095e0f47c,8
81e02b73-1cc3-43e1-b004-635760b55060,1
f030e03f-ffa7-4d1d-89c0-99837d1687c1,1
d370c641-93ad-43c4-bb1d-54cd697eb6ac,1
09751314-9acf-4f01-a1d4-494932dcfe7f,2
09751314-9acf-4f01-a1d4-494932dcfe7f,7
82852314-7aab-4cef-acc1-ff3a0f908598,7
91ac4b1f-f121-4471-a70d-cb88c05550be,7
91ac4b1f-f121-4471-a70d-cb88c05550be,8
1c3c2d0a-9344-4ecc-a88b-730e82a51b13,4
e9d3c307-25e9-45fb-8652-a09821b493ea,3
7cccb867-80cd-4e5e-8b96-453b5b051640,5
2f7cef6c-67ca-4e86-a976-665b943e8c65,7
fdd85297-8dc6-41af-ae10-833377b024df,7
d9bf5aeb-4515-409a-b1f3-307f8a3c8e4b,5
60213b07-58d2-4161-9a4a-33e3a5954ef3,5
60213b07-58d2-4161-9a4a-33e3a5954ef3,8
1bb834d0-8df9-491a-ad30-24b346763ada,7
11469b66-801b-4519-911d-9a384f5d4eb5,7
f9518b3a-b098-4848-a5ca-a22bf47aa38d,7
75485b64-592c-4e65-a818-85a00ad9b055,5
8f04a0d2-e4a5-4093-a261-d1f79cae79a0,5
8f04a0d2-e4a5-4093-a261-d1f79cae79a0,8
f2f0b5e8-a284-4db2-a9de-66e94b1f7445,2
f2f0b5e8-a284-4db2-a9de-66e94b1f7445,3
46ecdfde-32b2-4980-bc82-a89d5b963207,3
e089195c-2864-4106-8a75-f90ee7446f39,3
fb5d65fd-a274-46ed-9844-ca820c1dd385,3
9926837a-06ab-47c4-984f-98b8c9f0828e,3
9926837a-06ab-47c4-984f-98b8c9f0828e,7
ca0b9219-ae22-4987-9904-e42d630505a7,3
7dce106e-4e5c-45e5-bc3d-ccfe3ef4984a,1
9932e9f7-f647-4a7c-878e-dd884e61fb1f,1
9932e9f7-f647-4a7c-878e-dd884e61fb1f,8
4a3f8fae-e873-417b-915e-a17688724aa6,1
fb1975ff-acd0-4779-9bab-920a7aef73d9,1
fb1975ff-acd0-4779-9bab-920a7aef73d9,2
beec4b62-238c-4b7f-9aa8-374316712bc3,1
a18bce9d-3d70-499f-8260-7718cbaff1ba,8
353f058b-e8b9-49d1-a3bb-062e94b35da4,8
22258f20-5e6c-4d0b-aa4d-b09829ceea1f,8
c350eb33-08d0-4763-9ef5-536635016184,3
cbc26461-f482-4334-b2a8-ad3fda8753d6,2
ae1afd2f-ed73-4f07-8565-3adf8a816e96,2
d8f0a393-4f16-465f-85ac-b993719d2e2d,2
9633f38a-aac8-4080-a82e-9dc1bc013775,2
c1ad6cfc-2e33-43df-8b7b-e47ac343dd3b,2
f3418e82-6de3-4a32-935d-66dbe36cb82c,2
84b4610c-9a77-4469-b1bf-110fa16fdedc,2
7fd52a2f-bb34-4d9f-8b04-37a95f81bdd9,1
d075b8e1-b9c2-4fad-a5e1-be351ebfdb67,4
98945644-bcb3-4f1e-ad97-64d9ccc43369,4
6043a45c-e374-44d4-a792-3dbccef2ca96,4
6043a45c-e374-44d4-a792-3dbccef2ca96,8
5daedddd-21f0-4266-885a-97d54c09ec1c,4
5daedddd-21f0-4266-885a-97d54c09ec1c,8
15236428-19f6-455e-9a5b-6e999ec2fe6f,1
c660ec81-7003-4d54-bd67-919f8329da34,1
9a7fb9d8-5d7c-41c2-84c8-cdf64c1ec0a8,1
bccc9d2f-dc6b-4bbe-a048-3da44f04a1ba,5
bccc9d2f-dc6b-4bbe-a048-3da44f04a1ba,7
68f1e62b-6262-4736-815f-dd0191351821,5
68f1e62b-6262-4736-815f-dd0191351821,7
cc7c93d3-256f-4481-bd0f-12da33f061e8,1
3b4c2315-8c85-4254-b98b-c3a7418f9b36,1
7447018b-34b0-4bb5-8853-7668ac2fdc36,3
536173de-dd3c-457d-8425-65b74da85dac,2
536173de-dd3c-457d-8425-65b74da85dac,3
3b5ad75a-b4a7-456e-b7f9-e785c3e9a9d0,1
3b5ad75a-b4a7-456e-b7f9-e785c3e9a9d0,8
debe4da1-7052-4886-85bb-0d2f6bb4671d,1
67784081-9aab-4786-bbdd-a7589bca698b,6
cce24cf6-9e49-4456-adc6-e3e3b2dec957,7
cce24cf6-9e49-4456-adc6-e3e3b2dec957,8
8c289f2a-b2aa-4b0d-8c28-eb8908c11072,7
2ab2bdfa-eb32-4665-8358-ca315d53ff74,1
2ab2bdfa-eb32-4665-8358-ca315d53ff74,7
99640ad8-fc51-48af-93ee-dd6d9d5b31ef,2
99640ad8-fc51-48af-93ee-dd6d9d5b31ef,5
e6b09f62-361c-4c3c-af15-dcf191763f8c,7
850c5142-a3d6-4c32-b033-a548405ed1d7,5
317d2a1b-4fa3-49ea-9dbd-6aa64742096c,5
9a8f1ebc-31f0-47e2-a117-3e79dc1b1ffb,5
2e3d61c6-d2e1-4d2f-9a0b-3458705693f4,4
df708875-5689-42e7-8fe1-f25dd65982c3,4
df708875-5689-42e7-8fe1-f25dd65982c3,8
37c16693-c622-4df0-891c-65925d3ee421,4
37c16693-c622-4df0-891c-65925d3ee421,8
0468722f-1bfe-4b3c-a231-7db548edeb6c,2
3461e76f-fbbd-46c3-b0fc-07457d013957,2
6b45218e-f7a2-4a6b-b19a-57c1efaf7bfa,1
6b45218e-f7a2-4a6b-b19a-57c1efaf7bfa,7
845be1bb-66c5-4738-b97b-797e430cf5ef,7
79197a09-0359-4e39-808f-d698a897d0f8,7
79197a09-0359-4e39-808f-d698a897d0f8,8
adff9aff-8090-4936-b08d-cd100f04d362,1
bcf0e878-81bb-41fc-9575-c05bf9b23208,1
d6a963f3-0fb8-4f52-9097-b8dd99524078,6
8fbe0c03-8628-4e4f-b9a0-acbf18e9d023,6
dfbcff83-6776-4312-b6be-63177a5b7cab,2
dfbcff83-6776-4312-b6be-63177a5b7cab,6
f5dd08ea-4008-4623-887d-556753cb5ca7,1
c2c358bb-96d4-4572-9743-6c0d9d75c47e,1
67f1b082-dccf-41eb-87c8-7387d015cf61,1
67f1b082-dccf-41eb-87c8-7387d015cf61,7
43d8b047-9fbc-4945-ab8a-73db15d298ce,4
11420c39-aac6-4c22-893e-3be74956dcd7,4
816f220e-1759-474e-b6c0-93dbe9de25ac,1
816f220e-1759-474e-b6c0-93dbe9de25ac,8
01bd7a4a-9495-43c8-ad0e-fb911ed12908,8
5be2cecc-254c-42ab-b470-815eb608793a,1
5be2cecc-254c-42ab-b470-815eb608793a,8
e9a8b03d-79af-411f-9e9b-f10ee32536ea,1
4364a85c-bb44-4a26-ab4d-494314c117d2,1
4364a85c-bb44-4a26-ab4d-494314c117d2,2
794f4ddc-49f1-47cd-ad2e-ae61526b50e4,1
794f4ddc-49f1-47cd-ad2e-ae61526b50e4,6
986fd872-11c5-46e7-91d0-b9b48c26c9ad,2
986fd872-11c5-46e7-91d0-b9b48c26c9ad,6
94f0b519-d4d6-4b5e-a78f-77a66c5118e6,6
d64c13f0-6add-4813-8adc-a249a535a23f,1
d64c13f0-6add-4813-8adc-a249a535a23f,8
33a1e4f5-1111-4c24-8c16-f13cfe1576b5,1
0aaa0afd-8fbe-4a64-8fcb-816c8a4c580b,1
0aaa0afd-8fbe-4a64-8fcb-816c8a4c580b,7
f21dbd77-0c63-4b33-aa1e-cfffdd4bcb86,2
f21dbd77-0c63-4b33-aa1e-cfffdd4bcb86,4
d19c4036-536e-4cf8-b210-5070ffe9b9a5,4
6ea55fb0-513c-4b50-ab84-d3920a8d8cf3,2
6ea55fb0-513c-4b50-ab84-d3920a8d8cf3,4
fbeded4b-254c-4d3a-898b-abace82f9121,4
5f5fe25d-0faa-41ad-8e2d-0d63e48408f8,4
5f5fe25d-0faa-41ad-8e2d-0d63e48408f8,7
29b7df91-27af-4735-a7a8-306d1ab0f351,4
29b7df91-27af-4735-a7a8-306d1ab0f351,8
760f8734-cf72-4def-9533-a74883e6e8d5,4
760f8734-cf72-4def-9533-a74883e6e8d5,8
9e66131d-1ced-4ba9-9f33-d5a7b3967d09,4
9e66131d-1ced-4ba9-9f33-d5a7b3967d09,8
ece39589-8076-4cbd-a316-4c7e7d3c6267,4
8e195829-8698-4abc-9457-63fd277ebd4f,4
ba107423-268b-4c1f-b7d8-44f292836bb5,1
ba107423-268b-4c1f-b7d8-44f292836bb5,2
5fb842f5-151f-4b33-bfff-2087f3acf25b,1
61e88e69-596b-4ffe-b4ea-20ed6cf850e2,1
7ed0c41c-0f57-4906-a470-3cfcb0c01941,3
3acddb69-253a-42f5-bf60-de045d900369,3
074560ac-d4c5-4364-b041-50bb5a077daf,1
074560ac-d4c5-4364-b041-50bb5a077daf,7
846de79f-4c05-4210-82db-5185b0c20055,7
564f7da3-f3ec-4065-80aa-c00ee3c861e2,1
564f7da3-f3ec-4065-80aa-c00ee3c861e2,4
b872391e-f379-4e79-9c29-a7053f3851a0,2
b872391e-f379-4e79-9c29-a7053f3851a0,6
c603bb93-8212-4bba-b802-6dc3d5b21faa,6
d6391346-0a6f-464c-94db-911b56cbb311,6
e0feee81-f195-44a7-8f8c-9a5ca1f52841,6
e0feee81-f195-44a7-8f8c-9a5ca1f52841,7
053c40e7-a50c-4754-a056-1f681c20828a,6
9efe795e-429e-4417-a3ea-f3cbdd241cb2,1
9efe795e-429e-4417-a3ea-f3cbdd241cb2,6
ea1d1240-5843-4a31-b228-64224feb3ea4,2
ea1d1240-5843-4a31-b228-64224feb3ea4,6
1843f56d-a33b-494b-b954-8e21c9028a68,6
248547b9-1898-4760-ae96-32e688521549,8
b6454f25-b613-4798-ae8c-08534719764c,8
bbb6e773-42d2-48b3-a13e-66a8f4b27cec,1
b7691f16-17d2-47d1-bbfe-04e40bf4d393,1
914bef36-93c4-4f74-8663-518b913262bd,1
4415d34e-125b-4b7d-a0e2-d4a5e451bbed,1
c18b27ab-adaf-48b5-a09f-6d8e7db4772f,1
c18b27ab-adaf-48b5-a09f-6d8e7db4772f,2
394885e6-4593-43ab-9759-5b2de9fb5400,1
394885e6-4593-43ab-9759-5b2de9fb5400,8
8e0d8713-2dca-4838-b644-bc7924539b14,5
ea9222f9-ef8e-4806-b4b5-3dbb4e3621f5,5
3b3fe93f-17c1-42c2-ad71-365e4bce284d,5
c6a5985a-f22f-41e7-a2e6-ac61203cb650,5
bbf938a4-0f8b-490f-83e2-3307a37991d5,1
4ad08161-7b5b-4aeb-b0e6-b5fe8d9e8655,1
4ad08161-7b5b-4aeb-b0e6-b5fe8d9e8655,7
b5662f0d-0173-44a3-b75e-879748b44484,7
75fd14ee-40b7-48d1-9527-7ee3abbcd417,7
feb42ae9-e701-4aea-8cc0-1ccd065fb721,1
feb42ae9-e701-4aea-8cc0-1ccd065fb721,8
8f32f84c-8791-4d20-adbf-ee1701953993,1
8f32f84c-8791-4d20-adbf-ee1701953993,8
cea4e7ac-07ff-4a0b-8cab-54ff3dd7b1b3,7
f951ee10-25a5-4155-b9ba-428de4483c2b,7
867aa5ec-8ab4-4956-a3f2-e9b4b735fa11,1
094427b0-e050-4c57-96e8-cf114dafe359,1
4b04cf6f-7656-4d67-b466-88cc27183172,4
34893029-9b8d-40ec-abbc-5f78d0db04dc,4
3693394c-f0a7-4ac5-9f1d-607c1ac40019,2
a49e6261-a813-4d3e-9e1b-f35b5754f60c,2
4db03670-a5fa-4ea9-95dd-37407947f5b2,2
18319842-8b3f-47e3-8fab-ba05a3b6af38,7
8c01772a-aeee-4387-87f2-f265c483ad06,7
a802872d-fdb9-45fd-b534-7492dba9a9f7,5
a802872d-fdb9-45fd-b534-7492dba9a9f7,7
99a4f8e0-8dd5-4b7c-ad71-acb90a415aa0,5
86295021-6c5a-4c08-a2fb-cfd34f46b3d1,5
d485730f-9d59-4c0d-8687-4c9978d8bcd1,5
5e876b7e-ebe2-46fa-b8a4-79391b32bf7c,5
993ced0b-5ce6-42f5-b75a-382374168c7f,2
e40cb7ab-38f1-4bfe-941c-05581f3b312b,2
757cb09b-5cd4-4859-9c54-74791c02612d,2
b92d122e-fc27-4a3e-8749-4d0034fca5e2,2
d023eb8e-9f25-4931-8712-5bb3fd0455f6,4
eff8f5d9-ecbd-4b72-9cea-386c6eeca3ad,1
eff8f5d9-ecbd-4b72-9cea-386c6eeca3ad,7
2d34a970-12d6-4bec-b51f-2d5bec6a9143,1
5610e2d9-1617-4ef5-88ce-53a4c0369b71,1
3d21178a-f732-4bc9-a05f-1c9b09e2dec3,2
d894ae41-43b2-440c-b492-627f71b17f27,1
d894ae41-43b2-440c-b492-627f71b17f27,2
95e3a495-f18d-4b57-a3a4-e5446dcdcdcf,3
1eaa46d5-17ba-422f-a07f-4935414f86ea,3
6b01818f-7955-4354-96a5-04c9ddcba63c,1
6b01818f-7955-4354-96a5-04c9ddcba63c,3
995e32aa-811e-4bd4-b01a-1c2c8e89afda,1
4a8d6480-d9b0-4799-93d5-3369b8a8ddde,1
26f51355-543a-4c84-858b-b8d9eab14267,1
24f3a4a8-8318-4f94-bfe4-d32dc79d057b,1
90c93065-7d04-4565-acf1-6e6ff40cb509,6
01e565c5-7cc1-4c92-84e5-c7d168045ef7,6
4f2785e9-88d5-44e7-9ff9-8948f72f8cf6,6
5db65b57-7209-466e-81b8-d9887233fff6,1
5db65b57-7209-466e-81b8-d9887233fff6,2
5c243e8b-87d6-47a6-af71-a6db66ef4837,2
5c243e8b-87d6-47a6-af71-a6db66ef4837,7
52c7b053-4de8-4655-b74d-188da5624949,2
52c7b053-4de8-4655-b74d-188da5624949,4
7974da16-1444-4e17-ab98-d8fa4ace0fa8,4
b29aaf02-f083-4339-972b-417b25cf4968,5
eec91738-50b3-41c9-8cdb-156172c473c3,5
907bc5bf-e38c-4c09-ac91-887ccd040a62,5
260308d4-ef50-409a-920a-91b365c6ed1a,3
9f29e8b8-aff6-421d-92f6-778d372173ab,3
08efa62d-1ad5-4ad0-a55e-e255cc589634,3
08efa62d-1ad5-4ad0-a55e-e255cc589634,7
529d8bce-5d46-40ac-b5ff-7bf7ce34511b,3
59bda073-629f-4311-80eb-a5c34d873acc,3
59bda073-629f-4311-80eb-a5c34d873acc,7
6132d86f-c050-413f-8c6d-47e7b8cc3758,3
6132d86f-c050-413f-8c6d-47e7b8cc3758,7
42faa3e3-c2e0-45d3-bdc0-9eba2bc2cb78,3
fa017afa-1954-401c-8d3a-bed7b8019b77,2
fa017afa-1954-401c-8d3a-bed7b8019b77,3
6778b014-a968-449f-b316-01a9e2455c36,2
cf5d9caf-9a1a-4f1c-9133-5c59232a639e,2
2deb567a-190c-4a8f-b8c2-b58f8716124c,2
aa6a83e1-e3d6-4116-ac38-74b5fbfc13bf,2
f1c84c8a-22e0-4163-8609-4bf9d3a6b7d2,3
f1c84c8a-22e0-4163-8609-4bf9d3a6b7d2,8
ace269ef-fcc5-4100-af96-30bcf59c25e2,1
ace269ef-fcc5-4100-af96-30bcf59c25e2,3
060839fd-82bd-49b3-a4d3-b4bec3154167,4
0cfb323d-3b4b-4cc6-9377-4a0df67af8d8,4
5acc0314-19e6-4542-8226-6faaf7c1d1b5,4
39f388d7-9f62-4c02-801b-6cf103822b81,1
2b0b70e1-a6b8-4eb7-8949-6d1e20e4532b,1
c196fd2b-aef4-4bf3-b2f7-e044fafa6544,3
c196fd2b-aef4-4bf3-b2f7-e044fafa6544,7
9dc23e81-9249-4f7d-b7a7-ef4f4f9a6cc5,3
db290ea1-1012-4c39-994b-b5c41f4507ad,4
ad1aa587-8213-4aa7-a4a3-ecfc61bc8162,4
3975a16d-392d-4f51-b0e8-641f8e89e396,6
ee9c05e0-fe62-4257-8d72-4aeddafe28b1,2
ee9c05e0-fe62-4257-8d72-4aeddafe28b1,6
e56c4182-3f86-4b5c-9482-9c412662315a,7
58338810-d5ad-46ae-a64d-90747b559a7c,7
8fd25ea6-45d5-4f9a-a5c6-1772a5c7300c,3
6db3e0b6-52e2-4ec0-8315-43f3a975251e,3
f2bb6b49-74fa-4fa0-80bb-e11d634f7700,3
81697bb8-667c-4760-af0e-2021ca80264e,3
6d6c9384-95ba-4e4e-a2bc-ff8a0c97af5e,3
05852557-f0ee-4e1e-b841-112ac9e13b71,1
05852557-f0ee-4e1e-b841-112ac9e13b71,8
ecb630ba-4a74-4d3a-9066-6d5c8ee67523,8
6162b756-9a41-47ed-a51e-b3e9b7d35be3,8
5acfac38-4b42-4272-af01-63bb6c1bbf32,2
5acfac38-4b42-4272-af01-63bb6c1bbf32,8
c34316df-b8aa-4e57-9ea7-aa6560e20407,3
4841a6a6-7e38-43fa-bd50-c55e4e24173c,3
4dcf0bfd-b83f-4112-b623-f97e4e1e18e6,3
2e7b14cd-49be-48f8-82f5-cee8a96b0264,1
f076cac4-13f8-4c42-9841-3bae0001a383,1
9d418624-ab6a-4bb1-b689-2b16922f73ab,1
ac8f220b-14cc-45cd-aeeb-54b4445d7f51,2
4d8ae304-9ceb-4b4f-b97b-3bb49af0b78d,2
b1bdce04-ca12-45ea-b923-c9a9aa8290e9,1
b1bdce04-ca12-45ea-b923-c9a9aa8290e9,7
829256e9-477c-4556-adaf-98c594e9ce19,1
d00b272a-fc01-4631-bae2-a39e6d222a6c,3
d00b272a-fc01-4631-bae2-a39e6d222a6c,8
56ef7236-6cd6-467b-bbb4-2317ce3394d8,7
5d620a1e-147c-431c-95c9-3c44f5e65c1e,7
5d620a1e-147c-431c-95c9-3c44f5e65c1e,8
9ee25d72-502f-4c67-9a69-5267eba91127,2
cb888cbc-71a1-46bf-a54d-c458a911608f,1
cb888cbc-71a1-46bf-a54d-c458a911608f,2
4ad5bc4d-72b4-4b86-bd1d-4c88e81676e6,1
bba0c27d-f9a7-49fd-bf89-77977f91b543,1
a90c6632-90eb-41d4-844f-2efd47733a64,1
64292a85-8f85-4c1e-905b-aaf51a6b8402,1
4e362370-12ad-43e3-9480-0d1db05dd7bd,1
21a8615b-b66a-4b2b-a6a2-0a2a6b37978e,3
4d26b3a9-c3a9-4a06-bcef-cae0e17eab6b,3
cbd72d10-3dd1-4c20-8cc1-03a7c8dad35e,3
ce955d72-feb0-4825-9be7-c7b4ccb6ea09,1
c0f4c2b7-82ca-49e4-abdb-59cf7f3ceb49,1
c7f547b5-cd52-41c8-ae6e-997f4e69531e,2
f3141e9a-ea06-42c6-842b-5b8b50895c00,1
f3141e9a-ea06-42c6-842b-5b8b50895c00,2
74496d6d-e13a-4a80-82b8-0ec9821e64aa,2
74496d6d-e13a-4a80-82b8-0ec9821e64aa,7
1b9e592a-61c2-4e59-b6cb-41b7f0bf5041,7
0b32674b-e889-47e8-965f-d20cddde97d4,5
b63b3ddd-f035-455f-ab03-35eea64b184e,5
bc72435c-7051-4120-9d4a-39584165c893,1
bc72435c-7051-4120-9d4a-39584165c893,5
be8af2d0-d7e9-4327-9f7f-dee409fbd70d,1
be8af2d0-d7e9-4327-9f7f-dee409fbd70d,5
1e1a8e8e-5c72-4dd5-b47d-62d6239f40c8,1
6c302923-3793-4a97-a8fb-901454ede87e,1
ff1b966a-d7eb-4582-bf04-8bc1a621bd5a,1
be87b16a-9630-4803-9327-e6c05e51f2cd,5
a9be56ff-d038-468c-bdad-717bd81cfd04,5
f5b92209-434c-4692-add4-0889fb6236d7,5
f5b92209-434c-4692-add4-0889fb6236d7,8
a8a9b73e-fb27-4621-a9cb-c0bd1d16890f,1
a8a9b73e-fb27-4621-a9cb-c0bd1d16890f,6
c71746ac-1e34-4485-8a19-141b41a8cd7a,6
363196e5-8402-4a18-8cd5-37cc8d7c9060,6
363196e5-8402-4a18-8cd5-37cc8d7c9060,8
d6fa79a5-7b69-46ec-86a8-34ac5af063a6,1
22db3ee0-7895-49cf-8520-1f3225c09d63,1
05e78760-3077-4bef-93c5-ede365d1082c,3
21d04a7b-71bd-4e0d-b79d-493f41a54d9e,3
9a8a498d-773d-49c9-98d1-3a24bbdae739,5
9a8a498d-773d-49c9-98d1-3a24bbdae739,8
c632372c-ba2c-4da1-980f-968501bf8871,2
c632372c-ba2c-4da1-980f-968501bf8871,5
c431c406-c6f3-476c-8ac2-79644d3aaea4,4
b6ed5e6e-a85d-43d2-b631-d2d08ffe2396,4
28cb651f-a83e-42cf-8f70-97a0eab82b70,5
6b7a420e-10d3-4271-83d9-ee53e12701b1,1
6b7a420e-10d3-4271-83d9-ee53e12701b1,5
d061bdf0-d6b1-447e-a505-a5fdb2e35201,2
14f98c34-097b-4a02-8772-016930b654df,2
0633418b-b665-44e6-8ca9-9bfc73514866,1
0633418b-b665-44e6-8ca9-9bfc73514866,8
6bf0cc95-6bf1-4af1-8545-bd2feec06f44,1
10110de8-7f77-41ae-a862-e49e7256a7ab,1
10110de8-7f77-41ae-a862-e49e7256a7ab,4
7608a6a3-2ebb-485f-afed-1115ca3b9436,4
492e72b1-a4a5-4c58-906f-b0d7bddd71fb,1
9af7b8bb-c844-4279-bf3b-2d00f3724182,1
6519d404-0c93-4b91-8363-4290d1f7ebe1,1
6519d404-0c93-4b91-8363-4290d1f7ebe1,2
887659e7-1fb9-4ba7-be4d-332200e53bd2,1
887659e7-1fb9-4ba7-be4d-332200e53bd2,2
842c6ad8-5e5d-45bb-b974-0efc7bb2c6d0,1
015df51b-743c-4896-82fb-6908475fa5de,2
de5f0b8c-8dd2-477a-84e0-e3f93eba45dc,2
e29e1205-79cc-4f6e-85d2-0696eca03009,1
e29e1205-79cc-4f6e-85d2-0696eca03009,4
a7b5878f-bc67-4a26-8a6a-6533b8fc1d5b,4
28ff737a-a1ed-4025-9752-7a2c83486178,4
e67ed0da-cf50-40a8-b72a-6baa91465270,3
e67ed0da-cf50-40a8-b72a-6baa91465270,8
7da265d5-acf4-4ef8-be88-52f46e13fe5a,1
7da265d5-acf4-4ef8-be88-52f46e13fe5a,3
a59223f2-cce2-4b41-8892-be4d1bd1555e,3
80cf342d-3193-4dad-99a7-73be4360d4ca,3
8e7c9ee2-2513-4bf6-84cd-c043dcb2d571,5
e1fc69e7-4c65-4acc-90b0-a46718515590,5
4aa44df7-8570-4589-a200-dbc5a7d0f7cf,2
4aa44df7-8570-4589-a200-dbc5a7d0f7cf,5
a7821eb7-cbbe-4245-a202-a569db7e7444,5
5efda7eb-aa6a-4a0e-b08f-18e45018821b,5
e0549764-8e0d-4d2d-b3e5-85052b5530d0,5
1438fb23-afb9-4fcc-b0e9-de1b4fefedad,5
0c9e77c1-dd0d-4120-ad57-c76ace9722da,2
c596e097-bdc7-468b-9e85-555983fd4086,2
8d6ea735-6c1d-4fce-8888-73fd879fca0e,2
d7a4026d-2398-40bb-b60e-beb4e783a2a9,3
e52b219c-a8bb-42fe-b721-31419e980270,3
49c1fb24-a8f9-47ac-a443-185c003f28a4,1
49c1fb24-a8f9-47ac-a443-185c003f28a4,8
1170dac0-f07f-4ca7-92ea-7725aeae35b0,1
ec91148e-9d36-4c7b-83fc-c474e35fb40b,2
4fcbc2fd-e2b5-4701-8af0-05c1c56bf0bd,2
4fcbc2fd-e2b5-4701-8af0-05c1c56bf0bd,7
6de927fe-3f73-437a-971c-12bfdeeeba61,2
6de927fe-3f73-437a-971c-12bfdeeeba61,5
99d78eef-7161-49f8-8870-e058af44731f,5
297ef5af-201b-4582-b426-a008e34d16ff,5
fc3a61ae-3299-4479-896e-5885f52cec29,1
fc3a61ae-3299-4479-896e-5885f52cec29,4
5c149ff3-a6f0-4b45-a6d0-5b922c01d8f8,4
25378af1-3d50-4702-abff-1fae551cee2d,4
d06d11f7-eacc-48a1-a033-414a234a7fba,2
cb4a908e-7f24-4305-84ce-4870e5c73c24,2
f2e02d81-d0cd-434b-9816-d4a72a6c64ac,2
f2e02d81-d0cd-434b-9816-d4a72a6c64ac,8
01018ae3-dbda-447d-bf25-6b89a192390b,1
01018ae3-dbda-447d-bf25-6b89a192390b,2
e2dfde23-5bde-40fe-8815-5d15f38c8abb,2
17c92ac5-59ff-4b14-bd3f-84ec3f2cd965,1
dd5a5acc-e725-4737-af87-f70b0295e359,1
6fa6c02d-7452-44d3-92f5-f9e23d33c5dd,4
6fa6c02d-7452-44d3-92f5-f9e23d33c5dd,8
4a2cad1e-806a-4334-89ae-94e2535e2092,4
df3a5c3b-39a4-4649-85db-b24e0a5574b6,5
48629534-b3e0-4f3c-a914-f01ba5bf6fce,5
eb80c9ed-76bc-43b0-82c4-c0e3a285227e,6
eb80c9ed-76bc-43b0-82c4-c0e3a285227e,7
b33b2c33-aa46-4e6f-9e84-7a7e36506c0f,6
ef7acbcb-7fc5-4dcc-a2cf-23bc351413fe,1
ef7acbcb-7fc5-4dcc-a2cf-23bc351413fe,7
b9772875-d9d5-4e09-8383-bc9a8dac255b,2
b9772875-d9d5-4e09-8383-bc9a8dac255b,7
3fd61dc1-5d12-477e-8895-1b21ed74e04e,4
8e5c300e-e20c-4d9e-b6bd-224f4b92e079,4
57363e0e-e395-466e-8982-c10df47207da,4
080cd925-8b86-40d8-91c9-2448041f9268,3
83d164eb-79b6-433e-aad0-accb38d422ed,3
df71aa67-ba81-4874-9af4-2d878a2597ef,1
df71aa67-ba81-4874-9af4-2d878a2597ef,7
a67074d2-9781-4e1c-8ba6-49944eabc31c,1
a67074d2-9781-4e1c-8ba6-49944eabc31c,7
7317d59a-3574-48b6-b6fd-5f5c87568747,1
7317d59a-3574-48b6-b6fd-5f5c87568747,8
5625396d-b8de-462e-9e77-e64e197c0469,5
b707def2-4a52-4645-ade9-46150d42590b,5
96a5d840-e91a-456c-a6ac-4b946ff7d113,5
6616bbc0-bcbc-45b5-be74-121c1415755a,1
6616bbc0-bcbc-45b5-be74-121c1415755a,7
66ee4ffc-2da8-4a2f-9681-de27dde80a79,1
a149252a-8cd6-48c2-b8ad-b9a2bc569397,1
ab40d6d1-393f-4337-a83f-729631b31cc3,4
a4e3fce9-b133-4dc8-a099-af62db2c75a6,1
a4e3fce9-b133-4dc8-a099-af62db2c75a6,4
2ac1f60c-ed84-48d7-882a-0e1bdafda41a,1
1c185757-2da1-4732-8f9d-057f4da9eee9,1
eb36ed4e-984e-4507-8a82-c6d6dd708569,4
993fbfd7-e393-4f51-b736-07d2799a9158,4
2002179b-a36c-45cb-8df6-957f384ae3e9,4
2002179b-a36c-45cb-8df6-957f384ae3e9,8
8321ecd8-0626-4b1f-aef8-48f6a254bd4c,1
8321ecd8-0626-4b1f-aef8-48f6a254bd4c,4
ea40833e-ae94-4ebe-9805-b85d25d75929,2
ea40833e-ae94-4ebe-9805-b85d25d75929,4
da425ebc-6b98-4c0a-8ed8-b73929f18d3e,1
56838c28-cd11-48e7-a57d-a1d829309793,1
67c4c17f-a3bf-4693-b948-46d597ae4b23,6
2d6b8ff1-7928-4275-95b3-8dbaac07c0ee,6
342a62da-0d64-4996-9c26-0c0c10ffe41e,7
b67b2e2b-cc58-429b-b8b5-ef2beb135836,7
e6e29b9d-5891-471e-ae63-14fca16162e5,7
a68a3532-557a-45ad-9707-9a4719ab1272,7
79f63923-77ab-4010-a71e-b7038cd7b229,7
a70598d3-5dbb-4217-92f9-d828dc06bee9,7
0856dcb8-5862-4621-8e9a-b9f7230d8b60,7
019b8a57-6f5e-40ec-9477-bd6d7af7fb1f,7
ad044ad4-9b8d-45f5-a4e2-08dcc3b1a909,7
616d17e9-fd0f-451e-9565-f5fbe9e9895d,7
0553ee53-9426-45e5-8e78-e23e1e3d04ed,4
ad4900e8-8ddc-4ff9-bb22-55872fa5c5fb,4
bf7fa628-984b-4bd9-8ac6-059a0bdcf187,4
74388352-5b32-4ed4-acfd-3370d81ba4e5,1
7288c693-9ce6-4571-b67d-e1a6d348717c,1
a6c208ee-4b7c-4925-b356-5bbc2ef7e28d,6
a6c208ee-4b7c-4925-b356-5bbc2ef7e28d,7
14f569fd-a3ab-44e8-9d19-bdcc1331be5d,6
e621768d-1328-4fd5-a627-03fcbcff5bcf,6
6221eabb-4942-4408-ba33-dd315a2facad,4
8ef26588-39bf-4b91-ae4a-613f33c48975,4
92b6f8e5-8f61-4071-a79f-fcda9f6a26fe,7
5ca52f2b-af5a-44a3-a481-5bb906834089,7
ed11a747-b30d-4c42-8180-cd4189aa54da,7
5c6704da-0fc9-42eb-aa3f-c90c242fd698,3
b593b3b5-d71b-49f1-8e4f-3dbf0e9a20bc,3
8a77a92a-80fe-46ed-8ea9-2dde9b80e657,4
64e5391c-9751-4e13-b509-c227ed578934,4
64e5391c-9751-4e13-b509-c227ed578934,8
2a4ea884-c870-4884-b4a0-754c285fa043,2
2a4ea884-c870-4884-b4a0-754c285fa043,4
55ca6a4d-6779-416a-8545-af9320474b91,2
55ca6a4d-6779-416a-8545-af9320474b91,5
fe74056c-61e4-4ff1-a405-1c383b0fb391,4
6afb902f-b20b-4dd5-82c8-619b6e1ef246,4
6afb902f-b20b-4dd5-82c8-619b6e1ef246,7
1e3f3e0f-f91f-4a36-af3b-9bab2aec134b,4
1e3f3e0f-f91f-4a36-af3b-9bab2aec134b,8
3afb5d62-1de0-4119-a3a2-5766611cc2f1,4
adb5f6e1-6d94-4b3d-8ae7-fa1f7edfa6c8,4
16496cfe-80fb-4f98-a5f4-08ff193fa762,4
001c9a19-4c7b-468b-940d-26584fb564ee,4
3ec558d2-e57e-452d-a059-9db4c043c4ef,6
ee6f1883-9148-4371-98fe-ffe2d82d4836,6
507c8014-f835-497e-8579-242f6f575d6a,5
b656b27c-0ba5-4617-988c-83a1ba52cfc7,5
b656b27c-0ba5-4617-988c-83a1ba52cfc7,8
46c822d4-d462-4fc3-867f-338c077bb367,7
24cf3671-6fd0-4a38-8aea-c4c8ff16cf10,6
7cd47523-6daa-477d-bda5-5c5cffb272c7,6
7cd47523-6daa-477d-bda5-5c5cffb272c7,7
b5643e4d-442e-49b8-8f2d-56cef50b337b,6
0b44d542-4a8f-442d-94a5-f70e6b510e2d,6
51daa3c9-be7b-4ae7-900a-f446c9ada528,7
8360ec2d-331b-42ab-8f7a-b290ab3d039d,7
43713bd2-f67f-4bff-a738-c0a36575c262,7
de9179f7-7f3f-4069-bd2b-7e44b3b1afa6,1
d85a3b1a-3ca0-46a1-8756-9030c3ec98f3,4
ee460bfa-cacf-44cf-ba07-70f3c8dfbf4f,4
143af4ef-81c0-42f8-a7c7-3c57fae05757,2
003f1cef-e340-4ca4-accf-a2f9232f593c,2
662545f3-c928-4137-bc61-ab7de95d949b,2
4b276501-6636-4563-bc34-423389e8fdd4,6
50f4239f-8d8a-4e8f-ba0b-4984968e0bc0,6
50f4239f-8d8a-4e8f-ba0b-4984968e0bc0,8
b99c8a67-7163-4bec-af2c-fc55fd616ff5,6
b99c8a67-7163-4bec-af2c-fc55fd616ff5,7
9aeaab9f-6557-487e-aae4-b56dc06cdaa4,6
bee3cdb9-a0e8-4a78-985c-37b79a6fcffd,5
391b4a7d-8d54-4fc7-ac13-23f317804b70,5
dda5509a-ad54-4390-93b8-0694f2c92580,4
b2e0dd38-e193-4016-9df0-923c065bf997,4
93143a10-367d-455d-8edf-76094181e017,3
487c30e5-8923-44dd-bee0-2816bc020f47,3
aaec8383-ddce-41d1-97a2-86396bee2865,3
aaec8383-ddce-41d1-97a2-86396bee2865,8
6e218f3a-53d7-4a3f-8343-c32826bc6b1d,3
aa199e89-125f-4c75-8036-b952c284c692,3
8ff2f881-0ebf-4dda-b991-2dbf9a8263af,3
dcb14cbf-8332-4ca5-aecf-d8097aa1ab7d,3
8cab3932-9eb7-4e5c-b025-f01501766137,7
8cab3932-9eb7-4e5c-b025-f01501766137,8
bcdd2d05-39bc-4c58-b89e-a79d06177c60,2
bcdd2d05-39bc-4c58-b89e-a79d06177c60,7
d84705cd-416d-44c8-bdb8-431e155360f0,1
d84705cd-416d-44c8-bdb8-431e155360f0,8
7aaed4f9-ca68-48fe-b797-2f9160a4041a,1
027afc8e-6ba8-4b66-87b2-ce053a804eed,1
1fc290bb-dda8-4000-a85d-ec6e18d7b0d3,7
f2022424-f0a5-419a-9d90-be3fc46bc5a6,7
ea06172e-e692-4056-bfcd-3c3950a29981,2
ec348ebd-793b-47b3-b3ec-323cc87a67f2,2
ec348ebd-793b-47b3-b3ec-323cc87a67f2,8
f25e8b98-6ea6-4e82-a5aa-ff581c7c8bb6,2
ed0ccf35-0a18-4c48-968a-8e1feaa564d2,4
527d9f20-ab36-44c6-a052-5f9cba497941,4
1f7009fd-ed60-4e42-b56d-b6090474857e,4
d641b67b-0470-4286-9890-427a0d6d1acf,2
d641b67b-0470-4286-9890-427a0d6d1acf,4
ff8984b9-b07f-4ac7-9146-350afbc74440,1
ff8984b9-b07f-4ac7-9146-350afbc74440,4
7b672611-0d74-4da1-b0a1-a7635db18b26,1
7b672611-0d74-4da1-b0a1-a7635db18b26,4
0db453db-56ff-4c66-801a-0078d76cfdee,2
0db453db-56ff-4c66-801a-0078d76cfdee,7
e499c86f-5de7-44df-abc3-39bfd5452892,7
e499c86f-5de7-44df-abc3-39bfd5452892,8
02c5c0a6-c8a3-4e0d-99be-e6547979f680,7
68b00eb2-95b7-41c3-bd26-54109db1c6a0,7
555f1c45-6a88-4b19-8661-3c4e80c45efd,7
010f6521-2275-478b-99aa-9e6f7ce29a5a,2
06438d63-d428-4111-bd15-3e9c4a5aa896,2
e8ea0021-0efd-4049-98f8-6e80da7945e1,2
295f786c-6e22-4628-ad7f-cc54f103ae68,1
295f786c-6e22-4628-ad7f-cc54f103ae68,3
d9e72681-bd76-42cf-b98f-edc759224611,3
a1825fcd-8e78-4ca5-bdc2-fd74581b4072,3
b0cffb69-8392-4993-82ec-b4a514a4697a,3
973d0114-6c5c-43ff-a9c0-627102dcf5e1,3
039e88bb-3efc-48f3-82bf-e4e5d439235a,7
bf6b1803-7a19-460c-90af-39f6d151493d,7
390c8496-d7c4-42d8-8e5d-793ad1622df4,7
f8820f09-b116-40f8-955a-cf54a98aa5b4,7
03f9b417-9fd5-4e2e-a9f7-0509eb78e753,1
f19f8923-e35b-41f3-bd44-625b4263f569,1
ab1f8a8f-1d13-4157-8e3f-5028c30c083c,4
559b935d-dc94-4dfa-8ba9-4f2be49b0e90,4
cfc92fe6-89b8-44a6-936f-1c8721bacdcd,8
c3d8abb5-b2b7-4f39-bbb0-725bdc734c2a,8
071b90ea-98f6-4bad-a916-7d12ab818d70,8
ae3bea5c-8706-424c-8b3d-31aae9249940,1
ae3bea5c-8706-424c-8b3d-31aae9249940,2
51bbdde5-50e3-40c6-bef3-7daeadfcbd78,1
b74ba1be-803c-4267-bbaf-86a0611e6c11,3
e3e0d102-d88e-408b-bfb2-2faec09eb759,3
9caea649-c687-4c5c-a99b-b8b51b11145a,5
b71e6347-32b7-497e-9dc4-4c7a7a357d68,2
c11f45f4-f16d-41d3-b2fa-5b0957b10a0f,1
c11f45f4-f16d-41d3-b2fa-5b0957b10a0f,2
6448a66a-f26b-4018-aacf-07ae85fb6518,2
2e87bbfb-7b1b-4955-befb-a8a77f98b15a,2
8c15d82c-0279-42d9-9668-0523f515421d,2
f61725a1-d8e5-4993-9fe4-9f6c0c451bc2,2
d3c123f8-21bd-4653-8ebb-340be1cc0af8,2
d3c123f8-21bd-4653-8ebb-340be1cc0af8,8
79bde313-fdcb-40f8-8488-a1a11d204bc4,7
79bde313-fdcb-40f8-8488-a1a11d204bc4,8
d6c376b2-690a-45bd-9ef9-2d4d57050845,1
d6c376b2-690a-45bd-9ef9-2d4d57050845,7
37ce4d44-4833-45c5-b4f9-aceb19b8b3aa,5
ebedc35c-cf5a-48d0-b893-03d4e05bf101,5
5df74485-9ba2-4928-a342-16f2d00c88b6,5
5df74485-9ba2-4928-a342-16f2d00c88b6,8
2a763413-e493-4261-998a-21495c4c254c,1
6dbfcfd1-2660-4bea-9630-7ee9aa047201,1
1ff086b9-5b7a-4a6d-b26f-b42360570214,1
8e42739c-8db7-44ba-a160-8999dbc13bbe,1
6c946587-db84-4b8f-84b1-d09bd6dd04b3,1
6c946587-db84-4b8f-84b1-d09bd6dd04b3,8
61b6c247-fb8d-4d3a-bd3b-80e765687873,1
159246f3-4a09-4f5a-88f7-1cc5d491090b,1
a6481375-571a-4f38-81f0-5b99d10999e3,1
2dfe02ff-322b-4239-9d9d-7a7a16b8cb6b,6
2dfe02ff-322b-4239-9d9d-7a7a16b8cb6b,8
3acbd335-5c35-4bc2-b44e-49968e7e970a,6
3acbd335-5c35-4bc2-b44e-49968e7e970a,8
3468762e-2ded-41a7-84f4-f3fb27a848f3,1
3468762e-2ded-41a7-84f4-f3fb27a848f3,6
f4d73ab4-bf27-43c2-b211-4816768b8f4b,3
b338582e-228e-467a-b55e-a897b9f4eadb,3
6cd9907b-6507-421a-bc43-4b2ded55bcdd,3
98fb647a-ccb3-457e-8e38-4ad2d1c4b684,3
3f3dcb9e-084c-497f-a297-c91fa790bba7,1
43fb361b-2726-4cca-8958-17440f1c9b6a,1
3410f5a4-55a9-44e2-852a-5952fc387148,1
3410f5a4-55a9-44e2-852a-5952fc387148,8
f9b88825-3eb7-4601-ba14-35feba704bff,4
9cfdf35f-033b-4202-9e4d-0ce678c753ac,4
c87e375b-0526-42ee-b8f0-cc8be3a6f215,7
5d9b67ea-97ac-4f31-ac8c-df94b322f444,7
5d9b67ea-97ac-4f31-ac8c-df94b322f444,8
7316428a-5193-4578-856a-abc0e46f8771,7
bcd9375c-61a2-4345-b87c-a4b677d3f3e7,7
8fe57486-e747-43c8-a207-851f2c3a3bd5,7
d0351c47-61d5-4216-b163-fe45be53ed15,7
28c3d9a4-af14-4dde-be6a-f53e708d5bfe,7
f642d850-43ee-425d-ba11-898ab9bbbcd3,7
e5c84d05-aa61-4e86-b4d1-30d6c7b317ae,7
e1c5b26f-e00d-41db-852a-c323feb527a0,7
b9468193-aec6-43b5-9fa2-03e5910176da,7
bdb3559d-753e-45e8-9782-a2d4dc5b3884,7
1aa09d7f-1725-4aff-8d50-b3a4d3397e22,7
71e4b7b3-d8d1-4ec8-ad3f-b108f7367728,7
71e4b7b3-d8d1-4ec8-ad3f-b108f7367728,8
f5e2be65-8150-40e3-9248-e08e7862d8e5,2
065e3371-3dd0-42b2-a0bd-4c77198a56ed,2
cdabb24c-04a6-428c-a1d1-cd89d0c39a4d,7
e276590d-d32f-4f41-a67a-252420c7ef85,2
e276590d-d32f-4f41-a67a-252420c7ef85,7
e5956653-786f-4bdf-ab2e-8717510dce64,7
5a8a3714-4427-407d-8f7e-2329954e3279,1
5a8a3714-4427-407d-8f7e-2329954e3279,7
817347e5-2308-4526-85be-27ebeda233e5,5
ca97ebc6-dd76-430c-b246-1b60e13c1fae,1
ca97ebc6-dd76-430c-b246-1b60e13c1fae,5
7a5900a4-8bb6-4b85-bb99-b4cb551447ee,5
3f319957-6d9d-4f2a-a543-5f92ae1e7c4b,4
35ed86b4-0f6f-41b8-9f4f-5b1890a19a00,4
3da4df1b-0136-40cb-bf4b-5d52ee3dac10,4
fc46ff65-01c1-4324-befa-0b53c0e8f789,4
24b7f2b0-29a2-4878-b8d8-db1d00e1f22f,3
568d582d-fb67-4987-9a3c-18ae4c6951c1,5
f7668972-461e-487f-8de5-76cd97f46e9f,5
ab00e535-e526-4b65-b7b3-d4bbc363301d,2
ab00e535-e526-4b65-b7b3-d4bbc363301d,5
fbaa6e06-2e88-4a53-8d3e-e75c18ffbfb4,5
500cf972-3a56-4807-9151-78745589b7f1,5
60e29878-037f-4b50-9930-f6384cea16a6,2
37fe9569-1fc9-42e8-8abf-0a46e24eaf4c,2
9e0bc948-69af-4506-8bb2-8a29aea19757,6
9e01209f-202e-40ba-b9c2-47da68aaabbd,6
9e01209f-202e-40ba-b9c2-47da68aaabbd,7
141fea1a-4fe4-4b59-929c-1107c13d1124,2
a0ea3c31-4d26-4153-b49b-c3b924f9452b,2
0a9d4125-cefd-420b-934f-a92567f57ed3,2
ad82bbc4-8c76-48ac-aca9-5f446f7ceb10,2
20557ab3-7119-4930-9f2b-70a76984282d,2
01a2e009-5d37-413c-b450-854a18eb872c,2
bbfd6bf1-9e65-48a2-b4d5-2e722a7eb2f7,2
bbfd6bf1-9e65-48a2-b4d5-2e722a7eb2f7,7
233f87dc-b0bf-4188-8746-db61e55f03d7,2
e0357d2b-b75d-49be-b36c-57c1f384e2bb,2
f936cabd-a435-416c-a901-3d8891b60dc9,6
c823d8d6-a9fc-41ff-b23d-43a5abbb9c8a,4
6a931b0b-4b67-483c-9883-24670e2f5c1a,4
55b8904a-b1d8-48e2-98e0-4fe31ae40072,3
2304dda8-a79e-4e8e-a805-1f816b48d7af,2
2304dda8-a79e-4e8e-a805-1f816b48d7af,3
65e4fba7-1e6d-4096-8c78-3608c7c9ef31,3
657aef41-3e45-43bc-8534-5778d539ff03,3
fe4e11bf-1aa9-4c79-aee6-7275ab01daa0,3
fe4e11bf-1aa9-4c79-aee6-7275ab01daa0,7
288fd1e1-43d9-47ba-ae9f-0ac14fc10441,3
e8216d76-ce7a-4575-84c7-cff75748ac9d,3
f4ed6f23-b385-41c1-adee-92554e205096,3
f4ed6f23-b385-41c1-adee-92554e205096,8
ce11868b-a5b6-4a4c-8093-973d0a3d2ddc,6
66cdcac9-d4f3-4fdf-b6e6-c8a8417d4596,6
4fef3eb5-7604-4a9d-89f1-048252a73006,6
565dda4e-ce33-429d-a130-dad024726e3f,6
1fc4147e-efc8-4796-8fb8-22ee3fe870e4,3
3a18ec32-13af-45d3-baae-961d976ba329,2
0381d784-3d8a-4ed5-88dc-615929d5ee62,2
08132aad-d3b6-4657-aeb2-446f68b2f122,3
eaa64278-211d-4d56-9bac-72bf5677343d,3
a1d967c7-2c1c-4a22-8692-b2a0b694dd4c,3
f55f1962-9ebc-421b-85b2-44e693beee95,3
85fa19c1-f607-435c-9d42-47bbae1d6f87,3
4c385711-0586-4c79-ba55-6c0f9725448b,3
436aed58-43c8-46f6-b762-1d9212b50b31,3
02444d71-4090-4bf5-a912-5d05095285c9,3
03c8404c-86f2-4f20-a026-55357e30f203,3
83445721-5825-4ecf-83ec-88b7e52f27b3,3
c1a1a187-6111-44f1-9263-70ffd64a08b4,8
9cf5b21e-a4dd-4c77-a96d-6f29345465a7,8
921ed26c-7226-4350-8ed8-b35ba183ca68,4
b00ebdc3-0ce6-4d44-b56b-ab74328d62f1,4
137286cb-53d8-4a8e-8bb2-161cea6f1576,7
e22d074a-a545-47f6-a6c6-31ef9199a6ab,7
4fc9f964-1f4b-47ce-bd89-6cd7c4b282b4,7
838243a3-8a27-4ac2-9826-6744168924c8,4
838243a3-8a27-4ac2-9826-6744168924c8,7
50400398-6d17-4382-847f-c70f87e69223,4
4b68ac37-ce47-4bbd-933d-a8626c927c87,2
4b68ac37-ce47-4bbd-933d-a8626c927c87,4
f229ebd3-5a05-4f46-80cb-a33fd544bbd3,3
6692bffd-315f-40fd-8011-e44fdc930b40,3
5371a8ff-7f25-4456-a602-f274335dc188,2
5371a8ff-7f25-4456-a602-f274335dc188,6
b2c7dce7-f196-4618-9a25-96fc15323cd8,5
8387d53d-6378-44db-819a-1923046a23fb,7
095ecd58-7460-417a-bc63-522582329ab8,7
856f63a6-e16a-474e-9b15-0c29d46f81eb,1
af1c744b-345f-48c3-b67b-1e6c5c95ef62,1
d0c9d188-bb4f-49fd-a02a-03cfc45b6753,6
b75702e3-eb21-4ca5-aa2a-6da551309c05,6
fc415679-2389-4312-81e8-34961cf06f8e,6
4c9647ee-abb6-4be9-ae57-a53458c61376,6
4c9647ee-abb6-4be9-ae57-a53458c61376,8
74c222ad-5c90-41cd-8b63-2c415686fce9,1
74c222ad-5c90-41cd-8b63-2c415686fce9,6
c5c8b8b8-9a43-42fa-88ca-6608aaa99484,6
0921fb49-0579-4f70-bef9-23abc0542375,6
b6529762-fa5e-418f-9b67-0c75bbcb7023,2
b6529762-fa5e-418f-9b67-0c75bbcb7023,6
ead263fd-8bcd-4e46-a622-466f986f2622,6
ccdcfd7a-ffb9-4e4e-90d0-17bd6184ba26,6
cf5cb6de-b99b-45eb-ab8f-5d8994a32711,6
0e097151-72d8-4b83-84fa-00267d800c1c,6
bc62967a-8291-4263-af21-f37696b95d32,6
281cfa0f-fd89-496b-8e9f-28daf06a0e26,8
fc93a462-df30-4fb1-ba03-ae402b1380f7,5
222b714e-6b90-40c1-9e85-f44b226fb1e7,5
04e973d2-e4e4-4e5c-9ca8-2b1793885def,3
55909f80-45b2-40c9-8765-377abb7b80fc,3
76ebf6df-ca40-487e-8f90-974efda0a4da,7
408c2fda-7f0d-4b2d-accd-0069b0d8f27b,7
36211462-92fa-4b10-81be-97740622a9f4,3
7e524948-14df-4da0-b2a5-95901073ddfa,1
7e524948-14df-4da0-b2a5-95901073ddfa,8
deedd72e-a4a0-46e2-a3f5-2709cbf7eee9,1
deedd72e-a4a0-46e2-a3f5-2709cbf7eee9,8
f9e84718-eae5-4ea4-b7f4-e29d2ece896e,5
c45772e1-b375-46ac-91d7-bb8c49f581a7,1
c45772e1-b375-46ac-91d7-bb8c49f581a7,5
9ee58c7c-7fef-4370-b3bb-19e204978e45,1
c437f275-89a1-43d7-aefe-84a624c547aa,1
b809bbb3-3942-4085-a23a-61952e6bdb9f,1
8c3c518c-c549-4709-b0a0-0536e57aa446,1
8c3c518c-c549-4709-b0a0-0536e57aa446,7
b0cad04d-9638-464d-9889-f3af98bc2f41,1
ee03409e-a48b-497d-8657-5466304eb619,1
ee03409e-a48b-497d-8657-5466304eb619,7
6df47a89-d923-4de5-a738-88a05289e8fc,1
6df47a89-d923-4de5-a738-88a05289e8fc,7
e6aba0e1-397b-45a6-9cd8-33a7c537ea53,3
e6aba0e1-397b-45a6-9cd8-33a7c537ea53,7
f69b423d-0ea4-4cc1-aec9-d8f35e75c5e7,3
ff610931-fcf2-48e0-92de-9b3b2113ea6d,3
ff610931-fcf2-48e0-92de-9b3b2113ea6d,8
98cfe04a-404a-43de-a93f-1bb3bfafa22e,5
c9b1ca2a-45d4-4d63-ae81-08ceb6ad8102,5
b00c504a-0c39-497b-8e5d-2bcca5147d93,4
5db8ef32-920a-4598-8fed-3defaf8a1e91,1
5db8ef32-920a-4598-8fed-3defaf8a1e91,4
429825d4-3c9b-4dea-9cba-2469bc94ba9a,1
429825d4-3c9b-4dea-9cba-2469bc94ba9a,4
f7ebb14a-8c32-415f-bd6b-28c9c2db2fd9,1
f7ebb14a-8c32-415f-bd6b-28c9c2db2fd9,2
4bd4197d-0245-4071-8bc3-b0a904b8965d,1
09e2762d-678c-464a-b27c-88e50d058b70,3
4ed222ca-3a65-4b35-b167-dfcb417db922,3
9e3ac464-4b82-48bf-b60d-0da096f59525,2
81e2eebb-46ed-4913-8ea9-8466bbd6d0e9,2
2d7bb1a3-d29c-4768-8e9b-3a4e2ae30661,2
b0ab2c84-adea-4661-8a0a-959e818f767c,4
c0810208-fc90-45d4-8c56-20ac88d3f1dd,4
f6e91e53-1b5f-4f99-8f15-37d5c2b570a3,2
f6e91e53-1b5f-4f99-8f15-37d5c2b570a3,4
0cfcfbb5-b685-4c97-ad95-53015ee32485,4
4fd35a56-32f0-4963-8bf0-47a7fca54e06,4
4fd35a56-32f0-4963-8bf0-47a7fca54e06,8
c73f72ac-cd0e-4140-8214-95b98784f49c,4
4e6b7bbc-c38b-4bca-90a7-905555f9cde6,7
2c54cb9a-6b1d-40c6-bf2c-b6c624b2f615,7
001cbf88-3068-4a4c-a487-37d1518417f1,2
ff594409-203f-4b07-b88c-633caea88906,2
776cd7dc-31e9-4067-a7b0-b70b947be207,2
82be853e-cc73-4c60-a43f-a40dcfbeaae0,1
82be853e-cc73-4c60-a43f-a40dcfbeaae0,2
40ed606c-a9bc-4b0f-a44b-7dd4dd21059b,1
40ed606c-a9bc-4b0f-a44b-7dd4dd21059b,2
eb670359-ee2a-446b-a666-9901837ec85c,2
6ca5c02d-e0bc-4584-91ad-40de8f0c9f90,2
3a273caa-881b-4e26-9f84-6586f325f59e,2
85920e66-1f20-44b8-aad0-f9a7a855b547,7
313d14fa-6464-49ab-a698-af2d78b43bd7,7
313d14fa-6464-49ab-a698-af2d78b43bd7,8
85bebf66-f887-4de7-815d-d28c9f3d54e8,1
85bebf66-f887-4de7-815d-d28c9f3d54e8,8
045dd8ce-e61a-4620-a953-cfb072eb53e9,8
6ac8eeee-5d0e-409e-9071-228fb203085a,8
6e4c29e2-df8e-4540-aba2-c3c29b302302,2
6e4c29e2-df8e-4540-aba2-c3c29b302302,7
176f6fb0-c6e6-481d-bf16-5882882eb979,2
176f6fb0-c6e6-481d-bf16-5882882eb979,8
f2e881c8-c36e-428a-ba03-6d436822a83d,2
f2e881c8-c36e-428a-ba03-6d436822a83d,8
e1c4fcc3-999b-44e9-85de-f218dd1461e2,3
e1c4fcc3-999b-44e9-85de-f218dd1461e2,7
cb47c88a-b794-4a3a-8218-a2cccbafa12c,4
f575496e-c014-49c8-9936-fe3b9f00a471,2
f575496e-c014-49c8-9936-fe3b9f00a471,4
a1e5373f-7b82-47fe-8997-fa85dd81c12c,4
a98b503a-7e92-444e-91f0-1106450041da,4
4893435f-f7b8-4225-a228-e58ec086af45,2
21329929-04a6-4c2a-b0ca-b02e1da638b7,2
21329929-04a6-4c2a-b0ca-b02e1da638b7,7
5deb50fe-5f1b-4b41-a0cc-39200f89912d,2
5deb50fe-5f1b-4b41-a0cc-39200f89912d,7
84acc338-f82d-4d75-99c1-7a469356682c,3
84acc338-f82d-4d75-99c1-7a469356682c,8
5ab772d4-03c8-42dd-bfbe-5621409d0c49,2
5ab772d4-03c8-42dd-bfbe-5621409d0c49,7
3819b9fe-13ca-417b-b16c-3bb63df218a3,2
0ba56a47-3184-427e-8a67-b38a4a36791e,1
95ba1655-004a-4a8d-8bb1-c2f2ca917016,1
95ee0dec-6323-45f2-8567-dcbb0535781a,3
69bd1785-47a5-447d-a96f-6685099d4ac1,3
30b11b40-4108-47d9-a5fe-b1b5fb71670b,4
dafd3be6-209b-4cc9-8e11-502bd8a4d1cd,1
dafd3be6-209b-4cc9-8e11-502bd8a4d1cd,4
5d3a7138-593a-46ed-b737-1f7c7d24d2c7,5
ebe8a6bd-5a36-40bc-aafd-f66d069a29c9,3
ebe8a6bd-5a36-40bc-aafd-f66d069a29c9,8
778a499a-abe3-4fee-8b5d-926328e463b4,3
264f872e-cf24-4ba0-8d96-35bb5fb20826,3
b201f355-90d2-4496-bdac-61795ae9bdd3,4
b201f355-90d2-4496-bdac-61795ae9bdd3,8
ac535996-4c37-44ad-9e35-c8d9863b9f55,4
b2ae31da-fdf8-4400-9be4-2c42ffcb4344,1
83e883f8-0b84-4a61-9930-207842625462,1
83e883f8-0b84-4a61-9930-207842625462,8
d7072e6b-84d4-44d5-a115-290a43a0e101,1
69613feb-90dc-4c16-a3d3-b3a208b56dd8,1
efeec195-3c84-4e57-9e02-bee331d5c05c,3
0e26e53f-004e-4a9d-a89f-1c1060d87b3e,3
0067d0ba-8c2b-42c6-bb49-0633f39fbd41,8
5da355c9-65dd-4a31-8212-81c14018f268,8
d02f46fa-4338-466a-9424-17950aa17c3e,2
d02f46fa-4338-466a-9424-17950aa17c3e,8
dcd97ed4-1d9d-4e66-b2a9-aa92736cc2cb,8
a6cdfe97-14e4-443d-b2d9-aef5253aa7c4,8
00d37cde-382a-429f-b08b-2f43b1bb574c,8
9f2e305b-8e65-43ed-a725-56b80d4f8549,8
ac809ead-deea-4774-bcdb-b1278b765ca1,3
a8410965-b648-42d4-aad7-78b8b8d51129,3
3e70ef65-abcb-48ef-b59e-a9c600286d4b,3
1096f488-8c2b-4653-8193-35cafa258bbb,3
b4fb774e-9abd-42cf-9d5d-08b5a4a03974,3
19500fa9-f17f-41cf-97e5-535015ad6a4c,3
8ae7ca8b-9854-42aa-a21c-3a51b9984503,3
48243406-9c9a-4386-9428-b3fdddf94d55,3
b9a394e4-6563-4308-ae9e-cf892f566a94,2
b9a394e4-6563-4308-ae9e-cf892f566a94,3
3371d901-9fec-4fdf-86a6-daca5e954163,2
3371d901-9fec-4fdf-86a6-daca5e954163,3
4cb3f8e5-6455-4329-bbbd-62538279a914,3
774a641a-a695-45af-b0be-cb4c0e4da029,4
3a886ef6-f06a-435a-a4c1-30d5702a37df,1
3a886ef6-f06a-435a-a4c1-30d5702a37df,4
c5899056-a46d-4d5f-8fe2-8535cc1b5d2c,3
ead13677-487b-4a36-b6e6-5452019d3eca,3
f22cfdca-3f94-489c-a066-b861ddf0cdb8,3
72b487b3-496e-4a9d-9295-9f2bccdd0ae3,3
a54bb65a-b790-42a4-a043-c46e12caf64c,3
cf0206cf-9ffd-4e35-8fae-b7c36651fb0e,4
049d8b78-7deb-4569-a0b0-efce3d1c4bcf,6
b349c53d-400b-41b4-ab9e-e8a2e983f476,6
0c61d86e-1fd5-40a8-976f-591b544930cb,6
8713c327-4d5d-4ad2-9fc7-daa0cc356f2c,1
8713c327-4d5d-4ad2-9fc7-daa0cc356f2c,6
2793b3c3-bf56-459f-82ec-1635803daf9a,3
5c72f2cf-8277-4ec1-8f00-1e14612f96b7,3
fb00fe7f-004d-4bda-992f-d2025573de79,5
fb00fe7f-004d-4bda-992f-d2025573de79,7
cba57e9a-0916-420f-ba8a-3a5ae707b093,5
68a4eaf3-7416-45ab-9b7d-c2b0db43ff2f,5
9a830c19-0608-49fc-af5f-8c7a014146a7,1
9a830c19-0608-49fc-af5f-8c7a014146a7,5
7a3a381a-3e2f-416a-8a31-8a0e844dadd8,3
e7e8e9f5-2e46-4fdf-8814-132cd05f2a96,3
e7e8e9f5-2e46-4fdf-8814-132cd05f2a96,7
023bdc2f-26eb-4696-8fe6-a9cc9967405c,3
023bdc2f-26eb-4696-8fe6-a9cc9967405c,7
403e1a1f-d611-425c-8eb5-694af2520364,1
403e1a1f-d611-425c-8eb5-694af2520364,3
58108d53-103c-4970-85e8-9b2e731db84b,3
58108d53-103c-4970-85e8-9b2e731db84b,7
71f44c7a-919d-4192-b66e-97cf0715fb8a,6
8c728e49-6428-4452-8682-c6646e943778,6
8c15e58c-e761-49e3-94f6-f97acca9dc82,2
8c15e58c-e761-49e3-94f6-f97acca9dc82,6
e062f0b1-ca1d-4162-82f5-82b7532a8ede,1
e062f0b1-ca1d-4162-82f5-82b7532a8ede,3
8a122313-10d6-4ed6-9452-363f03d51c27,3
60c1cbc3-7ce3-462f-a21a-4df1f3a4633e,3
e6ca47dd-1985-47c2-8786-b5a8bbeedecc,2
e6ca47dd-1985-47c2-8786-b5a8bbeedecc,7
35a37431-03be-442b-ad52-79d6b8ffe49d,2
ebe18e1c-36eb-478b-89e5-6e5c9085b4cb,3
3c9e0384-b616-4bac-9329-72a9e210ee8c,3
64707eda-699d-4643-8aec-b8b79ff47f05,3
839f3e1f-64b3-43e9-96b8-a35881c4c35e,3
7a995299-e66c-4a20-ac1a-530062e578ad,3
42dd9d5f-0c1f-40e1-8f87-783d636915a7,3
185b372f-962b-4976-babe-f71b2b5aeb1c,4
73ea26e0-a1e3-4d84-8b08-6f3a5d15ed89,4
d36a5610-fda7-45ab-b8d7-d5035582fdbf,4
4d203c8f-eff5-4115-8c57-47c01c5d2b7d,6
99dd212f-af88-4aa4-8ce3-1b5ae17ec403,6
921a6c79-5ec9-49ed-9321-47f9ab580546,1
921a6c79-5ec9-49ed-9321-47f9ab580546,7
85f6cbbe-ead6-43c9-a3b8-409ba8c104e0,1
d14600f9-d0c0-492b-b4ae-14678ea6541d,1
ce805201-01bd-4a17-9c77-2bc9d5d6cd66,4
cf8b5345-eb62-4df3-91db-3463c02a7151,4
23db18ea-9974-4048-8b20-3c4baa09fd88,3
a3fe2e31-120d-4be0-bb92-5e7e0537534b,2
a3fe2e31-120d-4be0-bb92-5e7e0537534b,3
dc5a7a0a-dade-4464-b804-dbf005491fdd,3
2914e063-3694-4aa4-8d4e-f93ae55c947c,3
6cd168c9-a76e-4175-aedf-430761ea22b4,3
c470897c-7408-4791-870b-8a3d5bde1cd3,3
bf43e984-f2aa-44d8-9828-7c74544980af,1
bf43e984-f2aa-44d8-9828-7c74544980af,2
c6e1fc51-cf9a-44d3-ae00-df92ac127da1,1
c6e1fc51-cf9a-44d3-ae00-df92ac127da1,2
06c95802-9193-4e1d-b2d7-5aa3b1490dcd,3
3e9079a6-b748-4f42-b17f-5d7de2bc8c1c,3
0e3bf10e-8aa6-4bbf-8349-c641b63bb116,3
cb693f0d-7088-426e-9d00-23fff697bec9,4
6ca3c9cb-8319-4545-921b-4db51537cb0a,4
95dafd92-0d54-4cd7-af4d-e318f863d5a6,3
95dafd92-0d54-4cd7-af4d-e318f863d5a6,7
832d91c9-cdf5-4546-a1d3-22d82c969137,3
5b24c6fb-e673-43c3-80aa-a5f623cd9b59,3
151ffae7-263e-4e6c-a49a-3e63b04cb971,2
151ffae7-263e-4e6c-a49a-3e63b04cb971,6
69de6ee8-204d-4bea-8815-e387f58ccaca,3
21209cdb-6436-41e3-a04d-35048f421cd4,3
21209cdb-6436-41e3-a04d-35048f421cd4,8
d5711208-817d-4c80-a7ef-d44ae7b80ebd,1
fe7cae65-ea0d-46c2-b99f-5c220540996a,1
fe7cae65-ea0d-46c2-b99f-5c220540996a,8
594d9e46-2eae-44c4-a30f-1098e59a6c69,5
62faaf04-f7ef-4039-b5b9-e3b969025a6d,4
5646d192-c754-4b86-93a3-3f1259d0aacf,2
5646d192-c754-4b86-93a3-3f1259d0aacf,4
6ee3f77f-669a-4b45-96fd-81b3968128e0,4
21a9044c-6c11-4e10-814f-0e9e839022e2,1
1183c4a3-2798-4315-8a1d-b251d29c1d0a,1
1183c4a3-2798-4315-8a1d-b251d29c1d0a,8
54848e50-9b86-4aa5-aa06-afd84fde9e2d,3
e01d8348-401a-474e-973b-9c915c58e348,3
c098fd8c-82a1-487f-b49b-98af942d6250,3
cffe7667-578d-4f8f-9df7-b0fa81f4458b,3
32ca288e-d105-4a41-b35b-0e12a9729239,3
cd05a6c9-4a45-4539-93d0-2aae76eb5518,1
cd05a6c9-4a45-4539-93d0-2aae76eb5518,8
f3fe9492-99c5-472f-acad-accb8916c764,1
878d8f82-72d6-49c7-9ffa-2296228c2683,1
bd706bb2-e716-49bd-9bf7-3c32920c5742,1
e45b1f1c-ee49-44e8-b725-a696c914db73,7
9607f561-7332-4abc-899f-51281bd40560,7
00510d78-dce3-4628-b726-555417b4ea2b,7
4c751172-3dfb-4ca6-82f0-e4bbaa928538,2
4c751172-3dfb-4ca6-82f0-e4bbaa928538,7
b2fdadca-a101-479c-aee0-93a619231ed2,7
41cbbaba-48bb-487a-8979-e5130a28dc78,7
c38f598d-e340-4335-a772-bfd1a439b0c6,7
81b63633-a570-455e-b3bd-cf3e4572c204,7
1e144624-4421-48a2-8449-84459590fa76,7
243368e9-2a93-4db3-a555-eade5da951c7,7
7883f9dd-d8f2-47e6-ac0c-30e9210842f8,6
db18b8e4-ec75-48fa-ad0d-1e226b67ba00,2
db18b8e4-ec75-48fa-ad0d-1e226b67ba00,6
522ea0d4-a3aa-4dcc-b727-daeb82540af9,4
40573b58-e557-459c-908c-41045900a216,4
40573b58-e557-459c-908c-41045900a216,8
72a0d1f0-9798-4044-89eb-c759baf8563b,4
cbab958a-de36-47f2-9e1f-dfde1bb8231e,4
c9535932-e297-4719-a104-60e974161a67,4
5d7ec170-a8fb-4926-9313-0a4a2225922c,2
5d7ec170-a8fb-4926-9313-0a4a2225922c,4
8de28da5-0f39-45b8-a35e-cf901e373f4d,3
b92dac3e-156e-4826-8b77-94ef593716aa,3
b92dac3e-156e-4826-8b77-94ef593716aa,8
79d2b1f0-81d2-42c0-bcb1-7ffe22d14a5d,3
14297b08-cf30-4888-8ce4-f49b53f9558e,3
14297b08-cf30-4888-8ce4-f49b53f9558e,8
880ec673-06cd-4bcd-851b-70b872d8009d,3
28b609e7-aeca-445b-9f47-ba83bab28187,3
d4219628-6b0c-4732-81a6-1168db60b05f,3
0a9bae0f-8062-4b7b-b3d3-4f93cb97aa5f,3
55f2a63a-ad65-4972-8fe7-2dd3cc06963d,3
82d210a1-59f6-45c1-8b53-3f6b6a244b29,3
c8098328-4fdb-4be8-ad1d-235d9de4a29a,3
570da10f-bf88-4e6a-8dfe-f7a005f551ee,1
db1e6b7f-0ec3-4bf8-ada7-42c9e559f1c6,1
6ee988b1-7f8a-4386-91c4-9351ae3c6266,1
3762675c-bd1e-477e-9fe9-275eb99a6356,1
a1b28a1e-fd4c-46aa-b59e-49e8ccd198dc,1
6fe21de6-b883-4db6-88c6-57c010d48b8d,5
349b00d3-09ce-414a-8b63-8b1fc14b155a,2
349b00d3-09ce-414a-8b63-8b1fc14b155a,5
d5112e23-3f2a-40f7-82df-33975b4baf0d,1
d5112e23-3f2a-40f7-82df-33975b4baf0d,5
1d6b1e89-d113-4c22-baf0-7423451c3bb0,5
3e5a58ca-7032-4a6d-8524-05f335341a67,1
3e5a58ca-7032-4a6d-8524-05f335341a67,5
7e5e1bb5-4956-4c82-95f8-9da91e2b3e47,2
ac193f16-614a-4d07-854e-c4f55902fed5,2
2aee94bc-1b19-4b35-a4aa-2ca8d03c9d73,2
1e811d4c-7682-4ac5-aed6-7e5efb8b4196,2
3aa3a9db-d77e-402e-8e40-f66b26a0b20f,3
c30fdfe8-a5cd-4046-81b5-9eac52bdb633,3
125b203b-68f2-4667-8c49-70eec31245ae,3
125b203b-68f2-4667-8c49-70eec31245ae,8
a6a3d06a-3e63-4e07-9f78-69fd9c08ae41,3
3905dc18-6ff3-49d8-9ac3-d20e406abb6f,3
2f559304-ee63-4f11-9919-20af97b609e8,3
f03147a4-82d3-48fd-8d2d-20c6c8f6f727,4
1e005011-1b0d-4f0d-b2f6-ae8ee46ac648,4
1e005011-1b0d-4f0d-b2f6-ae8ee46ac648,8
eaea3efb-78ac-4b54-9462-218cdf1dcb4f,4
c4f96ba4-1d56-4e1c-ae2e-f39b6a03c288,1
bffdb961-dc2f-46af-aad5-dea38a21e9a9,1
7f3b9096-acdc-4d69-a73f-995af9e4dac6,3
0fb22166-52b3-4f25-bbc8-56772380beab,3
0fb22166-52b3-4f25-bbc8-56772380beab,8
f3241fed-bdb9-45d8-acbd-30f737b6f478,7
765f7399-a3db-41cf-9ba9-6d67f88fde2b,7
c854c33e-aa6f-443a-8dc9-9e0c3dc2c2a8,1
7efce953-ff25-474e-8366-b21031d2b401,1
3471ed4a-bd7e-4be9-9772-1d9d0d565e4f,1
3471ed4a-bd7e-4be9-9772-1d9d0d565e4f,2
887f484c-1020-44ac-8eb9-39854d315c2f,7
11978db6-2e92-4f2b-807a-fbb64b6bed6c,7
e4168840-e5de-4fad-ad1c-5cbea7be7712,7
e4168840-e5de-4fad-ad1c-5cbea7be7712,8
a04725fb-4f7c-425e-b578-9a42a3bea472,7
e940707b-a4af-4dc3-acf9-d4b6b3e5b85d,7
6dc1f172-60bd-4550-9348-55b280664d5f,3
35144ad7-0dd7-4f8c-8a9e-02879dfa3cf8,3
9584a054-43a8-4531-9879-9693b45bf78b,4
46588536-0a71-415a-a9d1-d721410ba703,4
d5db60fb-d5cd-4569-b7b0-06de17f83ac2,4
8501b21d-5f5b-46c1-b722-69add0f3bd0a,2
6a24fadf-1b33-4dd9-870c-ee26eeceeaa8,2
cf37f305-c1c6-45a8-aafa-0a18409dc2f0,1
49c8fc8e-4ce3-4618-8c84-f1688cbed6f2,1
775ed4b6-cb67-4bb2-9f1a-41e9c1197003,1
9faed4ee-0da8-4be1-b82a-9f6a4cfe528d,6
26eb75fb-ea3c-4d40-979e-6c54626d06d8,2
26eb75fb-ea3c-4d40-979e-6c54626d06d8,6
2e307e82-9324-49c3-a922-ca674d5254b2,2
96f3560f-b9bd-4cfe-9aca-041ecef91a19,2
0441a943-8319-4f1b-9200-8c97076b7571,2
0441a943-8319-4f1b-9200-8c97076b7571,8
2eb50f96-8b3b-46dc-903e-dd62a83ef2ae,2
398ce1dd-d375-412e-8364-317562e1b8b4,2
9a029755-b7d9-4bee-89ba-276a18cc8f7b,1
9a029755-b7d9-4bee-89ba-276a18cc8f7b,2
0c780a18-2fb4-4550-bcc2-b78a70ca022b,5
df81b6f5-fd77-4720-8463-0b4618a28cfb,5
736519a4-cfb0-4696-92df-160cdbb3694b,4
8f19dce8-c5c4-4975-9eb6-db0435b3c30d,5
e18348d7-c8ae-4191-a518-bbe8d689042f,5
75ad1058-94ee-4a36-b041-f46d8dc5d692,3
d7151bfc-027a-48eb-b6cb-ffec84212c6b,3
590a1f84-8c30-4b76-82e9-afc72ed02802,2
41031456-6e88-4d3c-8e50-eee446dfa5ad,2
68a04c22-dba3-4b55-88ac-018ccb157d1f,1
3edad424-5fe8-4817-81e6-1d1810f7c54a,1
f1408017-5273-4f06-872d-c1544e461300,1
43b46814-a892-4543-bbd7-6d4c6a7460f2,1
5f821135-2d17-4c04-8327-235abdb9925b,3
8063f04d-6521-4781-b8e1-0c5fd8748e21,4
8063f04d-6521-4781-b8e1-0c5fd8748e21,8
cb8c1ca7-18c2-4ece-9a06-ea94ce552b2e,4
cb8c1ca7-18c2-4ece-9a06-ea94ce552b2e,7
133b169e-a8e2-43fa-b455-4914c2d1a3c1,4
9d216bbb-cc4a-4e00-8f69-5d3434ef308f,8
1cfb50b1-671f-41e9-b4ef-42b58b67c51f,8
8b2004b3-9dce-4c40-a52b-134c69297cf6,8
ec5b8f55-277e-452d-b547-c043d7e80bf4,3
b739616b-6f38-4a83-b493-403b3267df4b,3
f40a8b0c-5345-44ce-bb2c-e66325edda47,3
eb26b843-04d3-4d54-92b6-1dbdcb9c0a6b,4
4d870f05-e051-4e91-9c20-c0c00a6d737a,4
deae1e01-7c5c-488a-8477-52e59fae74cf,4
5b2508ca-6f1b-428e-acdd-a898b3aeb4fc,7
1c788b97-6169-4320-9c7d-d3890d6890f8,7
c3729b01-887d-4700-9b31-660f51a0c3fc,7
7e31a1af-8c9d-475a-9d79-d7e27f930b60,7
67475a1f-6d7d-4431-be89-9a92fb9bea31,3
7e1c7ba9-d00c-437f-95e6-62566c22b09f,3
68e44599-a28f-4083-938e-14259831bcf8,3
dae02060-a881-4256-b1c9-d5124d42fc56,6
007e700c-a153-4a42-9967-d74eea9f11b7,6
e112d7b2-9972-4211-840e-c7f9724aa289,6
60afb560-1a1b-4736-bd24-1097a8d0c8b8,1
60afb560-1a1b-4736-bd24-1097a8d0c8b8,2
ac60df4e-3d90-4fbb-9a11-7c963a3b5bd0,2
8e1d8145-6b27-4352-be9b-9ea58cd57280,1
8e1d8145-6b27-4352-be9b-9ea58cd57280,2
bd3e7a85-79a3-4c19-b26f-b2ace7f34c67,1
06eee19e-8a1e-459e-82ea-13a2566442b9,1
a9378158-faae-4a6c-9e6a-96be42977822,2
09ebd059-3657-4470-a79a-c94b9f516c89,2
b892d10f-7cc1-41b7-9f2d-f096c5a363b7,1
f2524df3-4112-4954-9311-917ab4002728,1
322523f9-3248-43a5-b4b9-6b9e1a79085e,1
9356f18d-03aa-4a37-8e13-a2ef1fba08a3,3
066d905d-22f2-4e1c-8472-e7c8038a2183,3
0bdce7eb-6550-4bdf-b1e5-f80abf5366b6,3
8d5a8a10-9f88-49c0-b961-f0c64549e429,7
8d5a8a10-9f88-49c0-b961-f0c64549e429,8
20808f88-f984-431d-97ee-d010eab1655a,1
562ac515-a36c-4695-b5a4-fd21a9c08349,1
1bd916df-a59a-4575-8520-aa417d9aa7d3,1
b3b230bf-62a6-4b2c-b342-499c6c7245ba,2
febe5854-de46-48f7-b9c6-5310d638d3fe,3
43b9e8d8-bd9f-4f9b-a8b8-4479f5d5488a,2
43b9e8d8-bd9f-4f9b-a8b8-4479f5d5488a,3
08ca3e5b-b497-4a4e-8da0-701b3ab5faae,2
08ca3e5b-b497-4a4e-8da0-701b3ab5faae,3
c7957436-8a7a-43de-9579-5970c4aa0d8d,3
c7957436-8a7a-43de-9579-5970c4aa0d8d,8
31c862fd-caca-40fb-bea6-65fa8347893b,4
31c862fd-caca-40fb-bea6-65fa8347893b,8
66d646cf-dc8a-4740-ab56-24d26d606cb2,5
8b07cf9f-b50d-44d2-9998-c6f18ead0a80,5
0a5c6225-effd-4c6e-bf43-fa3d7926429b,7
516013d8-08d0-4947-9dfc-99e981d77104,7
633da2b1-d573-44e5-a46d-f81684f9040c,3
9ab50220-e279-4e99-a7b6-797383b5fe04,8
6f1a1ad0-549e-4be5-8ef4-37a5db9f7527,8
367f5a8e-bf07-4355-992d-8e1d1fd38d8a,3
34d21332-0a21-467c-b613-de57ce19d342,3
03355839-50fe-448d-b4d1-94d42a0dc774,1
03355839-50fe-448d-b4d1-94d42a0dc774,2
5d8900b4-a350-4528-a4c3-5822f82e3d33,1
5d8900b4-a350-4528-a4c3-5822f82e3d33,2
72375a99-862b-4658-9d16-8dbcc8ea1fd6,1
e6022ded-8412-46af-8896-4cb9a4cc9035,1
359815ab-0c07-4cb3-b474-88f4154c0669,3
1f43f6a5-5bfd-4dc8-b556-4342a1aefedc,3
bd2f1756-30f4-41b2-aea1-2b76a31c0afc,1
bd2f1756-30f4-41b2-aea1-2b76a31c0afc,8
13678f5b-1092-48d7-893b-1c9b591fec4d,5
05a25048-d472-4106-bb50-6b9a956d7eee,8
33e78a98-179b-4d55-82ca-0d6db01b5d43,8
5c5a214c-b727-4734-9ec0-1f5dc911f58c,8
a79a3380-0480-489f-b72a-348964db8c48,8
c8434e3f-4050-46b5-a6c7-f9eed87aa964,3
8d47e207-2e6c-4ea7-ba39-941fc941a9a7,3
a07bfc1f-9cdf-4599-9380-6ba3c6984b37,3
47807e92-5574-4a3f-9d8e-0cc71ef870c2,7
035d8d0c-adca-41f4-9c7a-bc89ad266bdd,1
035d8d0c-adca-41f4-9c7a-bc89ad266bdd,3
8eeac454-ffff-4bc5-b6ec-61a427d756cd,1
8eeac454-ffff-4bc5-b6ec-61a427d756cd,3
00fc1dd3-f54a-417b-afbf-c375810b198a,3
f18e2d13-9792-452c-80f6-15e1f4131194,3
bd2e261c-09a7-4100-ba51-b4aa37b36614,3
08aebd2a-af3d-454c-83d6-4c39e590ffc7,3
a06eb80d-5685-4f5d-b7e7-2eefddacbdad,3
90e5d133-76ee-4059-900c-cc73756fc02d,3
afe16007-62be-449e-ab47-95f74f7ce59c,2
ee2d4351-c40a-4421-a758-22d93c53a403,2
dc544e70-5ecd-4aee-93f0-b1f4043fe041,1
95aed65d-054e-427f-9605-3f161dbebc61,1
95aed65d-054e-427f-9605-3f161dbebc61,2
b73b6a46-9dda-4c5f-a645-49cd7a937a7a,3
b73b6a46-9dda-4c5f-a645-49cd7a937a7a,8
9565489b-8cc7-498c-a12a-7175420e9af3,1
9565489b-8cc7-498c-a12a-7175420e9af3,3
3b9d3c8b-b585-464b-8cc8-7223206b0bda,1
ba62f565-9829-4a39-b277-b39c3fc82127,1
5aa692b4-d3fe-4b26-8d4f-1405cdb71a73,1
f10f4d90-025d-4428-8074-1c557804ac13,7
5520abed-2833-41d8-b0f0-97251328e940,7
351834b9-766f-41ef-b9ef-eb4cb2c8e039,4
5530d440-c1e5-4f96-811e-b305c6fdec6b,4
946d6316-db4f-4f16-a1a7-bddeba4f95a8,2
b12a84ab-509f-48b4-9f29-625826683b21,2
a82238f8-c651-4558-af8e-154941a34e6d,2
c5646c45-6d3b-4011-a206-a89500e0f6d3,4
0a217199-5357-4c87-8a8a-7a905237beaa,4
70b48927-0bc1-4a8b-8e00-ba1e0ffe39e8,1
70b48927-0bc1-4a8b-8e00-ba1e0ffe39e8,4
c86fb204-14a6-4e35-90d2-611673624345,3
5fbd976e-c52a-4de4-b9fd-ba052e265ccf,3
cefb587b-b476-4173-b36a-a14ec462e85f,1
ca7bb1ac-6fd7-4465-9eb9-ded66f8f5ac8,1
2424ca65-3520-4d74-9a5a-88e3a46f19cb,1
263429c3-e052-47a9-8c7f-497c512b4965,1
263429c3-e052-47a9-8c7f-497c512b4965,2
bb98007c-4778-495a-bd77-0a29e475bc89,1
c3d7be08-05e1-4406-b685-74c69e40b5a0,1
c3d7be08-05e1-4406-b685-74c69e40b5a0,2
830bd8f4-4dae-4122-884b-045bd641c1ef,1
47ac3784-c6eb-4aa8-9922-afbe75a03668,1
88b28e29-51b7-49dc-8b67-68f0a3a0d1a7,1
a878b62c-a193-490c-8a0a-63229a790cbc,1
f8b76eb0-7029-4e91-98a5-92be0c4f835c,2
f8b76eb0-7029-4e91-98a5-92be0c4f835c,7
61ca58ca-fc43-47c3-a1cd-5c1ca6f9ca3f,2
f1ae6578-4176-4a4f-a3b4-85af73ec9a16,2
44db5692-4d0d-410d-b4e7-bb38e916984f,4
67d13929-01ca-4004-b5ac-85fc2e08daf0,1
e742ad78-a94f-4645-aebb-09aff2ca02f7,1
f913d58b-f3f1-4d12-84d2-9d4870e681bc,4
ea932540-d8a5-48dc-a5b9-5cb67170d7ae,4
ea932540-d8a5-48dc-a5b9-5cb67170d7ae,8
4b88501c-145d-4bb0-9897-9e0d0c63f47e,7
b12ad7a3-b254-4a0d-a1df-81c87153d3d7,7
b670aa63-c0d9-4cdb-8582-26575f318886,7
4e9e8535-7d2f-41d2-8461-87ac5f7dae9d,2
0a46006e-25ef-4c7c-a242-fa0b7f56d350,2
a707c2dd-72a4-476f-ac43-13532b858053,4
cc6b4564-2cc1-436e-8d30-c0ee711f1d78,2
cc6b4564-2cc1-436e-8d30-c0ee711f1d78,3
0f091a42-871a-404e-82d2-1377d913c69e,2
0f091a42-871a-404e-82d2-1377d913c69e,3
8942760f-fbec-4499-b3eb-de3e52514690,2
0b359569-6412-4483-ba34-dacfd907de91,2
25b90fc4-10aa-46cf-a67e-cd1009e02c51,1
25b90fc4-10aa-46cf-a67e-cd1009e02c51,4
8e741a94-8627-4412-b7e3-9c7e3923cc39,5
b2b0d559-ccad-4441-83fd-890eea879bd0,5
b2b0d559-ccad-4441-83fd-890eea879bd0,8
a888e023-d41c-46fa-bd70-1a5f46706437,1
2e0216c5-af2b-4e29-8b25-bc083f8e6fac,1
8877fc40-d9e6-4a7d-913c-50301e9a3a0e,2
e6a281bc-8bb2-4472-a715-8d593f50c4d4,2
109aa6f6-a791-469d-a56d-9f5c9004e55b,7
0adf2f79-3226-4dfa-8826-31bbd50acdaa,7
df8cf797-9ae8-4f99-a503-72cc3dfe91d9,4
df8cf797-9ae8-4f99-a503-72cc3dfe91d9,8
f8657115-5934-406b-938e-eef48eafbb31,4
a0960c2f-43fb-4dcf-bd14-d90702856389,5
bf3528d8-dad3-44af-bdd2-efc348e1ba32,5
44e9f260-3fa4-45e2-8fbf-f249843e2e77,5
9ef02a38-723d-4030-adf5-ad3e814cbf61,2
9ef02a38-723d-4030-adf5-ad3e814cbf61,5
6df97291-83ba-43d2-b02a-5408c9e6577f,5
3820b4d8-949e-48c0-931a-4e577ff3785a,2
cfee11d3-ff14-4481-8e5f-8757dcc3b02c,1
6dd2e205-29fa-4a5b-9a76-84b6ba0e2995,1
2623c797-dc3d-4c7c-9520-0cbd53cfd1a8,1
6ce88928-6311-4962-9bc7-bb54328b6590,1
cdbe1842-788c-4f21-bece-989200ca2aa2,1
cdbe1842-788c-4f21-bece-989200ca2aa2,8
af760a48-893d-43f7-84e9-ab7de9ac9a65,1
70d13d85-92d8-4fc3-8299-d5b3fda7119e,1
0dd704e8-7d40-467c-8b0d-b586c8a15365,1
549cbc78-cf33-44ce-a1e6-d4caadd84eae,1
7c8380ec-ccde-44f1-93fc-17864c805328,1
33a81cbe-b675-432b-b43e-9ece80380019,1
953adbd0-c473-47fc-8f27-129297085df6,1
ea406d72-70ee-4806-a96e-6bc78ecc1e28,1
377bd28b-b0b6-454f-b3fe-e0a3926741d8,1
377bd28b-b0b6-454f-b3fe-e0a3926741d8,7
c73802c5-bea5-4c76-9d24-9070326dbabd,1
08c6e481-a00a-4de3-95e3-7952eb50ff62,1
e62a9178-3b74-4dfa-9b2b-4c8a96426205,7
d4ff73c4-ca68-4041-9a90-596b7623105a,7
3deb5a99-11e1-472e-935a-b8d8a3707789,2
3deb5a99-11e1-472e-935a-b8d8a3707789,7
aba1ebab-e979-4b3b-a031-d4b3641f6f02,2
c39b8189-aacf-457c-9bf1-ab504b8d465e,2
2701f796-8cac-4fd8-a77b-d3d78885f395,2
78dca69a-c260-484e-9a25-921b089c7745,2
39a7c37a-4c1d-4ebf-a0a6-df96aafc3f62,2
39a7c37a-4c1d-4ebf-a0a6-df96aafc3f62,7
62180949-5076-4bb6-8e59-d527012ea368,2
59cd2d77-d554-44fe-ae2c-7bd4dd851e4b,2
a5672ea2-4e6e-47ed-8192-36ec65498cc1,1
a5672ea2-4e6e-47ed-8192-36ec65498cc1,8
dfed459b-2322-4ed1-ae8d-2264776a1617,8
4570191f-8a1f-40c9-9577-93837867c63a,8
8bdfcf65-f815-48d0-92f4-6701fd0f9bce,8
1cdee18e-3ea1-440e-a829-68f02b6b5f2f,8
31fd89b8-0c77-4186-8563-220504197c94,8
891f4a91-5474-4900-bc5c-011af78fd308,8
755579ff-1951-4f35-bfd6-b0d70a279156,7
1318a3fa-ccdc-41ad-a6e7-c7f723d45958,7
40c6213c-2c74-4135-826f-9fd7be2bbde6,7
061bf222-08a1-472c-87b9-6f0eab254b47,5
061bf222-08a1-472c-87b9-6f0eab254b47,8
1d157e7a-4c64-4378-983e-a8cc8a2bbc3c,5
41991a2f-a347-4807-8d67-fd53523e4772,3
c6ad9a58-467e-4adb-92bc-75d32905ab45,2
c6ad9a58-467e-4adb-92bc-75d32905ab45,4
7f5ed0a8-6432-47c4-87ec-7bf303bccdc3,4
5506dfcc-ef62-43b4-8396-0b36e2560942,4
9e5f392a-158e-4254-a8d0-e56f76109495,1
9e5f392a-158e-4254-a8d0-e56f76109495,8
b91ee5b4-35de-46d4-884e-d765aff082a0,1
5da9b9eb-2195-458e-bc03-fda134b9d4a6,4
79452b4b-a9ef-418e-8ce4-0f9ecf60ce3f,4
4b856af8-c3ed-4c9e-861c-8858a7d304c7,1
4b856af8-c3ed-4c9e-861c-8858a7d304c7,5
5816dfcb-228d-46cb-9197-56a7b16af1af,5
bc5ae2bd-acc8-4e71-84b7-b5c5995b4a29,5
2abef079-a8d1-461b-995a-95f8bf3bbce0,6
a1cdf19d-d20f-44c7-a743-4a46c957884f,6
b06daedf-6537-4a8a-b1e8-3966d511424c,6
a2a2e76d-92d0-43f9-ba98-1f5320b20a16,2
a2a2e76d-92d0-43f9-ba98-1f5320b20a16,6
74589685-79de-466e-85c6-d653a1f349d1,6
7f801ebc-257d-4389-b00e-006436265bd1,6
e251ccb9-e5d3-4565-9ac8-e8eabcf56c61,3
037bf713-e9c6-42f5-92ed-4adac0c4414d,3
2329beaa-58f3-4280-9447-5de03ac52a9d,3
eccc0f5b-a519-4b47-923a-8370fdb00af0,1
702b8bd2-28e1-4ae7-9163-63f4fadee60a,1
702b8bd2-28e1-4ae7-9163-63f4fadee60a,8
7221b56d-e741-49b8-9425-4fc138bd4096,5
36c1a630-f0cb-4662-8d5f-622dda3cdbce,5
36c1a630-f0cb-4662-8d5f-622dda3cdbce,7
832865ac-b194-4d71-8222-125a21b95682,1
231848f7-4e9a-45f9-a851-31ba226f485c,1
231848f7-4e9a-45f9-a851-31ba226f485c,7
8df2ff54-738e-4243-97ef-5f77e0ed1de5,1
7e896966-7b30-4dc5-ba8c-819e8755b79d,7
7e896966-7b30-4dc5-ba8c-819e8755b79d,8
e3383a30-534f-4826-8d89-97705f7ad1d2,1
e3383a30-534f-4826-8d89-97705f7ad1d2,8
f9927c2b-1699-4caf-9774-d7cff6639f19,1
2f2b84c3-d4ea-4950-bb8f-bacbbd137f77,1
e39027d6-6162-44aa-89fb-1b453ea5aa6e,1
8e70ea29-ae83-4a8d-9a78-90b5ee213044,1
8e70ea29-ae83-4a8d-9a78-90b5ee213044,8
5337495a-d6aa-4966-811b-c42fe21e290a,1
1f862839-7d72-41e2-9fac-0262454ab078,2
163eaaac-5e4c-4372-be4d-4150bb74fe03,2
d26cfa7a-a7d4-4801-8bd8-b912a270219c,2
10c8e73e-6990-4663-98d9-d00e6950bed8,2
575133cc-de9e-47a8-85dc-14a347db2566,2
d3954454-9feb-422f-9500-5e03ad15014d,2
42ac9255-2763-4680-9cb5-ef0722e6cd08,1
42ac9255-2763-4680-9cb5-ef0722e6cd08,7
e01c35b3-bb08-4fa7-942d-1b19d43c79c8,7
5aaf6d34-3ca3-4a02-91eb-f2a8039b7918,7
7ad4f7d4-6802-4d24-ab5f-7fad7daf233f,1
7ad4f7d4-6802-4d24-ab5f-7fad7daf233f,7
3a4565cb-49dc-4a44-bc5b-380821a18111,7
c129efdc-2fb0-478d-92de-41738a3819b4,2
c129efdc-2fb0-478d-92de-41738a3819b4,7
77696cc0-d875-4b01-849f-83403f867aa3,7
26b437ca-b343-4527-a973-7a75d34f14d2,7
f65e2b1b-b47e-411b-8fac-649290ef0267,6
706c4080-0d94-4440-b0ce-df95dce75547,1
706c4080-0d94-4440-b0ce-df95dce75547,6
5730097a-4631-4f58-9d38-e924b070d6f8,5
acf1e57e-ae47-4be4-80f3-771920da37f5,5
0f490f02-55ac-4ce7-8cff-a620c3be78c3,2
0f490f02-55ac-4ce7-8cff-a620c3be78c3,8
c596a652-367f-455e-81c5-0e9c93731376,2
893e903f-da0b-4a8b-bbbe-dd357d80c245,2
79c36460-53c7-48ed-ba66-75251a944aee,2
13f7d4da-f84b-4341-a7c4-dfd92e75dd25,2
017543ec-4fe1-4937-8786-3a5e01447e1b,2
4fee4baa-ba51-4112-bf92-2814f11d62d1,4
006e6ff8-6b4a-4ea1-a190-474bb8a65a3d,2
006e6ff8-6b4a-4ea1-a190-474bb8a65a3d,4
11d328da-c1bb-4b76-acdf-a3902065f69e,3
35a7b2c1-397c-4f6d-8a2c-4158c1ed837a,3
c598621f-8070-4a74-bcdb-1361f4de92b0,3
da2ea67c-7449-40fa-ba55-ef5e1ee728d0,4
3e7a98ad-9c90-4947-9d5b-45efa955554b,2
3e7a98ad-9c90-4947-9d5b-45efa955554b,4
92a13193-4060-4835-9b0d-7d05c64c2694,2
92a13193-4060-4835-9b0d-7d05c64c2694,4
6283d81e-fb34-43f2-95f7-5b3705ef5211,4
c5975414-c96a-44c6-988e-bb05e1ad7cd5,2
12cad4bf-ccc4-4c71-b2ee-e6382ba27fd7,2
8b1ba874-3b2c-4bc3-b99e-b460f454843e,7
3cfc7d76-5283-4f11-9116-e17129809fdc,7
3cfc7d76-5283-4f11-9116-e17129809fdc,8
9d3f1465-8889-40c7-916e-793fce0c4e73,7
de2bc145-5892-42f0-a6e2-2e21dc4f1806,1
15a8f077-f63b-4917-81b3-ed79658906fa,1
15a8f077-f63b-4917-81b3-ed79658906fa,8
2c689ee7-04cd-4347-806c-ab2855acb5d6,1
4022943a-d511-48ed-b3e9-9c9d977b97d2,1
eb32ed02-0803-4d0c-a7a2-a6a0fbbaccd0,1
eb32ed02-0803-4d0c-a7a2-a6a0fbbaccd0,8
f9615a01-b30e-4f4d-9713-dc2ab3347ba1,8
726cb222-4f50-48a4-ab1a-9e2aeb398d3c,7
726cb222-4f50-48a4-ab1a-9e2aeb398d3c,8
3b5ef863-78ed-47da-b2df-59e31aec5919,8
4d7beddb-5c78-479e-8adf-da02687b6c69,8
7e8e5301-8ab3-4434-9ee0-598ff184b201,8
a4b0b60e-c157-48bf-9ed8-88aa818ae337,7
a4b0b60e-c157-48bf-9ed8-88aa818ae337,8
da7dd6f0-e060-4999-b997-0df95bd9e1cd,8
44203b06-36d2-4147-a4a7-cfd9d6263d1b,7
44203b06-36d2-4147-a4a7-cfd9d6263d1b,8
c36cb202-a67c-4e07-84a8-383e8c8d206f,8
b8338ea7-4c53-47a5-892f-48fd855735c7,4
b8338ea7-4c53-47a5-892f-48fd855735c7,7
298dbcf6-63c6-4593-a4d8-41ee6c9a7c24,4
365abac8-52c3-4520-b45c-d0daaf24fd29,6
2ed0b0b9-9f05-4496-85bb-46a6168e02a8,6
ee7d06e2-1848-4137-b197-19d5768f33ae,6
7a04e314-dc9c-400e-8c49-087a9d4f2a30,6
7a04e314-dc9c-400e-8c49-087a9d4f2a30,8
72b817ca-1133-4dfa-8fe6-7943c25609d4,6
72b817ca-1133-4dfa-8fe6-7943c25609d4,8
3ddb4866-78bb-4d47-ad06-407c382e886f,4
cc0de3ed-89c7-43c5-bd0b-62e41e8ee16a,4
1ac3af43-dd8c-4fcf-a5ce-b59bbc57dadb,2
692000c1-9c1b-4532-9b92-cdbe11abe416,2
d4addb9b-dec6-4ad4-9f52-b6b8589184a2,6
1e09d6e6-0cd0-4e94-92fc-b2758d8f2292,6
1e09d6e6-0cd0-4e94-92fc-b2758d8f2292,7
67bdf205-2bdf-4116-9af1-7bbaa8741fcc,2
67bdf205-2bdf-4116-9af1-7bbaa8741fcc,6
258d4110-ff55-46a1-8f96-5519b67efdd4,3
5849cf49-2166-4584-a360-f42f4ffb57dd,3
5849cf49-2166-4584-a360-f42f4ffb57dd,8
31b4fefc-f0e5-4b56-84ed-f0827dc9226e,4
31b4fefc-f0e5-4b56-84ed-f0827dc9226e,7
aa65c8b5-45b4-432d-9c88-64a2b845c071,4
5e2b9bb6-51bf-45a2-a851-6064eea7f625,6
bd20e211-5611-4074-b933-319bdc195783,6
14dca654-8dce-4120-b7a8-84c940da0d81,3
04075403-57b9-40ac-9e23-4d723d6d15ce,3
4a8e18b5-fd32-4a2f-a0ba-3187b24c94ae,3
915e0c8a-8248-42f4-b679-cdb0551de99c,7
de6f0e05-a91c-426d-bfbe-0e8b383abc21,2
e076cf4d-8832-4299-a321-0040ca4f7324,2
a012c203-ecdb-4a5b-9376-b130698fd4af,2
a012c203-ecdb-4a5b-9376-b130698fd4af,7
4e213bfb-7d35-42d0-8823-e2ba0d5369f8,2
5341926f-0c67-4629-adb5-b2b156d7af1a,7
6d5cb816-5044-4716-a6f7-50a7cefad5ba,7
9a838ecb-882a-4ad5-9944-4ceb146a0d5e,7
1d544c6a-661b-4c07-a74d-a773888001ea,4
c2edeb68-d60b-4b87-b8ce-f969c29aabe0,1
c2edeb68-d60b-4b87-b8ce-f969c29aabe0,4
549f9937-46d0-45f7-a6e1-9ab3975fad7d,4
0f6ba273-868a-46e2-a46f-7367f31c2c66,4
93caebae-a154-479b-8f54-31262cdbf1b6,6
66c3b334-3ce5-4506-b731-d34b84cc10cc,6
66c3b334-3ce5-4506-b731-d34b84cc10cc,7
be8b1f26-38f2-4055-9825-cf702a43545a,6
a7373489-3410-45e1-8ef0-bc8aef3cabdd,3
f81a1c6f-1953-436c-bd07-97cad072a3a7,3
f153d0a4-2aeb-430b-9168-62b95ff533ad,3
f153d0a4-2aeb-430b-9168-62b95ff533ad,8
d2bdde99-5f95-4c99-bb4d-bf79093a7916,2
d2bdde99-5f95-4c99-bb4d-bf79093a7916,7
b28380e8-b98d-4c0e-a432-ce48460e57a6,7
bef5fdd3-2260-4fd8-9306-b931593f0348,7
995d1032-e492-48fe-b645-37fa0048e949,2
98c65053-1043-4cf0-b3fb-0d6b8d423574,7
91c07cda-c982-418e-8af7-1cdd963349e4,7
182571e3-6d3d-44b1-8f17-2e48f91cf32b,1
4f0e06c4-c977-4ec7-8a22-0f6315202f4e,1
285dcd1d-bd16-4cc1-b987-dd50db07545e,1
285dcd1d-bd16-4cc1-b987-dd50db07545e,2
24eb8f0d-c6d4-4b7b-a751-526727f70c8f,1
24eb8f0d-c6d4-4b7b-a751-526727f70c8f,4
7c74c62c-503d-4e36-9cba-3888ebb7bf50,4
e2677e0f-33e0-47c8-b747-10bbfdacd7bf,4
b53bfac9-98f4-4fde-8427-99140990b276,4
7d938c2c-21fb-4f0e-970a-ec6d22aac821,4
923ce2f5-a1e0-4223-9961-f8dbf24afd1a,2
2bf4532f-b4ec-4535-a9f8-62b19a62e820,2
473d6f4f-f528-4d37-8559-5cbc4403bbeb,2
26c2603e-5798-4fa4-8173-e9876e348a08,6
9c61d399-5b13-465c-a014-329b5ae50628,6
d8af6aa4-f5b9-467a-8cd4-e9a0f8af70b0,2
d8af6aa4-f5b9-467a-8cd4-e9a0f8af70b0,6
19fa4d8e-45eb-46ba-821f-3c245ace5625,3
b6b377f4-9bae-4b92-9325-dfc9a09da26d,3
f7c982ce-afec-439c-9b8c-6c72fce45abb,3
7d3d7369-1d90-4fc8-85c3-2b034b19d70e,3
6d8043bb-cd80-4641-9634-2ff5cb4aa97b,1
ef38f189-b44a-4fda-a1bf-c0d003db3216,1
ef38f189-b44a-4fda-a1bf-c0d003db3216,7
cee0187e-4969-466f-a46d-2f8b1c6986f6,3
44924056-e715-4f05-8411-9107894747f9,3
dd5927c8-5419-4a66-8245-3e1b0d66e9cf,2
dd5927c8-5419-4a66-8245-3e1b0d66e9cf,3
6248d063-43ad-448b-8601-20727462c9b1,3
30f2c1dc-f084-49f2-90f0-a28da0cbb034,2
05dc7b29-77a4-431a-b5ba-ffda87bbb0f1,2
05dc7b29-77a4-431a-b5ba-ffda87bbb0f1,7
3fb6dd36-100d-49bd-bce1-343feaf01455,2
3fb6dd36-100d-49bd-bce1-343feaf01455,7
d63d7b87-a20a-4217-a6b1-75f24f9cd35f,2
cd359eb4-66ae-4430-8225-ee52e262ce61,2
bbef2cd4-5e6c-428d-8bf1-4d4523f9eb31,5
f9e34ca4-9de8-49a6-b0a5-70ad45ef3e5f,1
f9e34ca4-9de8-49a6-b0a5-70ad45ef3e5f,5
a5d2c539-3de4-4c33-b95b-9f48b319d9ca,1
a5d2c539-3de4-4c33-b95b-9f48b319d9ca,7
20b4f782-9d71-472d-ae06-194d9db3d503,1
620c585b-e2eb-430b-8b2a-9286abccee3a,7
a08fc3b9-8ac5-4f54-a5e1-21566a7049cb,7
28867e28-b235-40e7-bc80-b0255fd4fe14,2
28867e28-b235-40e7-bc80-b0255fd4fe14,6
7e6ef913-044f-4097-9823-5af58182ceac,4
e7f837c3-650d-442f-a200-fcaf58c5a3da,2
e7f837c3-650d-442f-a200-fcaf58c5a3da,4
10dcae65-286e-470f-b24b-14626149209d,5
f783d3de-275a-47bf-b3ff-9e4398ed38b5,5
f783d3de-275a-47bf-b3ff-9e4398ed38b5,7
d15a97fa-fb8d-424f-811c-58295431be3c,5
d15a97fa-fb8d-424f-811c-58295431be3c,7
39c8aeed-a0b0-41ab-a88e-642d92d46850,4
162e9c9e-6ecf-4dcb-861d-ad7544f6d3a0,7
00b50a0f-08f4-4a0e-888f-7cd3eb01b42a,7
00b50a0f-08f4-4a0e-888f-7cd3eb01b42a,8
dda0b0ed-56a3-48c9-84b5-6f8cdf89c676,6
01e086b4-b27e-44d2-9f98-78ae305cdb55,6
02eb7e89-63cb-4502-949f-665c99a741fe,2
13dcde33-e84c-421a-b689-6bd7ae0c0106,2
13dcde33-e84c-421a-b689-6bd7ae0c0106,7
30b80dde-eaca-45a0-98b4-25eb121f595b,1
30b80dde-eaca-45a0-98b4-25eb121f595b,4
4f73af8d-a946-4669-8f80-bd5d121a7d66,4
4377366c-b43c-45e9-87ff-7d15d0d694ec,4
288dbe5d-f616-4eae-8076-c815a0045ef5,5
4602e91c-fd4c-4073-8fc3-643f1373406e,1
20c455f0-4c10-4b43-9b1b-b50251436f99,3
147d00b3-098e-406e-aed0-39bf64f69f17,3
ec8e11f2-0534-4b6f-8a92-435ca7c7274c,3
380504b6-f8b8-4183-b869-733123e50fd2,2
180fc8e3-7df1-4216-b7f1-85a78c477877,2
da71f14b-1845-425b-b94c-abd2dbc2513e,2
da71f14b-1845-425b-b94c-abd2dbc2513e,4
2d49160e-4c8a-4d51-aabe-beb776556104,4
c83f956c-45fa-47d3-8371-d9b1dfd23dfd,4
cc1a6c1b-31fe-497a-9236-8d7de3dc91f0,4
a7d8bb5a-16a2-4eb8-84cf-fd0f77124063,4
a91b2f1f-4d7d-4598-bbfa-6de9279871ba,2
a91b2f1f-4d7d-4598-bbfa-6de9279871ba,6
ff0cc0fb-8769-4b25-9525-27a2bf03a897,6
ff0cc0fb-8769-4b25-9525-27a2bf03a897,7
00f8051e-4428-406b-a698-17b92dd66450,6
f34de693-0e5d-45e4-9e3e-d35cf7a47754,6
2f0436be-a76f-454c-ae5b-f37ad1e8395d,7
571a781b-ff1b-43d6-847c-5ea414713f24,2
571a781b-ff1b-43d6-847c-5ea414713f24,7
a671a3bd-c833-4ca3-ba15-b591e9032b85,7
1b606638-fd37-495f-8754-a304f7026579,4
da35170f-93a3-4d39-bcec-524b1a4d2da5,4
6e4c6008-f412-465f-8ff5-90f2cecfac34,4
6e4c6008-f412-465f-8ff5-90f2cecfac34,8
0c7f7ff3-6fb4-4e81-9f7e-e0c106196996,4
0c7f7ff3-6fb4-4e81-9f7e-e0c106196996,7
1b1e07fc-e902-4796-bc3b-b9145b2f9284,4
1ba2a107-69f7-4a1f-800d-f5553c2f772b,4
1ba2a107-69f7-4a1f-800d-f5553c2f772b,7
6e3f58a6-ba00-42d3-811e-27f58479793b,6
6e3f58a6-ba00-42d3-811e-27f58479793b,7
fd03190e-75c1-4499-8900-8a6eb762742e,6
72ccdb52-7af3-4050-9815-a4ef676fb34c,1
d8c152f2-3cce-4617-9eec-e680a9283843,1
cba5b2e6-7122-4d3a-bd63-d322ab1a4d50,2
9eedcba2-e551-4a78-8ef1-123b66bb9ea3,2
1a3da6bb-9716-4ee6-ad44-940f9165d8fc,2
0c8440ad-0390-4231-8fdd-cf9acfba06ec,4
246029b5-dadf-48c1-af14-1f87797b1514,4
c305d871-c89b-4d87-90c4-3bd46408a944,1
32d76fea-96d5-42eb-ac44-f39654199548,1
32d76fea-96d5-42eb-ac44-f39654199548,7
57a14ddd-24aa-4b89-883e-a26659e71e60,2
57a14ddd-24aa-4b89-883e-a26659e71e60,8
e93f49bb-121a-41e2-8bbf-3fd740fc7ccf,2
e93f49bb-121a-41e2-8bbf-3fd740fc7ccf,8
d79e24cc-67ca-41b0-8631-e40f5153d6f7,2
6770ef8b-225b-496b-ac67-069804ef4c35,2
ce7e9c1a-cf29-4e4c-b89d-8a6e35da2fb6,2
f2c06586-4685-43a2-a0b8-356b208b51c1,4
dde80d3e-a3bb-4ab4-a829-48185e3b3ba0,3
dde80d3e-a3bb-4ab4-a829-48185e3b3ba0,8
f090736e-3f1a-4968-b867-b36635c48afc,6
f200dc2a-934d-4dbb-96ae-c3dab78acfbd,2
f200dc2a-934d-4dbb-96ae-c3dab78acfbd,6
a0e88bf6-a6a1-4ee7-99d5-c431c73bce2c,1
a0e88bf6-a6a1-4ee7-99d5-c431c73bce2c,8
f05db684-f543-4cca-8964-0526c66796a1,1
e5de0498-240e-4990-94b9-a503ddfaa4cd,1
53baf78d-d9e9-4a3f-b497-cb1d5f50d0e0,1
987ffe2e-a728-4ded-8902-15c1e8162da5,1
b1a06a31-0216-4906-aa8d-0f2ddc420c07,7
e0606f32-8187-4cbe-adce-0e3a8154b2b4,7
4d304876-03a0-46f4-87b7-14d57bb13539,8
28e5c4a8-2001-4d3e-aa6b-ff53f7d7cdb2,3
ef90bae0-65aa-4f07-a7c6-9940816c61ce,3
b3b1768e-276c-427c-9c33-d3e73778669f,7
f0cd0a2a-9226-4177-8fdd-bd5f35161829,7
f0cd0a2a-9226-4177-8fdd-bd5f35161829,8
e387b6e6-2a6c-4b87-83e8-0d4ca7a29f1c,4
1be28b85-e4c3-4340-b08d-3b12e51df0a7,4
533b21a0-a5f1-47a9-9850-02159efa8c44,4
9a525edc-3915-4215-a319-b2034e1ada7c,4
073eeb82-31c0-4249-969a-ce5afe203011,2
48bd6db1-6b52-49f4-9e7f-08c7610f8a31,2
48bd6db1-6b52-49f4-9e7f-08c7610f8a31,7
c4085afa-ba7b-4a2d-9002-8b4e4e135893,1
c4085afa-ba7b-4a2d-9002-8b4e4e135893,2
a4e209e8-f1a8-4d7f-854f-9a7fa36f08a6,2
46ed2ec1-a045-47bb-93bb-e076f4451336,2
46ed2ec1-a045-47bb-93bb-e076f4451336,5
f420843f-c830-458f-b6d0-d0f6bf824cc6,1
f420843f-c830-458f-b6d0-d0f6bf824cc6,5
6885fcc6-1fe2-423b-b0d9-cfbe025a0a9f,2
0369c2e5-9453-4c18-bb12-b615eff56e9a,2
eda3b83a-1416-4dc7-815b-51a666fce6c2,2
eda3b83a-1416-4dc7-815b-51a666fce6c2,7
e641aea8-d0aa-4486-90c3-7b2d3f11e8b2,2
e641aea8-d0aa-4486-90c3-7b2d3f11e8b2,8
8b8f79de-acd7-4f53-a4cb-ffd7ac54ba7d,5
7b8223b2-09aa-421f-a816-46d1d80c2696,3
ef87c8f0-abf3-454e-a0be-f9d214ced3c7,3
55221d3e-8566-4045-9c60-1eb186fcddd6,3
09a0b8ed-b2a6-4ac0-a6fd-66494727883d,3
2a618014-5281-4898-94f8-0f4c88c920d9,1
2a618014-5281-4898-94f8-0f4c88c920d9,3
4f6f3c3f-9501-4cba-bc8c-e29a19a09c2f,3
3e0eaaa1-f655-4c33-977a-e53527808732,7
d731e008-8722-43d9-aa72-75a075b4b5ef,7
5b440c00-5587-40a1-88ae-2e195e1abe9e,7
5b440c00-5587-40a1-88ae-2e195e1abe9e,8
656755a3-5432-443a-b3cc-30fd6a89942d,4
94e87bdf-fb2d-4783-859f-0bda03069a38,4
f005a307-ce80-4178-9e9e-372fb02bad60,4
f005a307-ce80-4178-9e9e-372fb02bad60,7
6aae2bd8-e3bb-46c4-bbd7-9f6b9b621f94,2
08868f29-539c-433c-b41a-cccf3883c56c,2
3221ac40-f64b-428d-9155-54397372e507,2
3221ac40-f64b-428d-9155-54397372e507,8
680d7778-53e8-4980-9b07-9f5619e3936d,7
ab6e2fd3-efaf-4f04-a82f-6bc27bb03a26,1
ab6e2fd3-efaf-4f04-a82f-6bc27bb03a26,7
2d322847-add0-44e5-8a37-fbee7e0f4837,7
2d322847-add0-44e5-8a37-fbee7e0f4837,8
f28de099-e53e-42ff-99d4-b18151db0f53,5
6ad0532b-8a2f-4516-848b-b56f950a3939,5
5e29570c-7462-4aa2-966e-c00d052f3f9b,5
d7e6780e-544f-4fc4-b4fe-cc36b34c9ebe,2
d7e6780e-544f-4fc4-b4fe-cc36b34c9ebe,5
7850acc1-2f87-4fd6-9a89-5c565fe7ed7e,5
7850acc1-2f87-4fd6-9a89-5c565fe7ed7e,8
09578f02-8287-4453-b22c-6e45dd2d5d85,7
622884c6-0e19-4b2e-8ee5-402074514c26,7
d0d66f36-58a9-4996-8282-8ec2a77f1da2,2
d0d66f36-58a9-4996-8282-8ec2a77f1da2,7
92644452-4130-42fe-9aab-f96373771110,7
9a3d8ed0-345c-42bc-9b1f-c69a6387c8d7,7
12d0359a-d32a-4867-b89b-5f6b065e61e6,7
dd917c0c-686a-4407-951d-7ae1003f7c34,7
2b57f605-d721-490d-91cc-ffdfd0432fd7,2
2b57f605-d721-490d-91cc-ffdfd0432fd7,7
03a21862-af8d-46f0-8969-38432dcdfcd7,7
b640cf02-8d78-4c2e-aeab-dcca64401002,7
a612f7ec-10f9-4f7d-9633-3eac687965a1,2
eeb419c3-709a-4d9a-a8e7-fd41d7c82c50,2
5e09e779-c65e-4d48-a17d-377a18a1bf90,3
061f324b-75f4-4602-a64a-2e67a0690ba6,3
3571ead4-a95f-4273-bfa0-129e7f4b95a4,3
7abbd1cb-76e7-41fc-b60b-7b471b6790c2,3
bb2ce785-d74d-4ede-97a9-fe4a71e7ee80,3
671ce76f-f59c-43e1-a73c-e9b79c4bec88,3
a91ecff0-55e0-44da-9175-0769491420f6,1
1dbde177-1cf3-42f6-88a6-ca6d53135ae7,1
485972c3-7e60-4228-8cc8-7093fe13703c,1
1cfe62c9-75eb-490f-81da-a8f4f6b03d97,4
9189c365-a702-4f4b-9c2c-a1a55691c66c,2
9189c365-a702-4f4b-9c2c-a1a55691c66c,4
e85c0f2c-da6b-4c59-9c75-adebaaba5d17,1
b62a2612-6abb-4a0a-9002-cfa4ecfcc525,1
b62a2612-6abb-4a0a-9002-cfa4ecfcc525,7
e6b9f1c2-7230-4f6c-9eb3-f15910d36056,5
a752a983-55b2-417e-a187-091fb4b75dbc,5
245dcf60-02d7-4602-a0fe-f70e730d0d04,5
b7c3977b-9104-4330-b8f1-35bf1b5660e9,5
4fedbda3-0b3c-42f2-a8d0-f527f30a0dd1,5
5f73ad44-6364-4003-a1be-69763a2b7439,3
2275ff16-09d5-46bd-8c0d-352d8d22589d,3
d144305e-4846-4555-baba-58a2e1605d12,2
d144305e-4846-4555-baba-58a2e1605d12,3
d88bcefe-fe94-49c2-83ca-6a8fa63aaba3,3
dda485b1-df8e-4e49-bc86-6636531cd75d,3
9982410d-840c-4a7d-9abd-4fd3d5495b8a,3
fbe00d5b-f503-4ef2-be7c-8961adbf2bd0,3
09bd3e0e-b961-4dbf-ad4e-bb2365735d75,7
4f45ed13-9fb6-4f3c-a138-59330ace6348,7
181763e8-a2aa-414b-81be-b16d411acb6e,7
60a370cb-ca82-4cbc-a507-55953c187634,4
1ec8e6ea-315a-400a-8ac7-58133d8e2257,3
91e2e1c9-1ee8-479f-be1c-b1c114230d26,6
037f0958-eb56-4dc9-a9a0-a8cc6dc9e891,6
7417aaf6-af89-4f88-b41b-fe37bb883a5c,2
9fa98eea-6694-4290-920d-24351a570f95,1
9fa98eea-6694-4290-920d-24351a570f95,7
c2b90ecf-def4-4264-a74c-5bb153963eee,4
0667743e-775b-4183-b7a5-6f3747153581,4
fe95c165-4e1c-4049-ac57-dfe9b2cbf3f6,1
2b6c16c5-dee5-44c8-b97f-4cc366d269e6,1
595a8d81-208d-4055-9028-6fcbef38283d,3
265b483e-35b2-466c-bc81-ec775ec1cccd,3
7bce2d11-a1b4-4c41-986a-9b51e650eab6,1
224cbe9f-0bd7-406a-a56d-07c53dfa764e,1
8146b10c-5aa3-4ed7-8b77-f8236785bd30,7
bb4a6b7a-0860-4b9e-bd01-1affe758d6b4,7
e78cb101-cd31-4fd3-8930-77380fde554f,7
e78cb101-cd31-4fd3-8930-77380fde554f,8
ab896160-da3f-4133-8e0e-5106aee58a4f,3
fa822b94-5159-4bf2-b359-40e865413713,1
fa822b94-5159-4bf2-b359-40e865413713,3
54684882-9be7-4acb-add9-1a6ba8402965,4
16468aa6-a916-4d69-8ad2-f531d024aa7b,4
e68dbfd5-70e9-4360-a1b6-9f60514db885,4
e68dbfd5-70e9-4360-a1b6-9f60514db885,7
853b9fe2-d7b8-4c03-aca5-82a999db2a0c,1
853b9fe2-d7b8-4c03-aca5-82a999db2a0c,4
b3ab773f-70af-476f-be1b-092566647f81,4
b3ab773f-70af-476f-be1b-092566647f81,7
c6afd4b0-1815-40bf-a1f9-413b68a18b28,2
c6afd4b0-1815-40bf-a1f9-413b68a18b28,4
974953f8-9c45-4a35-9962-bcd9b07186db,2
974953f8-9c45-4a35-9962-bcd9b07186db,4
92c2361b-be4f-441e-82c2-7778aab08b8e,4
d404f230-db02-441f-b9bc-00fab61cee5a,4
579d7bf2-f270-4601-8031-25dd7654c771,3
579d7bf2-f270-4601-8031-25dd7654c771,7
ca3b8a36-9257-4ed6-80a4-63a9927eb64c,3
6098d92d-8fa4-4082-80e1-626f7a9d3acb,6
c3ac8fdb-2992-4b6c-8d54-2170f85894e3,6
b6dda101-e4e3-4d96-9573-764fcecf5a45,2
cc5be49d-e5f6-4dd5-99ba-0436be834e30,2
740e6402-20c7-477b-bb46-9ca41135341a,2
aa608016-7e7a-454a-9f33-33054cca6cd2,2
44bcb280-0229-4f03-b4a0-aa327038f3f5,2
3da8ce9c-7327-4b9d-ad59-5dc6879aee28,2
73606f9c-7158-460e-9229-b6acbd63e585,2
73606f9c-7158-460e-9229-b6acbd63e585,7
fff524bb-0534-426c-b108-597955753217,2
1feff2ab-97b4-4476-aab2-ca333171dee7,2
8f3c1c55-4e5a-4d29-b34d-15a4f3a6d880,2
fa27d1b2-7d9a-43e7-9ff4-9a678be6721f,2
dc06bbdc-aeb1-4897-a22b-3bac90c06765,2
92b25300-4216-41c8-9b36-f3be096a580a,2
92b25300-4216-41c8-9b36-f3be096a580a,3
1151141e-28af-450f-a749-059cdc83b131,3
8253acf1-ab77-4d84-a5c3-e384e4f1db22,3
12ee48c9-a593-4428-9a40-2bc89eceb8a8,8
55ad535d-b157-4d3a-a3dd-469eb83589aa,8
2a1aeee1-77f5-48e0-b80f-07bd2cf6fab3,8
54eb5f43-9a1d-45b4-bfce-e16396b01e86,2
0dfd1ea8-4923-4118-9f1f-1059730a6e99,2
08762e95-14b6-4fed-b71f-17f0aaee292d,1
08762e95-14b6-4fed-b71f-17f0aaee292d,7
9645c641-f512-4e0f-b871-a978fff00526,1
882bf598-03b2-4726-a06c-b5f268268148,1
882bf598-03b2-4726-a06c-b5f268268148,7
6f081c94-0481-40ba-aa35-7ae8f04498aa,7
6f081c94-0481-40ba-aa35-7ae8f04498aa,8
40cee90e-58c3-4c48-8052-7d67bb640250,1
edece527-88b5-4002-988c-84ecb977d6ba,4
63ed5e78-205f-4e0c-ac25-f9b361dcf2a7,2
63ed5e78-205f-4e0c-ac25-f9b361dcf2a7,7
dab63b6a-a1b0-4055-8913-f80279161e6b,7
5166922e-f916-467b-9e30-3f92e4897093,2
87f28ea5-9516-4210-81fb-993c56e9c74f,2
ca1dc0b3-ff4b-4ee8-b88b-e863e7ff42cd,2
0731b4b0-7f2c-4d5b-8e9d-5129c03771d7,2
16b8d959-d7b9-47bb-bd19-9550b2d47a9b,1
16b8d959-d7b9-47bb-bd19-9550b2d47a9b,2
a6df0352-a571-4fd8-9e07-6145830fef60,1
a6df0352-a571-4fd8-9e07-6145830fef60,7
d02e13af-aa21-4679-9f12-7fd3b2c11ebb,2
d02e13af-aa21-4679-9f12-7fd3b2c11ebb,5
14c0fa81-f66a-4024-a43d-a6a7557748ba,5
55699345-6572-4b27-abf4-2912fc0d8aee,1
55699345-6572-4b27-abf4-2912fc0d8aee,5
4c58991b-1b33-4587-ab1f-6d365e5b0cbe,2
81a41d17-53bb-4d5d-ad05-9f650704d084,2
81a41d17-53bb-4d5d-ad05-9f650704d084,7
11a66877-81a8-4115-b1e9-4a342d07769d,2
11a66877-81a8-4115-b1e9-4a342d07769d,7
78452dcd-56e7-4399-b81e-c3f04fbe30a5,3
3d533605-7bc2-4130-863e-35cad83a2380,3
c380d6b5-ec22-41cb-8d41-7faeda8fdedd,1
0c493d54-7b52-4dab-be3e-3b4101e2115d,1
a0f1a00a-6ef9-44a3-8b05-94aa2fd920c0,3
a0f1a00a-6ef9-44a3-8b05-94aa2fd920c0,8
bc3cf04c-0d13-4b72-8ff2-7e79d935b992,6
fc73e3d9-72ff-4b48-b91b-f0900f3f8caf,6
fc73e3d9-72ff-4b48-b91b-f0900f3f8caf,7
7b203805-6a08-4269-a277-88256758089c,2
f68cf0c5-7ad2-4cd5-ae03-b57003deeb0c,2
53fc1765-cb55-4eb3-b4a8-972c4e0a517c,2
9e895274-046b-4b8c-baf1-c2eb725d0aa4,6
f3403ac3-73ef-497e-9008-66b91032cc84,2
f3403ac3-73ef-497e-9008-66b91032cc84,8
1bf494ee-c756-49fd-80e3-2afc9195d510,8
5469b88a-a783-45ce-a304-ed9f30210de7,3
01f5647c-d88e-487f-bed4-1741d7ebaeb6,3
7cbfac65-99cc-49f0-a011-ffc0fbc4a62a,6
3e324170-8d93-4f4d-b701-069b8d5320bd,6
0ae0709d-5387-476d-a46f-a41aa11b8163,3
e18652c3-ce45-4dca-ad5e-e6a0f44caf8d,3
e18652c3-ce45-4dca-ad5e-e6a0f44caf8d,8
cbe3e09c-f1b0-439d-8f0b-224b23006c6c,3
1e9f1125-1665-4b98-a16e-e964d86d5333,3
ae514722-ed63-420e-99f7-b5c8a3b250e8,1
ae514722-ed63-420e-99f7-b5c8a3b250e8,3
80af69b6-1f48-427b-b70b-b5826dfa119e,3
80af69b6-1f48-427b-b70b-b5826dfa119e,8
427291ac-f8ee-47e1-9ec0-56b97d5afcd7,1
427291ac-f8ee-47e1-9ec0-56b97d5afcd7,3
7a3000e1-5730-4cdd-8653-33942d45a35d,2
fa61dfbb-00b6-462b-9a2d-e16fa93ab754,2
fa61dfbb-00b6-462b-9a2d-e16fa93ab754,8
3f1a7b8a-fe91-4269-8ceb-35084aa80bf1,5
3f1a7b8a-fe91-4269-8ceb-35084aa80bf1,8
4c6a1d99-5948-448f-a206-420404eef9ac,2
4db43345-33de-4385-97d8-89129fdd0f85,2
cfbb0e3e-7efb-4ee3-b96d-8a956ccba575,2
28406c26-7147-469a-985b-b0c9c854b73d,5
f7eacd0f-f7e9-4938-8bfa-8ea94c745010,5
4d7890da-933b-4669-9327-375b04423238,2
4d7890da-933b-4669-9327-375b04423238,5
569fd4e6-ce84-4f95-aa92-9c0e5e6dc287,5
f87be10a-37b7-4a23-8065-1decc417603d,8
b9266319-2abf-4a79-b248-c4c4d448b859,2
b9266319-2abf-4a79-b248-c4c4d448b859,8
dc89ff61-7ea6-46be-9041-f5aa90d8b52f,7
dc89ff61-7ea6-46be-9041-f5aa90d8b52f,8
be99c12b-eeba-44fb-8bae-b7feae79dadf,8
02332bb2-e0c2-458f-aa28-53f8fb0fd026,8
07069a78-0253-4d81-a329-456f8a0fa8a3,7
48194989-00d3-4efa-bc4b-bb515b63bee2,2
48194989-00d3-4efa-bc4b-bb515b63bee2,7
06777405-28e6-46cd-9d20-f803432e2c34,7
b60afb5d-2825-4239-8758-dbcc89bfc9f2,1
b60afb5d-2825-4239-8758-dbcc89bfc9f2,7
731f1a08-8f21-4838-9e02-7fc158084d69,1
731f1a08-8f21-4838-9e02-7fc158084d69,2
beeb38cc-9400-4150-88f3-8edb72e3a8b4,1
b9c76977-280c-42a3-8228-a0c6520fec3a,2
cc825b21-4c2c-49ca-a351-c2b8c20b5b7f,2
d20a0964-b20b-4313-adb0-66ac40e818cd,2
d20a0964-b20b-4313-adb0-66ac40e818cd,7
49df3191-0467-4225-be4c-010cef439c6d,2
71882d14-53c3-45c6-990b-2aa222c1ea33,6
71882d14-53c3-45c6-990b-2aa222c1ea33,8
f4f0a511-3baf-4ffe-8ea5-30cd32e853f9,6
f4f0a511-3baf-4ffe-8ea5-30cd32e853f9,8
f6b867f6-e7b0-416b-836f-4d0947255eca,4
387b744f-44b8-4600-81a7-ce4d020718e6,4
1d0b7547-7856-49ea-ac5e-6fd790710d66,4
43ba7efa-fa60-4c54-8f1e-bf6964946c48,4
ebecd00c-66ce-45b5-9661-754ece23f16c,4
35cd1ad0-e736-4a98-ac14-1ee690f4a507,4
893e3951-01e2-4d2c-b272-7fe6e4730eb8,8
3f3634aa-7779-4069-878a-f144cf4ae394,8
8e8d4058-4f3e-431c-b571-a9aa4c3774e2,8
fff81432-fc5f-4f5d-a79f-b048bdd32ad4,1
d32c74e1-2231-4375-a84f-bddd57eb5a7d,1
d32c74e1-2231-4375-a84f-bddd57eb5a7d,8
441b7eee-e79a-4bc5-9487-7e803655c3c6,1
a3526b86-0c12-4f56-9f26-8372de0706ea,2
b0ba3a31-1e4d-4e62-a6c0-0ef0178d61cb,2
29fbf0a5-6148-4991-ab86-9bb3b53869e7,4
22591504-01fb-4365-ad07-3afaed038d16,3
6919fdf6-0b11-4267-8718-fa76fd7dedbd,3
6919fdf6-0b11-4267-8718-fa76fd7dedbd,7
bbb7c029-0509-40b1-9f75-719bbe4cdf10,1
a1e7eca0-f5b6-47c6-87b0-ba115241804a,1
251eae1f-9bb5-4b66-a22e-32f62e17f0f1,4
fafd7e77-cfca-4ae2-9dab-4060c12d0b0e,4
ea7d7a0f-1e93-4695-bc2b-de55e0b12fe0,1
ea7d7a0f-1e93-4695-bc2b-de55e0b12fe0,4
d550b692-10db-44ba-b0ae-bc1d60d351e3,4
026e4afd-0d33-43ba-9f37-abad43d3eecd,7
8e0cda62-cd56-49d6-993f-fd55f9736385,7
4d9780d3-e1a1-4728-bdc9-b86a1d89c2ad,8
11c68381-f41b-4302-8cac-9466c9f333b7,1
11c68381-f41b-4302-8cac-9466c9f333b7,7
50f8b595-7a92-4dae-8f9a-64c756b239ca,7
16110255-9d76-4dc0-be98-796eb11b4fda,7
a1d1071f-a5fb-406b-b1de-a4d316258e7c,1
5399612f-3d2e-4349-b4db-18c137e3690f,1
b1550a79-d76d-4fe7-a801-1f086b731968,7
f7fb6e97-d5ef-4cd6-a0e2-e083beff7e2c,7
44c0ad58-5272-402e-be0c-0e79a9ac3e28,7
69e12880-5c33-4da3-9d54-4ffbb53d5f8a,1
5e1021d1-025e-4de3-b0f4-99b89b9c808e,1
19ccf40c-fdc1-4e73-b2f2-44e5e4925009,7
ff9b5a02-196b-4d9f-8bf3-b61a642e5c5e,3
86690633-9ec0-4166-9c65-c1de11ae317e,3
ff06df23-527c-4ee9-9cd8-ad4787b02d43,3
84144cac-202e-446c-a4bb-def02d8c5d4d,3
dff3e441-6534-4748-956a-f5f30651e7e1,3
116a1836-1865-4050-a0b2-5795a7ce3df5,4
116a1836-1865-4050-a0b2-5795a7ce3df5,7
41a7c92d-881a-4007-86a2-3c2e73c247e4,4
c4229ad6-a024-4df3-91f8-78b1fc386299,4
c4229ad6-a024-4df3-91f8-78b1fc386299,7
5a4c2ae4-6914-4e73-b6bf-7a4174f8aa40,3
937330af-ab8a-46cd-a76d-363bb7f8b11b,3
caa838f4-4c9e-4a59-885b-ceb1e0bc5117,1
598ccdb2-79b1-4af7-bb45-63fdf2c2fe17,1
452a830c-cc52-4ccf-9036-8ab5d66a8feb,7
cc1291ac-5d72-43ba-ab3e-b1a406bd5c40,7
39c48131-5065-4155-b331-76bde2e653fd,7
04a0bcda-cf50-4e6a-9dd1-dd83d1d79378,2
5b7be25d-6890-41a5-a9de-8cca3777e545,2
e35e6cdd-ddf7-4147-8343-4daf9246e12a,5
72b24da3-f65f-481f-933e-fe331eda55ab,5
a438944b-e9b0-484a-8cea-195d98d36c80,2
aa77af32-ee5c-4494-9e65-eb93f557c774,2
c1591924-a7b5-4d4e-a0eb-de5fafc5cb69,2
c1591924-a7b5-4d4e-a0eb-de5fafc5cb69,8
6fc7e6da-d65d-4318-9f15-e83cb35e21d1,2
f89bb856-9ec9-4727-947e-b06a6eb18e3b,2
1647d647-6bf0-4378-bb26-da95b8937915,2
018cbb94-2fb5-4283-ab84-2116f1c5b9e3,1
43996439-5c46-437d-8ffc-ee1740bc7cf5,7
08c0f32d-204d-43c0-866c-dc10499eb83b,7
e5acfcc4-1fdc-4d34-a57c-2c94f76e19f2,4
e5acfcc4-1fdc-4d34-a57c-2c94f76e19f2,7
49875fd3-2ef0-45e1-8e58-9869f3413619,4
00a01e80-ede7-451a-bbf6-651048877dc9,7
541247bd-a5a0-4c0c-9fcc-8fbba3bd063e,4
541247bd-a5a0-4c0c-9fcc-8fbba3bd063e,7
cef20943-fc57-454c-b02e-38202c90d571,4
cef20943-fc57-454c-b02e-38202c90d571,7
dbff4d07-d757-4c6a-bbe8-61c8f9c463aa,1
dbff4d07-d757-4c6a-bbe8-61c8f9c463aa,4
b4de680f-ac6a-49b0-9db3-a822e74aa4b2,4
03c374fd-1f0a-4b1a-980a-0af2689db4f1,4
8a33f053-f7ac-453b-bc1f-49dc329050b4,1
d199fd02-8541-4a36-be11-7352d09e1853,2
39844f04-8f9f-42cd-bac1-4c1731e7302c,3
39844f04-8f9f-42cd-bac1-4c1731e7302c,8
d4b506dd-7e6d-41fc-af25-7311c7e8c8b4,3
9ee5a71d-0bc8-4264-820b-a992ccfd4436,3
4c4410f7-c455-4d53-9052-19cf9a5be696,1
f452fba4-fe77-4ab0-b039-5d3c20844686,1
3fb3cba6-3494-462d-b42f-282c8a8aa16a,1
0dcfd162-6c5c-4974-b524-3f8d18ff0881,1
87db1d98-f8d1-4a01-94a5-81eea7aeb1d4,2
e1fe8052-00d4-42e3-ad69-0d0a0b4bb53d,2
237191ee-542f-4f9c-b325-0d925eae79d1,2
8efb4a6c-c242-4e09-824b-f6fd3e813f56,1
c0015fd1-35d2-419f-a445-4a90b9c5743f,1
c0015fd1-35d2-419f-a445-4a90b9c5743f,7
85a246b4-3c83-4dd0-96fe-cd78550ebf13,1
aeacc5ca-f9b0-4449-921c-025cfc18f79b,1
494a6dcb-bad8-4d14-8c16-3a92eaad9b7d,1
ab290ccf-50f6-4fa3-adc8-a77fbc0aecfd,5
c9fd13d5-c050-4842-b0e5-cdd3764c93a0,1
c9fd13d5-c050-4842-b0e5-cdd3764c93a0,5
b1b46dc6-58a7-43e6-9c22-43147424c4bf,5
6cc249bc-3847-4b8f-9d6f-938910120146,4
398a4eb9-b091-41ce-b0d6-2e1211eeb5f7,4
398a4eb9-b091-41ce-b0d6-2e1211eeb5f7,7
2a71d0fa-810d-485d-a358-0b67cc0927bf,7
d293b144-b5b1-4e75-bef9-18f1144c8c63,7
f32c7595-8d5d-4ab6-ae4d-fc7c1c902f45,3
76360e99-6e50-499c-a612-edaddb0f54a4,2
76360e99-6e50-499c-a612-edaddb0f54a4,3
7ae16a96-a296-4847-951c-80739a633ea6,1
7ae16a96-a296-4847-951c-80739a633ea6,7
d72df5bb-8c14-4ead-bf44-eb28230e7ffa,7
d16cdab2-308c-4be3-8fa3-40ee1d1e93c1,7
07032310-3800-41ec-a4be-abfe08736480,2
07032310-3800-41ec-a4be-abfe08736480,7
f58a9c62-688f-4228-a27f-85f27c3de619,1
5fc28e3d-349d-4020-8177-ecc09b88a597,6
a64162c9-853e-4acb-8a9a-6dc0dcda6f28,6
64f86ea6-f9b7-4bee-b0e7-2daba2d302f8,6
95d9c381-e48a-4884-af8d-10c6b61d677f,7
a37d0629-2e6f-4d4b-88d7-2d3089d3da85,3
0dd8d9f9-31a0-4cd0-b0e0-b5aca3abeadd,1
fd853fd2-beb4-4067-b0c5-340ab71f891e,1
7eb1805e-cefd-457f-8517-6bc10e5b4b7b,2
7eb1805e-cefd-457f-8517-6bc10e5b4b7b,8
37ee9d0a-2452-42ff-9f3a-efd334f94637,2
7f62bfa6-5f36-4962-b0b8-bb80c0bf9fd3,2
51aa3ff6-3b3d-48bc-aa75-8ce91c74cbb2,2
da993d5b-040a-4692-bc5d-aa4ce7621e28,2
56e3c91e-28c5-4108-876d-693f0f3f2919,2
3727ef7a-cbf0-4100-926e-3c6dd8cd41ff,2
3727ef7a-cbf0-4100-926e-3c6dd8cd41ff,8
5a78801b-4827-46cc-ae7c-804a95d39398,7
d4d1fb71-52e1-43cd-be5e-84ad271a4fd5,7
1856f37b-e280-4147-826c-a36b7c8d791b,7
5dedf759-4d4d-441b-8062-3792814305f1,7
bc2780f5-33ca-4c3c-af64-d5a67a73e0fd,3
7ef47ff8-50bb-4257-9e29-cca31de65efb,3
e5c702ab-e459-43a9-88fc-cac9ea9f918d,1
e5c702ab-e459-43a9-88fc-cac9ea9f918d,3
812cd397-c66b-446e-b198-58d9077b6a39,2
812cd397-c66b-446e-b198-58d9077b6a39,3
1d64e91e-be7d-4238-bd75-13b2c6f80910,4
43d1bcee-f732-46ad-8305-47629fd131f0,4
f1555c40-e779-44e0-8ba0-59a7d2d32a09,4
48ab10d5-e38c-4f78-bbfa-6d08ae29ae0d,1
48ab10d5-e38c-4f78-bbfa-6d08ae29ae0d,4
bc72e001-fc62-4f05-a836-091c4045d48a,4
d492ed8a-363b-4307-921b-1418f20ee9e8,4
d492ed8a-363b-4307-921b-1418f20ee9e8,8
77f65176-dcfc-438c-8098-a6742db21ec7,4
77f65176-dcfc-438c-8098-a6742db21ec7,8
6716c47f-5e2a-4fe9-bad5-e43f8d81b681,4
9f88de31-d1cd-467a-a92d-8857458741e0,4
28c03100-333c-4dc8-8348-620c9600b67f,4
35c7330d-e3fb-41c6-8d25-74152d72c29e,4
af936297-aa14-4fa0-b2b7-dde099539a16,4
af936297-aa14-4fa0-b2b7-dde099539a16,8
615ca4b2-0b3d-4cf9-a0c0-706cf8d64269,4
55c25513-c6ac-4236-940e-e86b935ff005,4
dbdd8f91-5d7b-401f-a251-c5b911b15966,4
dbdd8f91-5d7b-401f-a251-c5b911b15966,8
b606e8f2-5f59-4d6a-ad3d-6d33021c9d71,4
8de44a72-4ae3-4f6b-b0a0-26bd3522d503,4
b8cab043-7b59-4b74-be9b-100886455538,1
92fab34b-2061-439c-a5ec-ed59f80e5ccd,1
3b19ca0a-0782-4bfe-9021-65084431c6b4,4
17c5ad3a-111c-42de-b0c3-bb59b7bc9cd0,2
17c5ad3a-111c-42de-b0c3-bb59b7bc9cd0,8
f4c74117-8d63-4453-b983-98c901ebcd1a,2
f27c378a-6571-4c0f-9ccf-e3d69c7ebb22,2
f27c378a-6571-4c0f-9ccf-e3d69c7ebb22,7
0cf0cbdf-08ee-4fa3-8922-8922512c18da,2
260cd16b-f633-4acb-b34c-d942cf6326a8,2
34a72543-2be3-4585-90de-eb2792f721eb,1
34a72543-2be3-4585-90de-eb2792f721eb,3
eac0e8ef-17c8-47da-9658-931c963b8a8e,5
eac0e8ef-17c8-47da-9658-931c963b8a8e,7
ff5f3333-7194-4f4f-a6cf-0a5c1866ea64,1
ff5f3333-7194-4f4f-a6cf-0a5c1866ea64,5
3653c902-a0d3-41f6-95d6-dec4d220b2eb,6
5b235b0b-1f30-4495-9784-76ab42fc0ac7,6
5b235b0b-1f30-4495-9784-76ab42fc0ac7,7
9704521e-e121-4fae-8188-7146a5af8e4d,5
db292171-e759-4bdd-99ae-3d1ff3ba6d8a,7
2d310463-f926-4b01-9e86-c792600a56f8,7
a72742b7-bc93-49a2-a508-fd7589bfa274,7
62950252-bfd8-4003-b04c-3da7a05fd823,1
a616df35-ba5b-4736-901e-015df0fc4269,1
a616df35-ba5b-4736-901e-015df0fc4269,7
040c561d-5ae2-4e65-9ef5-6a197c2ddc3a,1
72a4d514-6d63-416d-be42-d4e197bec3e6,1
3255ecf0-92c3-41fd-856d-b9e508682eaa,1
ad157026-86fe-419c-a7b1-cf32f91fa0ba,8
47413336-9ab9-4421-972c-02ac806f9a05,8
8b6b19d6-7a91-471a-ba04-34119c0af911,3
8b6b19d6-7a91-471a-ba04-34119c0af911,7
168d076a-8279-4685-8430-68d814f75e8e,3
0d3df7bd-b92b-4a06-a383-f472e7e84dee,3
0d3df7bd-b92b-4a06-a383-f472e7e84dee,8
22234fc1-2883-401a-b4cf-9e6fce3a9020,3
34078af3-ced7-403a-956b-bab95313ee1e,3
34078af3-ced7-403a-956b-bab95313ee1e,8
acfa079e-cee7-4fa1-975d-2359a155b9f5,3
89e9f92f-de34-4b2c-9d11-bcee029ef538,1
1e8449b0-ff0d-4304-bd5f-9d66649f6043,1
1e8449b0-ff0d-4304-bd5f-9d66649f6043,7
9c709421-39df-483a-9af3-8093a84a2f77,7
60ee9acc-4a88-46a1-a51b-eea7755c7b26,7
fd5645b0-b847-4e7a-bec4-3d69a1d61152,7
38b5ad95-bbae-4152-880f-154773fb6d8b,7
67c0e7aa-d147-4d4c-bcf5-abf51929783e,6
5686babf-5b1c-4f31-938f-ad0d9ae650b6,6
5686babf-5b1c-4f31-938f-ad0d9ae650b6,7
c20529c1-fa30-4ace-b622-d1286f982a87,6
158da17b-70a6-4264-b690-5ff053fef3b8,6
69fcafed-9a52-4a1d-8ff5-b4ae0d9db07e,6
219a1736-2478-4d79-8a7f-863ddabe171f,7
4bd62a3d-b28e-4ad1-9d18-9b349c405724,7
19ed3722-86b7-41cc-a5a6-69a3fa227a7f,1
19ed3722-86b7-41cc-a5a6-69a3fa227a7f,8
e9d12057-2768-496d-b878-fc22c899cbf1,1
4c6d822f-0070-441f-b419-06ce5284f670,1
ea34ffc0-9163-4033-8896-41263b2017a0,1
3109bdaa-0e46-442e-b1ef-9573d3ca77f7,1
6d569192-cbf1-42ed-b6c7-894b4159111d,1
6d569192-cbf1-42ed-b6c7-894b4159111d,7
61c53a76-06c9-4f85-9b9d-ab9da43c2eca,1
8c5b7d67-ccda-4b63-a70c-de857ebaa4ec,1
7dbc80ca-18f1-4790-b306-1b0744da2f8a,1
d4c1c2c1-cff4-4518-b884-d54777b8973c,3
ec24e49a-2b60-4ad2-ba7a-f4a982d019c3,6
4a097247-228c-468c-bb53-c94c1f0f4d87,2
bb0ee61e-9b30-4204-8da2-a5a85e93683e,2
bb0ee61e-9b30-4204-8da2-a5a85e93683e,7
75000c40-1081-4ed5-bf56-6e2abef993d4,7
75000c40-1081-4ed5-bf56-6e2abef993d4,8
f9cb02de-eb6e-4608-848d-7a5bd01d8d53,7
05b0db1d-8b54-4154-ba52-ddcadad85761,7
9f9e12c9-5cdb-4d19-8b70-9176865f2c05,2
9f9e12c9-5cdb-4d19-8b70-9176865f2c05,7
77d5ab4b-6a44-4545-b481-715b136941d3,1
77d5ab4b-6a44-4545-b481-715b136941d3,7
f27e3530-530a-4688-98eb-e8a7b482e5ac,7
293e04bd-5a6a-445f-be9c-35f69a617991,7
7786b109-920a-4d68-9d6f-0937d2e8addb,7
84b0ff08-b30a-4ff4-b9e4-cc4396b6134f,4
84b0ff08-b30a-4ff4-b9e4-cc4396b6134f,7
937143e9-086b-4eb8-970f-405fda1f2863,4
1d3fd3e3-bd38-437b-be5d-2ae11f71dc80,4
c7333209-6978-4062-816b-2624e73c292b,4
c7333209-6978-4062-816b-2624e73c292b,7
bc0d4cd4-abd4-4237-a654-8494b61130af,4
bc0d4cd4-abd4-4237-a654-8494b61130af,7
278fc8e1-8d8e-4327-b0d1-1fff9b1c8a9e,8
71e60745-633b-488c-abc8-cceef92eefdc,8
8a9fe4af-6a3b-4c9c-8914-5f73e4e5e179,7
8a9fe4af-6a3b-4c9c-8914-5f73e4e5e179,8
feac2775-4a0b-420d-adc8-9f036ee51aa6,1
e160afc0-16bc-48c8-9f26-4e1dcbb8977e,1
f5b2d2ec-bb36-4777-a995-cb815b785972,1
27217bb2-97c7-498e-a3af-32e0c8ed7096,1
27217bb2-97c7-498e-a3af-32e0c8ed7096,6
89eae177-81a6-4891-bfad-3e52263cbf42,2
89eae177-81a6-4891-bfad-3e52263cbf42,6
ff9794aa-ca74-41cc-9678-b126c90c67ae,1
6cba6602-5e28-4d8e-82c1-eb3731f757fc,7
4c676891-eac7-4814-92d3-b0387ba908eb,7
55291697-394e-48c6-9593-d797e3ae17d9,7
841b506f-fea2-4e69-ad75-7f7b73945b70,5
f718f01d-0093-4847-b39a-8011f6abe3d1,5
d5cbf228-ea66-41c9-88e3-fff8a5d14cf9,5
8130c031-19b5-4c82-86ec-4e3397c130bc,5
df86ba9f-0bb0-46b1-a417-ab9c420e289a,5
3406dcc1-f0b7-417b-b80f-6a39c3df3672,5
3587ef85-eeab-4d30-a0ba-2d210a12fc6e,3
3587ef85-eeab-4d30-a0ba-2d210a12fc6e,7
07fdf58c-83cd-4866-a7e1-6be26caa02a5,3
14b9fec7-5f35-460f-aeb9-d369c3db96cb,3
04d052a4-4ed8-4d56-8747-ec83b6255c49,7
6b98530d-f1de-422f-9c2b-6835fde6e63b,7
376f87d7-c4da-41ab-bbac-ff02e45f6078,7
15457f61-3504-4111-9a8f-4c1d43ab3f42,6
d98f072a-067e-41a3-815b-86b9f4066fcc,2
d98f072a-067e-41a3-815b-86b9f4066fcc,6
b12a3594-abc6-4171-89e5-ce9034dd8be3,4
2dc21a47-ca2a-4df9-affb-e4b3d5e61da4,4
f49896d1-dbc5-43c9-bcf2-97034c3cc31e,1
11a5cea9-54c5-46e0-a417-f59cc68bac85,1
4af0c12d-4c22-47a4-a4ca-7bbe43aa07a7,1
88fe5392-ea7d-416c-a521-ea2cb45e8a42,8
bdab82ce-2fd3-4c90-af0f-bc1b6a276303,8
44145f48-1f66-4567-aa06-c62eca5249ce,3
5d95af10-a940-4ace-819d-e87c5ae4ca49,3
4f173999-7dbf-499e-aa33-a49b31cb5423,2
4f173999-7dbf-499e-aa33-a49b31cb5423,3
7c1f08c3-6040-4e36-b158-5c68d0e256c2,1
7c1f08c3-6040-4e36-b158-5c68d0e256c2,2
d69878c1-450d-4580-a007-6d8884151e91,1
b022f19a-755d-4213-abca-90bb282a94dc,1
b022f19a-755d-4213-abca-90bb282a94dc,7
ed18d041-f616-40ef-9a85-a5aaca7f2ae4,1
a9a3617d-2b22-4fe3-b5d1-c196daa4216e,4
fa5667d5-80ab-4b0b-a7ab-66446f97b03a,2
fa5667d5-80ab-4b0b-a7ab-66446f97b03a,4
723300ad-66a9-4ad6-9ff7-5389a11a8b11,2
723300ad-66a9-4ad6-9ff7-5389a11a8b11,4
70ea7b08-cac5-4781-9322-6101b080d193,4
b282f3cb-0f1e-454a-bcc0-6bd1e58e2956,1
b282f3cb-0f1e-454a-bcc0-6bd1e58e2956,4
c008e151-f7e0-4870-bbc0-5fd657eb225c,4
1684f9ce-d683-4165-a419-d06091bb7109,4
35eb7489-cdac-4cec-a097-be943c017cfb,6
1fbdc9c6-e3f7-4bd5-bb8b-404a3ddeca0d,6
f12365e5-e22a-4396-a420-9839ac14e2d4,6
b3ec468c-96a6-477e-bc10-3722dd33a115,7
cfab1246-d43e-49f1-a87f-11c8972bb5a2,7
3ba10a9a-4c80-4a66-8802-fdc601190bb5,1
3ba10a9a-4c80-4a66-8802-fdc601190bb5,7
e33c738a-1988-4144-b5c8-3933945c16a5,7
fa6c9d7f-8033-4464-809e-004f1bc1fd9a,7
8edde679-c545-43b1-b104-0dabbfdbab45,2
8edde679-c545-43b1-b104-0dabbfdbab45,7
87d13f61-a8c8-4ffb-9b67-8fdcaf80f2b5,6
bee5cfda-2d31-42e4-aad5-4f4d6d5ebb13,6
6d57a3f8-aaec-49f8-9d1a-6f1d104282c4,7
d31905d8-ba1a-48a7-a390-c199767e5097,4
264f036b-4dd6-4546-add6-c043d9e9440b,4
a1c7733e-77a3-41c3-ace0-5d295c10e05c,5
a1c7733e-77a3-41c3-ace0-5d295c10e05c,7
564a02a9-27c3-47af-9712-97f446556c5b,5
59aff6f9-1f7b-45fe-b776-fcd8978210b6,5
4f12acf0-3c74-4b06-9627-0c9b92d73d73,2
4bd6503f-bb04-437c-b580-67c53a60d0ca,2
19627d85-34bf-4518-b60c-bba5d821ceac,1
847a0d44-ec88-4918-863b-6f5eb6e4bc6c,1
d0284878-32c9-4937-bc0d-69eb653b2837,7
22780ebe-d583-423d-82ed-6682a63964fe,7
7e53a14f-d166-412e-8976-e30f5c986710,7
646cf6f2-6a1f-4af9-906d-7eedaf09632e,6
6f24a754-57ee-4d2b-aca8-caaa9f42eb79,1
6f24a754-57ee-4d2b-aca8-caaa9f42eb79,6
8f80bb7f-ccda-4cea-86b4-fae772547994,4
37610fad-f1ad-4ec1-9f36-418cd01db22b,1
4ae934df-3831-4236-8b99-fabb3d2be47f,1
3774e5f4-dd2a-4a3c-b1ab-10dc9b6e23b1,1
8a6f6220-5a9e-444d-8a8d-5644dbde4884,1
9eded312-70b2-4019-8375-e8df304bf5ef,1
acc5936f-ee7e-4472-8f11-e09b7b6caee3,1
688a3915-9bde-41ef-a954-51b7d6be3d98,1
8767534a-c6f5-4f4a-b74f-b82b0146ddb6,1
cf01d606-30ad-476b-adfa-823bbd267931,1
d2865b6b-2996-48e9-9498-fab7329f3c06,1
80c854c0-d434-4ce8-911f-4b21f839e915,7
4d30dd45-83f4-49f7-bffb-3af495988595,7
b2233c56-0fdd-4cbf-a8b1-f0880a8bf553,8
9f1e3010-3221-4b40-95d4-31c814ae2781,8
bf9570ed-8352-477a-8e96-bc383d81c1f0,1
75b1486a-8953-4258-9793-4d5b7b821a3b,1
c373afc8-16ab-4481-a55d-78cbdf745087,1
a69edbb7-244e-475e-8169-464b989a8f7d,5
2652e5fd-efb7-445c-bf34-7531b7427fc5,2
f5e185e9-46bd-463d-af62-16353ffa3219,7
304afd04-e1b0-46f1-ba35-e9fcabaa24dd,7
dd4450e5-9987-4c81-b9c6-49aee7cfc17e,2
dd4450e5-9987-4c81-b9c6-49aee7cfc17e,7
d7930383-95cd-437f-be93-c4588a2acd7a,2
fcc04bac-52b6-4847-a288-aa5a5a4bbc44,2
707d6339-8b05-4f15-b9a6-a78be24176dd,7
745e1031-c7ae-45fa-b2b0-e7fe02cd2775,7
e7adad94-6b9e-4946-a951-428b5ff60c84,1
e7adad94-6b9e-4946-a951-428b5ff60c84,8
1e2e7e06-ee4a-42dd-825a-ad0ba62a256f,6
9aade419-ecd1-469a-9375-b35d7c1f138f,6
90a60190-7794-4e2f-b255-5ff6a756be4f,6
d5ca51fe-3def-4cb3-8a2c-ef4f4026ad9f,1
10b3673a-ef05-4f90-a869-bd758b4237d9,1
10b3673a-ef05-4f90-a869-bd758b4237d9,2
2c856b34-8f4d-4968-954f-97051067ca53,7
d43c25c7-4ccb-49f6-bc73-65f9a4fa5b4a,7
7b56444d-5e56-43b9-b738-92c4893d31ff,1
c7ab1826-d15b-48f7-9a43-0708cf8feb77,1
c7ab1826-d15b-48f7-9a43-0708cf8feb77,2
fe2e90de-83dc-4a62-82d8-3b5909b3bb2e,1
2dfd3bd2-77fb-4402-af81-cb0196138c41,1
1e7fcfe9-69cf-4382-97f9-a63fe84ed991,7
f5a41572-cfd3-4866-b210-c7fedfab68f2,7
6113890e-e176-4a62-8825-b7f18f2ee4de,7
dc1db757-e7ea-413a-8cf1-b17b45951f6b,7
e5a7dbe2-234c-4e6c-8d3f-228eeea458a5,7
94c16c49-285c-49f6-99bf-0143bb0076d6,7
c4578f51-d32c-4eb8-a021-3c8ce5a0a46a,7
ebda5959-5851-4443-be5b-1045e79d40a8,7
67599560-9ed5-46a2-94da-ff1cf5fad16e,7
0eaf868d-58ba-4ba1-8475-99c2c24dedec,7
e1ad8ad5-386c-4ad0-a857-bc1ba0240f79,7
862508bb-296b-4a51-a435-6fa83f4a51b5,7
d34865da-70fb-4698-b3c3-ae9376e69030,7
7b0d4a49-55e7-4990-ac44-cc290130e1dc,7
5a29950d-6e33-4c37-ae80-dab5e2259098,2
5a29950d-6e33-4c37-ae80-dab5e2259098,7
1f2ae4c9-f8f1-46e8-b640-2e97682d93a2,1
ab2d0e3e-8ce9-4a85-a04b-c7ad38899281,1
ab2d0e3e-8ce9-4a85-a04b-c7ad38899281,2
8977b8ff-7298-4424-b2a0-52425632308a,1
8977b8ff-7298-4424-b2a0-52425632308a,2
7600f239-2de4-478f-b60e-c0f0e6457ac0,1
412566d4-9e53-4449-b388-0cafaddd76cf,2
dd696851-8e6c-43ca-b9a9-f8955a7ea2dd,2
dd696851-8e6c-43ca-b9a9-f8955a7ea2dd,8
d0a97600-1951-432f-b2ba-7b9cef72cdc3,2
d0a97600-1951-432f-b2ba-7b9cef72cdc3,8
95ab5ca2-0e8b-486d-8dd2-15e3cc168f23,2
95ab5ca2-0e8b-486d-8dd2-15e3cc168f23,8
7028a804-97f7-4616-b656-94d484d58afd,3
4f141cb4-b1c7-4794-9ba2-63a9e852dbe4,3
98fefe7a-b913-40f6-a67a-d3c3c2ca14ee,3
e3e97ba5-5b2c-4a84-a008-a977c9c6da29,3
c06f657e-9369-4022-8532-17d8080a348b,3
043beae7-f942-46a2-8f93-7f871832ccbb,3
f39542f5-9c45-499d-ac3d-5ac59943de90,4
85bbea19-c002-4df1-a98e-69e6789bc307,4
c2171b12-bc68-492d-86b3-7e080f7cbc61,4
c2171b12-bc68-492d-86b3-7e080f7cbc61,7
edc76b4f-ddd4-45bf-bed6-57ed04a533f0,7
c9e5cd21-f205-496b-a22e-9b8a035f00a9,7
bc1339bc-b1df-461b-b424-ce44f555fde1,7
c2e612e2-c3db-4e95-9ea1-6437ce28daec,7
73ce4d60-f704-4e95-9ee8-7ff4932cb8fd,5
af25e403-5fb9-4d14-802f-8c9c8fcf3b92,1
af25e403-5fb9-4d14-802f-8c9c8fcf3b92,5
1cfb8f0e-ce30-4d23-b6e2-646308905836,5
1cfb8f0e-ce30-4d23-b6e2-646308905836,7
db3f2345-ea38-4b33-837e-95ec93397a02,7
e1ccc52a-b6e9-4238-842c-462a2b06d40c,7
f0515669-83ed-4733-ab24-95a0d0afb4e1,7
ca75188f-6bba-4e88-9e33-46db4d143abd,2
ca75188f-6bba-4e88-9e33-46db4d143abd,4
e133170e-ce9d-4c42-a6bc-c49a5385b6e1,4
c6c55af6-1312-40f1-8bf5-aa74261db8d5,4
6a38b5cd-a4e7-4db8-bc64-d6f36a4fedd7,4
bd95b6c4-d639-4851-8e51-c2333e47a6be,4
70957d02-81b8-4027-9773-f0db55181f28,2
70957d02-81b8-4027-9773-f0db55181f28,4
322a4ee2-b2ca-4550-b054-353b2636e23e,4
2ee3e6ca-b5f8-4ed0-85a0-0b6dc53931d9,1
2ee3e6ca-b5f8-4ed0-85a0-0b6dc53931d9,2
83f05356-e21c-4803-8d7d-d19b2e1a95a9,1
83f05356-e21c-4803-8d7d-d19b2e1a95a9,7
f63229f2-a30c-4ede-b3b9-3c7c841727ad,2
f63229f2-a30c-4ede-b3b9-3c7c841727ad,7
058b230a-a4c2-4de1-864f-cfaec4f41ae9,2
058b230a-a4c2-4de1-864f-cfaec4f41ae9,7
8013ceb2-3f38-4db1-b60b-727b678fd26e,2
3f7fa79e-e909-4e2d-8c84-92035e397a7f,2
52fa1f6d-3401-43b1-84e5-9e8af8de5fca,1
954ef440-f904-4bc5-9e39-68d41fd91c72,1
8866dbdc-4fc4-4485-b35a-2d97d5a015d0,7
08444d0c-aca3-4ff5-9a94-050d82e0336e,7
08444d0c-aca3-4ff5-9a94-050d82e0336e,8
8e1a8e33-721c-4a3f-a86d-590bcb670b31,6
8e1a8e33-721c-4a3f-a86d-590bcb670b31,8
6bc7165c-4a72-4ef5-878b-d84e07542f88,6
070883d9-0401-4cd9-a650-3a55e714259a,2
894ebb2d-a907-4527-954e-e4e3de247374,1
894ebb2d-a907-4527-954e-e4e3de247374,2
25a36b78-c133-41b0-b8a0-48a6c97ebdb1,2
25a36b78-c133-41b0-b8a0-48a6c97ebdb1,4
efe1de20-a9dc-4686-b303-e8f8da163fbd,4
efe1de20-a9dc-4686-b303-e8f8da163fbd,8
11b4279b-1b96-4cb9-b9ad-8ff7e07c1530,1
7f73b15b-1d7f-4ea9-8a15-363f168aca19,7
2e1f42e6-eca8-4dc1-89f3-f96bc3cff482,7
c475efaa-f2fe-4c46-a208-3c708de014e9,7
0523e950-995f-4781-9554-228119450c68,4
3ae830d5-57c0-4d02-afa2-679da4bd702e,4
f2fdfb5d-982a-4abf-a97c-a42e9ca18e1e,2
229e4f4c-97a0-48a3-84c4-d0284a3e96da,3
cd5fb8c5-5bca-405d-89f8-9ec4053d9c11,2
d1507ef4-0d08-4925-a885-6ae4d2d98f8a,2
886e1448-2f41-4733-87dc-d447a4f8ac92,2
886e1448-2f41-4733-87dc-d447a4f8ac92,7
0bdd7a73-879c-4c68-8a24-2174311ae5e0,2
4bd9fb60-89d8-4616-8a5b-19c552e49034,2
ffaa0c69-6cc7-4a2c-9439-87449967e8a4,2
63530762-71de-4c03-94d9-299dbe229753,1
63530762-71de-4c03-94d9-299dbe229753,2
a48bc184-521b-4b64-b45f-fd357be6af0e,2
37bc1a4f-7f7e-47c7-a76c-687fecbea296,2
be6fb613-07e2-41e0-9d4f-e12f64b54522,2
7c8d4edf-3830-4463-ba6c-692815ccadcc,2
882c4829-019a-48d8-8bfc-24d7132edcda,2
56d9d8fe-a136-4010-8bf4-3f7556e9b61c,3
38da396d-de8e-4955-be39-81668e0beb90,3
558633e9-d8fc-494f-9240-5eb78cadbd95,3
1b9834d9-1001-4a93-ad17-16b6969b0112,7
d2f8afe2-9667-44f7-b9ce-f2edeae3fbbf,1
d2f8afe2-9667-44f7-b9ce-f2edeae3fbbf,7
3b3ab573-1f04-42c3-9cd4-d9f7e2994508,7
ef96598c-22af-4d9e-a52e-4eac54761ba5,7
446b9de8-3561-4719-87bc-7ec1e075b6c7,7
fd9d9ab4-af1d-4708-bb09-3897212d5dcc,1
fd9d9ab4-af1d-4708-bb09-3897212d5dcc,2
c766f78f-8ce9-462e-9ad2-f651af0eb2ee,2
cc02b7f0-c8f3-4eff-a6dd-ad988c4c3abd,7
49845f6e-fdb9-4632-abc0-94b712d7073a,7
88a3e4ff-39ff-4606-9b0c-08bef6eb3ec2,7
e206a584-fb11-4156-9162-fe5bb7de3935,1
e206a584-fb11-4156-9162-fe5bb7de3935,2
b4c5246f-8bfa-4a68-b78f-4d5263671e49,2
feab163f-6a35-4eac-85a5-fb4799168793,5
8c0c94c9-6d18-4436-bb79-5a5380598e46,5
d66f97c3-8573-4612-b0f2-a32818f2ed92,3
152ce5e3-41e3-4efb-94e9-3655f77ee6ab,3
9d9e8af9-9056-4297-be51-676763fe2262,3
5f31afd5-787c-4ecb-ab16-e1558daccb7b,1
e787c0d1-78e9-4b72-9f5d-fce91e8f975e,1
4db7096f-f561-458e-b7ae-52d5d5b9415c,4
a3e8105a-a882-4ad5-b11d-95f53abc8f0b,4
58adcebe-92e9-4d5b-8ba4-9918fa6259c6,4
7d1ebe14-1f32-42c0-8bd6-dfde603b3cb5,4
2b3ba291-1cba-4427-8cc7-2b94c2256866,1
2b3ba291-1cba-4427-8cc7-2b94c2256866,4
38bce72f-58c2-4134-bef5-4a84eaacc40f,4
38bce72f-58c2-4134-bef5-4a84eaacc40f,8
18d74d29-e91e-430a-91b7-da3377dac860,4
18d74d29-e91e-430a-91b7-da3377dac860,7
ecb85de1-defa-4060-9c7a-4b88c23aff25,4
f4b73e55-5d02-4af5-8829-b2193b9bd1e9,1
98d2bc16-bfa9-40a4-bd9b-cd90e76340c1,1
6668fd50-06bf-4f08-a851-5e94c108282e,1
dd83a038-c846-48e7-a88c-ad87b3398d6d,1
49b581ce-7259-4a33-9070-69152d7d43c7,2
49b581ce-7259-4a33-9070-69152d7d43c7,5
c7a32fa2-3621-4fd2-ba61-d9dab0400b3a,5
36b6fc7f-9bfa-4e22-add1-3cfb6dda4956,5
bf5e01e7-776e-487a-809d-ff3fa93475dc,6
bf5e01e7-776e-487a-809d-ff3fa93475dc,7
388886d1-7648-4693-b797-89ebcf91937f,6
2a9db5cc-fed0-4a12-8827-b35efedcf44c,7
46d3a6e2-2806-48d1-b25e-cc2232aad398,7
f7d8923f-029b-4559-9b86-43e06d5576c9,6
274fa6ad-f8dd-4861-9d15-75b9e3d99eaf,6
74939fad-84f8-416f-b7ae-87a84b304831,6
5ac9c815-f69c-4b96-9de7-1a5d876a5550,1
2c54d12f-2eac-44ab-b81c-81667423846f,1
2c54d12f-2eac-44ab-b81c-81667423846f,8
104ef6da-878c-4815-9d89-2b0beff5cfaa,7
9a18834f-1bdc-4f6c-ae76-01a39921d5f5,1
9a18834f-1bdc-4f6c-ae76-01a39921d5f5,7
e584be2c-1849-48f4-880b-4d861829bfbc,7
20bf255c-366b-4b0c-b4c0-71eb2e1e5e7b,7
2d932d9a-28ab-4b0d-8290-ed5fd1343176,7
82348f8f-48c5-4d2c-b0f1-9567ff620288,7
f0cfcc60-7ee2-4ae7-8a8d-553d5de0750e,7
7ec79685-eb47-48f5-a240-45b4faf113d0,7
3e7885e5-78e1-4d35-92ea-d9b9c3170910,7
a1265dba-e730-45de-9c44-5daf649fa92d,2
664b470b-d510-434d-ad56-e56cb44b2915,2
de22f972-f275-489e-924a-5a5ad1912a7c,3
cb9b2775-7a82-4c67-b5f1-b444126f8c40,2
cb9b2775-7a82-4c67-b5f1-b444126f8c40,3
0f58feb0-ebb5-4850-9434-69f72734d412,2
0f58feb0-ebb5-4850-9434-69f72734d412,3
69d37e4c-65e3-4a46-bcff-2cda08d2cf29,7
97f10067-7d0b-4e07-8a4c-3ab295d08f7a,7
b2977325-8a86-4162-a44f-59af8b56a999,7
ea9570ec-48a2-42e6-889f-9082306dcf2f,7
fc273781-f62b-497d-a929-7536fcba8b54,2
fc273781-f62b-497d-a929-7536fcba8b54,7
4eaf0cea-e21b-4aa9-9c83-711960fa3035,7
95769f57-47f0-4034-b965-07ce573c60ea,7
51cb9605-5ca1-433f-82ac-c63d82633ddd,7
cd3d0eda-7ab3-4add-8cf7-8773ad870d38,2
cd3d0eda-7ab3-4add-8cf7-8773ad870d38,4
a7fa2aa2-b8aa-4638-89d6-6e9811f84687,2
a7fa2aa2-b8aa-4638-89d6-6e9811f84687,4
cea7f2b6-06a3-4581-a9c9-afad629bfb7f,1
062ea844-5b6f-4bed-98f2-277490bcec47,1
53144584-66d3-4588-bc4e-211e49ccefce,1
1c9e9ba9-0d4e-4f71-9d5e-95a3041b4b37,1
1c9e9ba9-0d4e-4f71-9d5e-95a3041b4b37,2
aacd6aa0-d5d6-4b2f-acc4-5599a327c0b7,1
319e6b0d-f9b0-448e-a32f-28ac5039828d,1
fdd7f00d-a377-45b2-a85f-373d5020772d,1
2ebec7f3-cfcd-48f9-b218-ed2f41b1c4ed,7
d5a20601-f967-4924-9d80-5bccc8d29ab2,7
9b0fb9fe-88ad-4e35-b26c-d2ed1521bc18,1
6645ce0d-3134-4895-a642-34b799d0cfa4,1
6645ce0d-3134-4895-a642-34b799d0cfa4,7
50246efb-c1d3-4ef2-a0fb-c1a5f2baa61d,1
50246efb-c1d3-4ef2-a0fb-c1a5f2baa61d,3
6fd6a8af-d667-405d-be1a-5712693aeca8,3
e0d0430b-81a7-44f5-baf1-ffb2d8e79d5a,1
3b327de1-fee4-4f14-817e-13b322da6d57,1
e74e207a-d2c7-4405-8004-fb59a1ad43ba,1
2f1e2221-7a82-4a20-89ce-cd65ac8b7058,1
2f1e2221-7a82-4a20-89ce-cd65ac8b7058,8
9ba2e285-356f-4987-a6b2-5e4b8fa145c1,3
1e0f425c-dc3d-4633-9b36-e78b47355249,3
7b688c24-3916-42f3-b1ac-f4c394d01b22,2
7b688c24-3916-42f3-b1ac-f4c394d01b22,5
7cf0c0de-3dd9-4858-913d-34fa9d51a331,5
2ba47580-071e-40db-9eb2-ecb1156d3fa7,5
5418882d-ab8c-4a09-8147-b45a3438b99e,5
0ab1cdde-6e87-4609-95a8-5fcfc973ccc2,2
45abcc82-0388-4f35-9a95-bbe78dc7c860,1
45abcc82-0388-4f35-9a95-bbe78dc7c860,2
9accdebb-29cb-4c39-ac49-aaf7c9c02e96,1
9accdebb-29cb-4c39-ac49-aaf7c9c02e96,7
f4bee552-e48a-4525-b578-4fec3b545767,7
2b224cff-b43b-45df-85e4-aefef939d8db,7
1c802a0c-a585-4013-ada8-d1756e7ff302,3
eb01395e-5dd8-4431-9f7a-60287de812b9,3
f0181c92-f99e-4cfc-abb2-7e541efcbc4b,3
c49070eb-25dc-4205-a8d0-45a989b19e2d,3
7594f2bf-41a2-4e38-a577-64efff0662d7,3
000c5b24-3346-48e0-96fa-a8a0649a245e,3
000c5b24-3346-48e0-96fa-a8a0649a245e,7
9e79c58c-3c2b-43e7-825d-dbebec4f7a20,3
9e79c58c-3c2b-43e7-825d-dbebec4f7a20,7
ff7a97fe-a27c-4b3a-b472-e0e019a5867b,3
de0ab780-18c2-4467-86b1-0e34872e7519,3
6b44aa29-715a-45ca-a732-6bb338035441,3
6b44aa29-715a-45ca-a732-6bb338035441,8
ebb86a16-5f44-4356-b53d-80672e9404e4,3
7335bc6e-8079-4ba0-928e-715693f8a787,3
20d3180e-4df0-497e-b0ca-46e49dffe8d9,3
20d3180e-4df0-497e-b0ca-46e49dffe8d9,8
706621d1-676f-4513-8cfe-8500dd1ebb73,8
ace8f83e-5bf9-49fe-8b63-965cbfc456ab,8
da4a2d20-134a-49c4-b184-615fcd3e7fc4,8
64b98069-24d1-495f-bb2d-c9f5a9c6357f,5
fb1d2ae7-6294-410a-bafa-b712af1305c2,5
6b3884bc-1236-4138-91f3-060bd90eed63,1
6b3884bc-1236-4138-91f3-060bd90eed63,5
dd17c1ba-0205-4d64-b29e-0d3af6040980,1
dd17c1ba-0205-4d64-b29e-0d3af6040980,5
73171779-c170-4329-873f-2144bb4d1f4f,5
832c3e16-487f-428d-8bf5-2c8e5b8310d1,2
832c3e16-487f-428d-8bf5-2c8e5b8310d1,5
5a7f7cf8-466a-4fa0-bac0-d39b3ce320c8,2
5a7f7cf8-466a-4fa0-bac0-d39b3ce320c8,5
eed8e555-48b2-43f3-ae81-5f15b5000dc0,1
eed8e555-48b2-43f3-ae81-5f15b5000dc0,5
993be982-b49a-4731-8805-e2c1ba06a425,5
993be982-b49a-4731-8805-e2c1ba06a425,7
c13dc2a9-1beb-4b96-b101-94b07d7f0de6,5
c13dc2a9-1beb-4b96-b101-94b07d7f0de6,8
14d15805-24d5-4421-a5c9-c1496f863a6b,5
309911a3-1d39-4832-89f2-e0e3052422a4,5
3f6a75a3-6103-4ad3-9efe-b99e9342857a,5
853274eb-140a-42f7-bd6a-e9c9a556fdce,3
853274eb-140a-42f7-bd6a-e9c9a556fdce,7
5ee2ac76-7ab3-42f5-9312-747f7c0114c1,3
c68dd971-cdd1-4912-9cb1-b36f0bb382f0,3
70723f32-0f84-4619-9a0d-c7cf1ff88b1b,2
aa51c2a4-6975-4339-a793-b169c7c05cbb,1
aa51c2a4-6975-4339-a793-b169c7c05cbb,2
6b52695c-139b-4ef5-9d08-af2d162111a8,2
ff192692-de2a-424c-aef3-1d6f1b312d5b,2
43b41d58-1357-4592-9b58-f3ce4d4d37e6,2
d6104fb5-3db5-48f1-8211-0aa5229e6ae7,2
7240326e-1ab2-47cd-b514-515e45c978cd,2
b928e393-509a-4ff0-81e4-49b7b6abaef7,2
03f86694-119b-4a05-bc63-422819f1a0f5,2
d2a3eaf5-ec30-4314-b052-7ca804e01706,2
92bfbed4-432d-4ca1-947f-9ae709563606,2
ce0fd4cc-a6f2-4d52-b6de-b2496f9d2e09,2
f54db46b-c083-45b6-aa74-003d24f22836,7
f86d3342-b9c3-4890-8a20-6146f7b6ba77,7
f86d3342-b9c3-4890-8a20-6146f7b6ba77,8
f8e39baa-fc7a-4cdd-b3d1-8deed96485af,7
2288446e-fbf9-42db-ad10-e5472d8f4cc5,4
9db27d1c-8dbb-487e-b8c8-af1dbb819c8c,4
f6e886fc-4c86-4f8e-aca2-700d37cb7c69,4
070adde0-f8e8-4667-99b4-36b6a6113079,1
2a1f7fb1-25ae-4726-8120-8b5332dacf21,1
2a1f7fb1-25ae-4726-8120-8b5332dacf21,2
556173bc-b5d3-4391-b27c-0bbb2a3ca2bb,1
fb51e9b6-6d23-4b3a-b831-e3cd35a0fb7a,1
e97040b2-6840-4642-b60f-549bd907e7e1,1
494113c8-8b70-49ee-8b4e-b589dba000d7,6
dc11473d-5ec7-41db-8b63-a151956803ec,6
3997ba8c-c6dd-4b33-bc04-cc6f71fe48c3,1
c6053148-70eb-471f-8725-d41aaae420f4,1
4ecc2b7b-9484-4412-bf75-cf4c4e0ff20c,1
4ecc2b7b-9484-4412-bf75-cf4c4e0ff20c,2
3c901370-5096-4d8d-a0e0-6400c9c2a47f,1
0dd009c4-fa9c-4beb-92ec-7eccc469c34c,1
0dd009c4-fa9c-4beb-92ec-7eccc469c34c,7
db6dccb7-65e7-4b52-acaa-150f84b2455d,2
48bb60cd-1daf-42fe-a522-7f363bcc3e5a,2
34a9c971-015f-4c8b-8ed7-6ad419ca4c12,1
34a9c971-015f-4c8b-8ed7-6ad419ca4c12,2
8f646ba0-073a-401b-892e-a5a906cc7225,1
8f646ba0-073a-401b-892e-a5a906cc7225,2
e87e103d-9f14-4a3c-9aec-2bcead85c93f,2
e739162f-8c47-4199-908b-2883ba2bfaca,7
67ab7af4-3035-4fe2-84d4-63b81caf4cda,7
7aabf04b-41a4-4e71-9c6c-7705209f6aec,2
7aabf04b-41a4-4e71-9c6c-7705209f6aec,7
d6fea1ea-3cb2-4e5c-b0a9-25d6ac5c29d1,1
d6fea1ea-3cb2-4e5c-b0a9-25d6ac5c29d1,2
c038924b-2269-47a1-aacf-9a184aba3748,1
5f9cfc01-f503-4cf3-bc3e-1eab2de39715,1
5a1a604f-b91c-4f3d-a034-f263ef478b92,1
0342a6b3-eb7c-4fce-9c7e-96fef56cc174,2
e3cc9382-96b7-4ca4-b58f-52eea8be1e04,2
67a1a887-bea3-4670-ab3f-9b542676595f,5
954aae32-7f00-45ac-958f-f3f3f59fc1ac,5
954aae32-7f00-45ac-958f-f3f3f59fc1ac,8
1884fba5-b596-4cdc-b879-0d91537d82b6,4
fec2fa88-20a5-4440-b200-46e4009fc31e,4
c2264698-b3bd-4874-803a-a282f56ad6b4,4
e6f19ebb-c35d-4184-8c1d-c753c4fb5104,2
fa80d283-b5ca-4354-93bf-860d821c2af1,7
4bdce9f3-8f7f-44be-b653-7e33b915da33,1
fe4d92e5-a02f-405e-bcc6-896ac5e7f495,1
cc582b08-bbb3-430b-910e-9569d655ebd2,2
ea9f372a-9dd3-4606-9a7a-14eb949d1fe8,2
ea9f372a-9dd3-4606-9a7a-14eb949d1fe8,8
146f5ba2-bb44-41d9-8cef-4ae5c2feea78,3
0197544a-f403-4a70-a918-73f449bcd48e,3
fd4d6d82-8707-4ea8-b03d-b8c6290d92bd,5
9b3d3aee-3396-4b0d-891a-c41a7320165f,5
49da8801-9515-4c72-9071-24c5feecdd05,7
3da89245-ad43-4774-848a-637098b6d52b,7
902d526c-5a70-4899-84fd-522bbc345374,1
902d526c-5a70-4899-84fd-522bbc345374,2
5a158cf6-7755-4dc9-90cf-da4d5210c449,2
39a5596d-c80c-4d30-a729-8ad49b6879fb,7
03349e0e-50c4-42cc-82a7-d533e313c801,7
53bf68ad-a4e4-405d-97c1-bd5d226c4558,7
40beb9ef-098a-43f6-b103-ccfbf3cddfb6,7
47a10d85-cccf-4884-a434-b313792852dc,7
f0ec09ae-3d4e-486a-8c1c-4ea21aba6847,7
4bb5a1d5-8801-4925-85c6-840a127c08ef,7
a6fb0769-07fd-4db8-a43d-ecdd2ba2175c,7
f954dfef-aa73-42a1-9f13-94206b87ae3e,7
ab17e048-059e-4cab-9beb-e835d3e2ac76,7
2cd58f5c-f20a-4cc4-99f1-d7126de0c061,7
75f4b5bb-c3fc-4ca4-8ccf-f23759756424,7
0050b085-18ab-485a-bd43-f5ac65107f3c,7
8be11fa5-4b06-4678-a7ba-f83eb8fa1709,7
6690c1c0-d118-414c-958d-5bf7b342a2ea,7
bdbfb180-98bb-453c-a019-279dd9f8f5d9,7
c3edce22-7d12-440d-bc5d-d7917cc3f7c6,7
c3edce22-7d12-440d-bc5d-d7917cc3f7c6,8
5c8af5fe-7c35-43c3-8b73-32162fb02910,7
e93a9d7d-56b4-4660-8494-a8a4a99ec79b,7
ca3e8350-eaf7-4515-8671-fcf6e885fff6,2
2c6e1504-9810-4ce9-a8d0-094eac2d5057,2
41f4a92b-d770-4bc1-9a71-db861283b7b2,2
ffd7692f-1827-40c8-b103-bb5b535e8f85,2
9d958772-e368-4d47-98bf-adf3333f7bb7,1
9a39e21a-c5f0-4202-9c28-0c1050f6ec37,7
a50aa2b3-2ae4-49fb-b47d-babc885bf317,7
c00f5bce-0fe3-4543-95f3-3d32a7e93b4a,3
c00f5bce-0fe3-4543-95f3-3d32a7e93b4a,8
215d8e97-b84e-4450-9181-eb43c8213631,7
46167af4-a177-43b1-979a-140dad98d617,1
46167af4-a177-43b1-979a-140dad98d617,2
51555c0d-e667-43da-8689-8329f0d81270,2
9dee5289-d764-42e5-9f94-6f9d8dede16c,2
11901215-a9f8-44c5-8297-52e938dfb93a,1
11901215-a9f8-44c5-8297-52e938dfb93a,5
df73e57a-5f2f-407a-9f16-7179b9e4dfc3,5
698cda13-9d4f-4559-b9e7-a215a84f95cc,6
698cda13-9d4f-4559-b9e7-a215a84f95cc,7
c2138ad1-be60-45f5-9679-841b557474b8,6
c2138ad1-be60-45f5-9679-841b557474b8,8
79ac779b-0dc4-446e-a78a-a1f2bd023502,1
79ac779b-0dc4-446e-a78a-a1f2bd023502,7
58828151-1bc9-4f38-9c8a-d3123908133a,1
2f7056a5-8698-41d4-841a-5e13c8c482c5,1
061650a6-b1a0-4a31-9697-9dd69b75f544,1
b83c6151-04d7-4399-b8bd-3f0e528247ec,7
c480a66c-04ab-4a42-b8be-513b1de4715d,7
66e5f6a2-7040-4285-b1a4-fa907cbe388f,3
66e5f6a2-7040-4285-b1a4-fa907cbe388f,8
4443e7cd-6889-43c8-b7d7-c4af9f399706,3
76152ca7-6e81-4f55-9af3-503eb020ca4a,3
55c99f1d-cd0e-4ff3-b088-eb65b7b81df0,3
4d9af25e-d49e-41cd-9ff7-fbad261033e7,3
4d9af25e-d49e-41cd-9ff7-fbad261033e7,7
574b8dc6-a31e-49f3-a720-4d5d9d7895b7,3
c963d27c-30e6-4637-b077-d7880608a109,3
c963d27c-30e6-4637-b077-d7880608a109,8
accb2dce-59fb-4884-8962-ef10fd31f397,2
1e91e623-a0be-4dfe-acd6-5f98ea2d081a,2
494ab271-2f9f-46b9-9ee6-8bacc5a24817,4
2f1925c0-8f99-45cb-9d62-27e2af77646d,4
aa347789-57cd-4384-af41-72b044820262,3
46bb6d48-82ce-4d5e-a692-db025f09811b,3
46bb6d48-82ce-4d5e-a692-db025f09811b,8
dad781e9-00ac-44be-add6-76f020a78f89,6
acb70c2a-20b0-4459-aa9a-cbd8bf18199a,6
acb70c2a-20b0-4459-aa9a-cbd8bf18199a,8
92a8cd0f-719c-48e1-b8bc-96db8d423a92,4
4ee0e206-cf7b-46bf-8e27-1f6179150a2f,4
4ee0e206-cf7b-46bf-8e27-1f6179150a2f,8
41a89cd5-eaf7-4376-a473-1487e431dbe3,4
41a89cd5-eaf7-4376-a473-1487e431dbe3,7
7a3a2bc4-9a8c-47b3-b870-1c550961d512,1
7a3a2bc4-9a8c-47b3-b870-1c550961d512,7
cdd94c3f-6279-45b2-95c9-fd78f70e8382,7
a1e50f87-6999-47e7-bb2c-8d920a022f29,7
90ad73e4-f0ad-427f-9cd5-6e120c119e03,1
90ad73e4-f0ad-427f-9cd5-6e120c119e03,7
a25b71a6-2296-4c76-80e9-191ac4ff3095,8
5679095a-b8f2-4874-8ca0-5f067a6ce33f,8
d1cbe726-6264-41a1-8d64-8948c2107a80,3
ed427c10-9c7f-4cb0-9f44-6995f76baef6,3
bae8264e-7b8a-44f5-9beb-52c369ff20ca,2
fbd41ab3-bdcd-4d6e-9f16-73720cc21459,2
a146bbb1-6eb8-4c00-bdc8-22d4dacca3f6,1
a146bbb1-6eb8-4c00-bdc8-22d4dacca3f6,4
55229af6-d01d-4daf-adf4-fad528de7ce4,4
469fa76c-b744-4263-99a8-9b807daa921b,4
25049494-b141-4aa4-9b94-7bb06c410341,1
6758dd5f-4938-46ec-b3c0-ae99b4f6eecd,1
b1e70d8b-29c9-429f-8a11-8ae3c2df00dd,1
e2cb8ec8-bfda-48f9-9988-36c8bfafd05e,1
de9cbd1e-8ff6-4435-ab7c-b3856a4b9967,2
22261f8b-48a2-4443-b306-afaaa91b5a25,2
cd892fea-b489-4603-b0f2-66fcd5cd5931,3
6ced5fae-2943-4a77-9a53-96369da18ac8,3
2c5997e5-92a6-4c9c-9316-9a09d70afb51,3
99655766-bfd4-45a4-9fff-a7ce62765c6d,4
6a13cbe3-3010-49f5-9ca5-a3c73e3ccf69,4
08950862-1eec-44a5-8f2a-9384a501219d,4
3e0da800-d3df-4620-ada5-7ea32bc0c54b,8
9a7f64e0-8415-4844-ae17-2784646f852c,1
9a7f64e0-8415-4844-ae17-2784646f852c,8
59851444-c5ca-4f9f-a9c2-de368f6075aa,4
2d9dbf1a-a34f-4a95-b9a6-dadaf3c7060a,1
0098891a-2237-4d96-b082-7ec8399d9b9c,1
b087dbfe-c6dc-495a-81ff-d9ee88436c10,1
456d66ad-6cec-4c40-887d-686505e03678,4
ce2d8acb-82c9-4d69-9160-e46989effb9a,4
ae576d9d-f370-40eb-bb77-ab79c9253044,4
4f113340-fc19-49ef-9d2f-64177912e09c,4
f9bf3486-f34c-401a-b0bd-c80dc9bb1c67,4
48381045-b0c8-467f-8296-9306dac0a0e3,4
985d2031-5a68-43d6-8f4f-fb37b814e44e,5
6b07d544-c719-4d7f-aa9c-79d7133f459b,5
684b600a-db8e-4e3d-a62b-169ef0a7f02c,7
bf2da4ca-4a7d-4cc0-be31-5799647e6b6e,7
4c67d444-8a13-41d0-a6f8-0fb747a977db,3
26705702-c8ca-4753-b1a1-9c365bae9781,3
17fe1140-9acf-47e0-9ce8-77a58ccd11d8,6
17fe1140-9acf-47e0-9ce8-77a58ccd11d8,7
cb3e9bb4-ea12-4404-b370-3694f602a22f,1
97ba3c27-0bee-4298-bfa0-e531d497f3fe,2
97ba3c27-0bee-4298-bfa0-e531d497f3fe,7
c82747ea-bf82-449a-b361-90bdbbe163af,7
4a7f0c77-e2cd-4a1e-a2c0-170ae1da8ea2,2
4a7f0c77-e2cd-4a1e-a2c0-170ae1da8ea2,7
261190d7-46d4-460f-9115-bd53f1d84bb1,2
e6509b53-a27c-4556-95b8-559ff24d7456,2
02027279-e70a-4466-a7a7-5dde4dba25a9,2
c517cb79-f84e-4ff1-8f01-b225e001b58c,7
69926906-a192-4121-a81f-2702a7b6a21f,7
3675968b-14dd-4ff0-8a2d-cf869903fb58,5
81538fc5-63c9-4dd4-a544-0b9007cc6574,5
81538fc5-63c9-4dd4-a544-0b9007cc6574,7
43224f28-c847-4d4d-b006-2744e2d2c179,3
766e6f05-86d7-4643-9bb6-9586a2309be7,3
fe606333-f75e-4b7e-9bcc-ba1ac5f3ffda,6
fe606333-f75e-4b7e-9bcc-ba1ac5f3ffda,8
11b9aa31-907e-42dd-b71f-3eb38803a619,8
54728c30-fbfa-442a-8e64-e46fd0f6edd1,8
5957c569-2351-40ba-bf57-3c30d97f8a3b,8
a9d80768-26df-4149-b9f8-65ea08369c83,1
a9d80768-26df-4149-b9f8-65ea08369c83,2
70a39e23-afb6-4ca9-9977-64cf88f33ca3,1
bce41a9c-1ff1-4f3c-8ccb-179d0ec59617,7
56bb0acf-7544-4945-bd18-65a53519bd2a,1
56bb0acf-7544-4945-bd18-65a53519bd2a,7
af31c2e6-414c-424f-97f6-7aac81f7342d,5
bae2661b-a851-45e3-bbe0-57653e8dafc9,5
6c367e95-aeb4-4cc1-834d-10adab7716a4,6
90075fea-4edc-4fbe-99d2-132862486b4e,6
7031d7b4-b8f7-42e2-842b-bc49b86754ce,7
1e095326-0cb4-40ea-be1a-e54c75907e92,7
d6f52c77-d2fe-4a29-9dd6-2edeb75ba24b,6
d4a0373a-ccbd-4385-9cc5-a9c0a8649ca2,6
3aeb64c2-47c7-43a1-af30-0ffc464d3bac,2
94af9a22-8864-48eb-bf3e-97b44398509c,4
94af9a22-8864-48eb-bf3e-97b44398509c,8
2015ad98-29fb-4d47-a3c4-e36f3ec328c0,2
2015ad98-29fb-4d47-a3c4-e36f3ec328c0,4
7d477785-2072-417e-9240-2e0a352c5a3e,4
60f9a615-eda7-4ffa-ab4f-ab2b2a290ca2,2
60f9a615-eda7-4ffa-ab4f-ab2b2a290ca2,4
c58da6a5-1ec7-4407-854a-3687591e48aa,3
7ebd0c0f-fecc-4b14-ad06-4aac877cf253,3
759e6a12-012c-4848-87c4-1ac82ecb3fd8,3
3f9bc188-aead-4597-856f-6b32070eb495,3
e5d55a7c-d6c5-4c58-bf29-f5bd48bd491e,1
e5d55a7c-d6c5-4c58-bf29-f5bd48bd491e,6
b66dfc82-12fd-4b2a-b38b-201509081707,6
04e9991a-1cec-441b-a2dc-018a0ff873ad,3
04e9991a-1cec-441b-a2dc-018a0ff873ad,7
fc498b33-1a50-4c49-b7ca-cfdeadd165e6,3
fc498b33-1a50-4c49-b7ca-cfdeadd165e6,7
5ec5d6cc-a989-4876-abc3-5d201f5932ab,7
c8c5bc46-049e-4282-a406-6b3518242471,1
f774c66d-fdf3-40f8-854a-0712cff419c5,1
f774c66d-fdf3-40f8-854a-0712cff419c5,2
b895ac29-d2f3-4fe7-a656-fc9fca63484f,2
b895ac29-d2f3-4fe7-a656-fc9fca63484f,6
085b2a4e-3ccd-41da-969e-4e4ddb3b041c,6
8997d39b-c424-42b8-8027-0b3787475ebc,1
8997d39b-c424-42b8-8027-0b3787475ebc,7
168243ea-da87-4cca-b393-774e1c0c6110,7
8fa00e9d-c83b-40b3-9e04-911bd8f4554f,2
31bc5c82-65bb-468f-9e50-c986cb2adcdd,2
0d97d8a0-ed41-4cb8-9189-73df402b21e1,2
9f2c8804-635b-4b8a-a584-6c201fdadbab,1
9f2c8804-635b-4b8a-a584-6c201fdadbab,7
993fce3a-5042-48cf-ac65-07257a0626a3,1
993fce3a-5042-48cf-ac65-07257a0626a3,8
67cfa662-1127-46f0-9bbd-2d51c3f70487,2
9c3f78d7-8838-4575-a617-18cca9d20121,2
9c3f78d7-8838-4575-a617-18cca9d20121,8
9ae9933b-b72f-451d-a376-9019bd098f7d,3
9ae9933b-b72f-451d-a376-9019bd098f7d,7
fb7db77d-634a-4f36-a5d7-3b7a9b09390a,4
1ab50724-3bb8-4f03-a32a-9536f6d13056,4
9cd58004-e33e-4473-ae97-4b4f0c4f2a4c,1
dc3995ec-40cb-4cf0-a4b1-da8f7dd9b0fe,1
fe324d19-5493-4d29-b938-263b54de90bd,7
bbda4271-664b-4dbc-b20f-faaebd9df385,2
bbda4271-664b-4dbc-b20f-faaebd9df385,7
dab2e60b-ef90-4416-b61b-ae6830816a8f,7
8719176b-127d-4249-9085-91b9ed19eaf1,2
35e4f384-d4d8-4ff0-a3b6-fc55013d36e2,2
23053db2-0538-4760-97fd-abb192c96153,7
dfdf2891-d119-4b00-be18-601675308027,2
4158486b-14a3-42cb-8c75-77be530a79ce,2
5b855a89-2663-43bc-9d06-0cad23b6c1d5,6
5e79bd1f-36e1-47b1-a554-77f980634d9a,7
9eb296db-4ec5-4d4f-8ca5-ffcaf4be6ffb,2
9eb296db-4ec5-4d4f-8ca5-ffcaf4be6ffb,7
e49f93d3-3fcd-473d-95e3-52398d63a12f,1
e49f93d3-3fcd-473d-95e3-52398d63a12f,6
c6ecded5-5c65-48c9-8510-73ad2c78da88,6
1476d581-d512-4f23-bfe5-efb0eafb1289,6
1476d581-d512-4f23-bfe5-efb0eafb1289,7
7f807eb0-a3fe-47f4-9f74-e989f4f9d8f6,7
3624de35-4819-441e-850e-3cfd1a0adfd4,7
5c81a2e3-7f5a-419a-a693-cfad6f388c22,4
e2a3b165-98d8-4e5d-88e9-3f5193ff19fa,4
7b8b58f9-ef5b-4d34-a66f-49318296ab0a,4
73a7dc9c-eddf-4786-bc5f-45a2099b0a05,1
217cc909-9b09-48e5-b3e7-0e27516dcde9,1
b058ddfd-f351-4da6-a5a8-c215e4d4f4e0,2
45d30cf6-1967-43fc-9b75-3ae41e61ce6d,2
5ed7c9de-0159-4cd0-8c78-e31734aff440,3
0291944f-1fba-4e57-b5c2-d64573078398,3
7b8f34c4-b7ce-46c8-aaf3-6f1ef5e9e467,1
f3f4efc3-c99e-464b-9f62-639738b5458b,1
d84cf775-1260-4b03-b074-bebd203ba789,1
d84cf775-1260-4b03-b074-bebd203ba789,4
bf3db218-2ce3-427f-bc1d-e3d9d507b0c1,4
bf3db218-2ce3-427f-bc1d-e3d9d507b0c1,7
e975fb92-7cef-464d-8ffc-d946c792ac3e,4
faab0503-2ba3-443c-b5ba-ad8a635da123,4
1db7f1a9-8f0a-45ab-a644-ba4614e9d87e,1
df6338da-5c09-4e94-b22b-34a6f29130b4,1
df6338da-5c09-4e94-b22b-34a6f29130b4,2
bac8dae1-f3fb-4d0b-9d54-c77e02c5a635,7
bac8dae1-f3fb-4d0b-9d54-c77e02c5a635,8
6a5a2b7c-125a-496e-baf3-9d9f009cf097,8
aafe37fc-12d6-4f05-8200-0d493eea568b,6
153ecec5-f4ca-47a0-ab9e-65188ff7ff65,6
c58d76ad-3cc1-4e03-97c3-2a98a52b35e9,6
a8c43271-42c4-47e3-bc37-e51777cc8767,1
34d6dcc9-406d-43ca-bacc-3bf29e840df0,4
34d6dcc9-406d-43ca-bacc-3bf29e840df0,8
eedc805a-f064-47f0-957d-aa34087b5118,4
eedc805a-f064-47f0-957d-aa34087b5118,7
04c1769b-64f8-4811-a2b9-d64959248fd8,4
b94a0c49-4e8e-42ca-b7ca-f599b756ef21,1
b94a0c49-4e8e-42ca-b7ca-f599b756ef21,8
ef56b0fb-2681-4fb0-b7e7-3fc6268c1438,1
5a8efbb8-29a5-4fa0-aeb3-6bedd5d19819,7
2453355b-95e8-4bac-a620-b5210f46f14a,7
5cf45a0f-fb20-47cd-9923-8410fa4fc870,4
56018295-df30-4414-8860-fef473a4848c,4
cd898a20-e0b8-4a9e-b251-c581d0d38a44,1
a8d42bcb-72aa-4b15-9a21-b2f18d5cd0ff,1
1d3666d3-2433-4f08-b5cc-51d2e4959d7e,2
24b5cf3e-56a9-4819-9bb5-f81951173cba,7
a7741f64-a149-4ea0-9a09-4d676a1f9d7b,7
ed2cd88d-4e93-4e96-a51c-760e22f2967e,7
0380c013-8bfd-41c0-ab89-dcc113518bb4,4
d0801ba0-3b3f-448d-b7db-38b649c444ab,2
169530b6-ed06-414d-90c5-9b925d6e42e7,2
9a57c296-030a-4667-9f59-09460d8608c7,1
44e14797-ee6c-4a37-8ca8-e1889c85e963,1
8870e384-b1a8-45c1-b560-435a59d6ed48,1
8870e384-b1a8-45c1-b560-435a59d6ed48,7
96c78ab6-ec2e-428a-a727-e7c9fa567e7e,2
96c78ab6-ec2e-428a-a727-e7c9fa567e7e,7
e6ac3bb2-c893-49c8-b3fe-e3a7e8ac6dbb,7
50e16944-7da5-461b-83c9-6247a0c5cdcc,1
0aa72df8-76d1-47c2-941f-94016c87dda5,1
b12f031d-ebdc-4ac6-b100-2a115529cc80,1
3d97432c-ce07-4d14-ae5c-70294da8a4ee,1
3d97432c-ce07-4d14-ae5c-70294da8a4ee,2
37496f28-c914-4151-a337-d075cae7ec3a,1
9d0cbe01-4b5e-4daf-8ccc-738aa6d8e77b,3
da027a8c-3cb4-406f-b8e7-26078fb37aaa,7
76af6bd2-cf12-4592-9879-6dd0b95e81bf,7
7983dff4-fb00-4750-bbeb-1e9d0835c82d,2
250b5eb0-afe6-47ea-b2cc-c30f2b37b889,7
8b5f69c8-8df9-4797-805c-1f9e62e26bc8,1
80774d5e-e621-4597-b149-c3621e54c8bd,1
80774d5e-e621-4597-b149-c3621e54c8bd,8
56877b98-12a6-4cb4-b996-3f321b4d29de,2
de932284-00d5-4c5a-a492-1642efc594be,2
0d871afd-279f-46e0-8087-42a34bc27757,7
0c5f8475-9684-4060-ac24-7809a687438b,7
2f3c0ce9-e7e7-447a-b11c-ae520cb55713,7
8f5e6c6e-8c6e-4a81-9d05-999265965641,7
23628ce7-2edb-430b-8387-c5fd69d924f3,6
23628ce7-2edb-430b-8387-c5fd69d924f3,8
96308b0a-ce41-4b51-bf01-25dbffdc76db,6
3cd3fb0d-b70c-4205-98a9-b396397514bb,7
c26682e9-35ff-48fd-bca8-23a5f13aeb41,7
5e379db2-1d6a-4186-8613-ae0af5176f47,7
8620720b-18b0-4ef7-8cda-dafa9d4af2c7,7
5291b21d-f612-432b-96de-1e78392ac2a1,3
b8e08149-15b0-40ed-a1e8-4179705aac24,1
b8e08149-15b0-40ed-a1e8-4179705aac24,3
5e63f99c-1665-4ccf-a996-1d727e5041b5,4
05cafde4-fe81-453d-b6e5-457e355d0f3d,4
526cccd8-73e1-4dde-8789-6ea7622fd225,6
c2f38f16-3eac-4471-9bc1-1fef0cf483c9,2
c2f38f16-3eac-4471-9bc1-1fef0cf483c9,4
72264a7d-102a-46cd-a46f-dd3b2c2ba971,4
d96279f9-b909-4365-875c-0b59031dd12a,4
d96279f9-b909-4365-875c-0b59031dd12a,8
abd3f96d-a20e-426a-bfe1-eb1de4ba2d44,2
86aa9b72-de3f-42c5-bf1c-bf2a277a45bb,2
86aa9b72-de3f-42c5-bf1c-bf2a277a45bb,8
1c37f2e5-3223-4fb4-9f75-79f96e95f3a3,5
0dd1f266-40cf-4214-8682-af8ee2683033,5
ad9e7b41-fbed-4ee2-a12d-524f3ae05e8d,5
ad9e7b41-fbed-4ee2-a12d-524f3ae05e8d,8
d5983a4c-b67c-499b-a8cb-892f4c2e42db,2
80faa216-3d77-44d3-a4b5-e32b30ef4581,2
351a777a-1b07-4874-924b-52085c1ccaa0,1
8e42bd6e-e359-44ed-b150-64a16ddb4790,1
8e42bd6e-e359-44ed-b150-64a16ddb4790,2
d417f561-b991-4601-b963-57d511b0e31e,1
c278f66f-3002-4c91-b5a2-38ce3468c42c,3
5c6c86cd-4b63-4236-a3d2-e8b95cd6a96a,3
06a162c0-5ad8-4a56-a4ad-afb25c16f8d7,2
b5676bee-82ad-42db-96ca-8e5acfb837f9,4
e078f20c-17f0-4d7a-af5c-5a474d40fa6a,1
e078f20c-17f0-4d7a-af5c-5a474d40fa6a,4
c175fe79-6b69-4a01-85c7-88ffb037bbb1,4
749dae61-a1c3-4013-8508-07bd2d4ebc46,1
749dae61-a1c3-4013-8508-07bd2d4ebc46,4
ec701695-5137-4243-a54c-32df7019db64,1
ec701695-5137-4243-a54c-32df7019db64,2
f35051d3-f8c4-4ab3-9b76-2c8f91daadd3,7
e2371c87-bf9c-427e-829a-3f1909c4dd52,7
5fd9d368-bed6-4b8c-b3ad-d8206ac5b5e2,1
55048567-295d-470f-9c5d-ee79648c763d,1
17e846af-ab58-4b22-ba35-5331ec3b8a1a,7
b8763e69-a049-420d-adc4-f25caf8e36d1,7
900a78ab-38ff-4683-a05f-18a093ebaaf1,2
900a78ab-38ff-4683-a05f-18a093ebaaf1,8
2bbb520d-990b-49a0-96eb-d1d86a3663dc,1
4adde57e-b4be-4c92-9a23-4fff89ec2d96,1
4adde57e-b4be-4c92-9a23-4fff89ec2d96,7
ddecd08b-e05b-49bd-a159-534c49ae4b3d,7
391ee22e-6ef2-4f5c-842c-6d011f58b37d,1
dcae7635-f2c8-44e4-b2b5-2ec3ca6fd5b6,1
0230505c-059c-474d-b057-bea1a000f81c,1
5e34b84b-2e0d-48b9-96d2-93db84ed0e59,1
3fbaef71-3000-4e87-a3a7-c37c137fd444,1
7880b3ef-d56f-474d-a428-0ecdb990179d,1
30930578-c639-4f08-b573-5f066d8c7f3e,1
703d9141-ddb6-4581-9bf3-7c94f41859e0,6
703d9141-ddb6-4581-9bf3-7c94f41859e0,8
16b84df0-f30f-404a-85c5-2d5308cbe8fe,6
19ac3487-f239-472e-9691-391582c2d70c,2
19ac3487-f239-472e-9691-391582c2d70c,6
2760dcf3-f7c6-4298-ac50-a799653c8dc2,6
78aa7fda-474d-457b-8100-1a0a4e425885,6
e83f20df-f207-45b8-b187-4ab2263a27a1,2
e83f20df-f207-45b8-b187-4ab2263a27a1,8
2da7f723-5f76-4969-b9e4-ea9541dc6cac,8
11629b6f-7541-429a-93e9-96284a5a2657,7
11629b6f-7541-429a-93e9-96284a5a2657,8
9f3fc814-bebd-4a28-b617-24fcc496045c,7
f5c4c6a0-9895-446f-80c9-d5d42b25598d,7
f5c4c6a0-9895-446f-80c9-d5d42b25598d,8
8422bbe1-3493-4227-9f26-4bffc716fe63,7
d9a94b2c-2341-4dea-b603-8e58fd3738f3,3
d9a94b2c-2341-4dea-b603-8e58fd3738f3,8
b3c3bff5-5db0-4c41-b8cc-b5887085f371,3
cfcc6e5c-624e-4954-9818-75f0a8176def,7
4bacdb22-5b8c-431f-81b3-1729f3a4feed,2
ac879d0b-c287-49f8-ab54-e0bc14401f6a,2
c05677fd-faff-4fe6-a597-98004ba79e49,1
c05677fd-faff-4fe6-a597-98004ba79e49,2
de2012bc-5371-4e16-987a-cbd295f65fc3,1
8ce90a4f-723c-43d4-bca8-72d003d94e23,2
8ce90a4f-723c-43d4-bca8-72d003d94e23,3
b5e64390-4604-4436-be27-0c7d1a6ff071,5
7b62dd03-c991-49b8-bd1d-5c1e7babe423,5
7b62dd03-c991-49b8-bd1d-5c1e7babe423,7
c6237308-cb67-4bb9-9555-9d2214486595,4
e1576839-3cd7-47e9-a4b7-eb71caa7c6db,4
7d5919b7-6ff6-4f4b-ac48-46476e6f931d,1
7d5919b7-6ff6-4f4b-ac48-46476e6f931d,7
fa8d32ad-0558-4df2-af43-c70422f7b676,1
fa8d32ad-0558-4df2-af43-c70422f7b676,7
ae69e28e-b1ba-432c-a7ea-67a6f62efb88,7
155e1b03-a2f0-4afe-a284-8ef4931965b5,2
155e1b03-a2f0-4afe-a284-8ef4931965b5,8
6a2c1809-90c7-4411-b5ab-51accfa233fb,2
a373cc1a-be00-4e3c-8d26-cc3b994174d3,2
620e7f43-2605-4a43-b6a5-86da7f98305e,2
cdf82fce-cd08-4afa-8086-13dd24b40514,2
2b11556f-9049-46df-8dd4-06e640403abd,2
8e2f810c-139e-43e2-8a21-b28ef72f96a0,2
e4e3cb6a-2323-4f2a-8b89-b3d5a856a91e,4
7b321dae-5a93-4f9b-839b-c378deb29024,4
3594d6c9-2242-45d0-a547-ba7112344b93,4
e80662a6-98d7-4316-82d3-475dc0a04361,3
5753fa52-66c7-4ed5-986d-c7e794e839bc,3
9896eeb3-8a39-445b-a9fd-661f9387e9dc,2
98701d7b-6e7f-402c-a6d7-d795470b80eb,1
98701d7b-6e7f-402c-a6d7-d795470b80eb,8
97cfe818-bd42-47d2-8340-e3394034b04d,1
97cfe818-bd42-47d2-8340-e3394034b04d,8
b761f754-a4f5-47ce-8798-1680ecf562d8,4
c4bdcb70-5323-41f9-ab84-de92cf8a7e4b,4
fe97debd-a6de-41ea-9413-ea195947cedf,4
b9ebbea5-066a-40a3-b177-db6eb819500b,6
af91159f-339a-4b9e-bbb2-41ab70fc4186,2
8a84b34a-eca8-462c-a354-2f641ddf280b,3
8a84b34a-eca8-462c-a354-2f641ddf280b,7
e1b50cdc-411d-48c8-b6c2-d6bb1e02900a,7
b4be69be-8ea5-4ba0-8ac4-2e3f2cbc64e1,2
b4be69be-8ea5-4ba0-8ac4-2e3f2cbc64e1,8
43e70a4f-96a2-4b77-a73e-13cabcedf159,2
4ec176c9-860c-4243-a02f-c5a5501c7705,2
4ec176c9-860c-4243-a02f-c5a5501c7705,7
741223c5-0051-460f-b786-a80335380114,8
38093a14-baed-46b8-8de6-eddbf34df676,8
397c1b15-1408-4674-a7c9-126cd416b1d4,2
6b02d854-5168-4fdf-a2a4-01fd617d4c80,4
5cd2e6a8-e66f-4f39-a1e7-4a195f2c81f3,4
af98d9ac-9a0e-4eb1-9773-7264c445e5e8,4
b10d6798-118c-415c-97df-64327b09a7b6,5
b10d6798-118c-415c-97df-64327b09a7b6,7
22f26e8a-fade-4e87-9188-fc3aa7970fe6,1
1e2e5fac-65ff-4feb-9bfc-c33537686b46,1
32dea0c5-29f9-4332-aae7-32202f67953b,1
ee5b7dde-bdc5-4fe6-9bda-0b5328852eba,1
c3e6d886-9f0d-4cc7-9de4-3996d45d5ae1,2
2a4a58f4-b230-4afe-9dc2-dbc1cfa3252c,7
c4d041b5-5670-4694-8d3a-615bf7d489fa,1
c4d041b5-5670-4694-8d3a-615bf7d489fa,8
c06bbe4f-2782-4e41-806c-aca78c5b90bf,2
19606d4e-2e60-403b-814b-5ef12b187473,2
c52bf046-fe33-483b-8db6-554da171291f,7
c52bf046-fe33-483b-8db6-554da171291f,8
11b6ae6f-c928-4f65-878f-c779b0c226f7,1
11b6ae6f-c928-4f65-878f-c779b0c226f7,2
7d9729ec-4859-4d23-87c0-cf32d57b3a6e,3
4d48be2a-4015-4a0c-87af-464c6642ca69,1
4d48be2a-4015-4a0c-87af-464c6642ca69,5
88a826fe-9503-4ec7-9562-5763b0631df4,2
88a826fe-9503-4ec7-9562-5763b0631df4,4
