id,blacklist_number_id,reported_by,risk_score,note,created_at
c8ff52c1-dd5f-4b02-929a-d25f472956c7,aef72a81-64a4-4c1f-871b-4c0e681216b7,edb26a70-31be-4abe-8303-15f94d51175b,87,,2026-04-10T15:56:37+07:00
21ce4a50-f874-4aa3-be34-cf6d0840ee50,d3e7b77b-5c87-4ac5-ac6a-5f51c88e6efd,7fd4dcb0-dc6b-4e20-86e0-79dc05bf63ce,77,,2026-04-03T11:29:27+07:00
be1d9f5d-8bcf-45a7-9960-e11084d80340,2c783a02-8b20-49c2-adaa-a94d78c732ca,73832518-b9b2-4f5a-bff7-cd820a5da9c8,87,,2026-04-03T07:16:28+07:00
c0e5263f-0e73-45e5-a5f1-eddd5df7c621,79130e1e-05ce-44ac-803d-6f90dbbd593b,ec2e17a2-948e-44b3-915f-caa14df50aa9,84,,2026-04-04T14:27:39+07:00
93d4a978-8202-4ffd-bc15-421d86ade4e5,79130e1e-05ce-44ac-803d-6f90dbbd593b,73832518-b9b2-4f5a-bff7-cd820a5da9c8,79,,2026-04-07T01:39:38+07:00
76a5e0a3-d575-4bad-b073-650e0a51b1dc,b7f0be6c-5266-421c-a505-80ba0765a0b7,73832518-b9b2-4f5a-bff7-cd820a5da9c8,84,,2026-04-03T12:01:55+07:00
434116e8-e284-4474-93ea-f6cc52f146ae,b7f0be6c-5266-421c-a505-80ba0765a0b7,83d2e570-56ce-4981-937c-fd58fd390509,85,,2026-04-16T23:33:43+07:00
3667fb3f-cfe4-469d-b937-916ebb9494e3,c2605f68-0c1a-4989-a1e6-39982e663096,6ac69667-8033-4d4c-8a2c-fb6006a2c00e,78,,2026-04-02T22:03:23+07:00
ea7bec87-94cf-4249-b0a5-9f4f4121d716,9e8280ea-cdd6-4f4c-afa5-1bd68c79f34e,6ac69667-8033-4d4c-8a2c-fb6006a2c00e,94,,2026-04-08T04:00:28+07:00
a31c1ad7-53d3-45ac-903d-a8f721f68358,9e8280ea-cdd6-4f4c-afa5-1bd68c79f34e,,88,,2026-05-04T12:34:50+07:00
495bbe9e-e265-4bcc-9831-6023d5337d31,e7273f04-ffe0-4583-ab50-a6e72ae4e9ce,edb26a70-31be-4abe-8303-15f94d51175b,78,,2026-04-05T04:09:55+07:00
f99def74-41f7-4116-9121-25f0baacff1a,e7273f04-ffe0-4583-ab50-a6e72ae4e9ce,fcd40acc-4f8f-45c8-82df-e9d0f8206796,71,,2026-04-18T07:44:08+07:00
c5cbc7cf-a91d-438f-99d9-4c6d4f249fdf,22706fb7-3824-4115-8f51-3b74a90727b8,edb26a70-31be-4abe-8303-15f94d51175b,89,,2026-04-04T12:11:09+07:00
427741f2-b88a-4da1-baa6-0f4da2ffa172,22706fb7-3824-4115-8f51-3b74a90727b8,88be6602-74af-4f89-b7fa-596e620aa8e4,86,,2026-04-23T20:32:41+07:00
75c00776-e37d-44d3-8e5c-95757f2d4a7d,3f9cbb89-a4d0-448d-9d5e-a77dd2c4751f,10d05c09-bdb2-4253-8e44-856ad5336f34,89,,2026-04-03T08:43:16+07:00
6a19ed03-91e0-4f61-9756-89ee554ea6da,b86fbdaf-a12f-4f21-8aee-e6af52174284,edb26a70-31be-4abe-8303-15f94d51175b,80,,2026-04-05T04:05:11+07:00
47bd2c3e-747c-4304-abf5-0c47f94b2249,b86fbdaf-a12f-4f21-8aee-e6af52174284,edb26a70-31be-4abe-8303-15f94d51175b,86,,2026-04-13T23:29:52+07:00
cfdc0874-832b-41d0-86e1-1d67b820fd59,abe6c876-4bae-4550-8b45-19f7bd460800,,80,,2026-04-05T12:13:38+07:00
9e5677b3-2987-4ed1-aa2b-20d3fa530da0,abe6c876-4bae-4550-8b45-19f7bd460800,73832518-b9b2-4f5a-bff7-cd820a5da9c8,87,,2026-04-16T13:55:28+07:00
11832cd6-7ce6-4405-bf84-2a8d401e0c9d,f8244357-82dd-46a9-804a-d08c5e5b4286,ec2e17a2-948e-44b3-915f-caa14df50aa9,94,,2026-04-04T06:17:14+07:00
6f8d825a-8cee-4e1c-ab65-b0c7f43ee342,f8244357-82dd-46a9-804a-d08c5e5b4286,edb26a70-31be-4abe-8303-15f94d51175b,91,,2026-04-24T07:38:09+07:00
7570682a-aae3-40a9-8933-ba85b6de2b47,97ee3406-c58c-49d2-9f84-5c07f0243bce,83d2e570-56ce-4981-937c-fd58fd390509,99,,2026-04-05T10:42:11+07:00
3d2457e5-aca7-43b7-aa45-2628855e276e,97ee3406-c58c-49d2-9f84-5c07f0243bce,6ac69667-8033-4d4c-8a2c-fb6006a2c00e,89,,2026-04-06T09:02:48+07:00
3f3258a3-f6a4-42ff-92d3-f6f726063477,97ee3406-c58c-49d2-9f84-5c07f0243bce,88be6602-74af-4f89-b7fa-596e620aa8e4,85,,2026-04-24T23:20:10+07:00
2c6fb993-8f94-43a2-842a-275d61bab8b7,97ee3406-c58c-49d2-9f84-5c07f0243bce,,97,,2026-04-28T01:45:04+07:00
b1d6fbc0-a4b7-4c9c-9a8a-7868720f1370,97ee3406-c58c-49d2-9f84-5c07f0243bce,ec2e17a2-948e-44b3-915f-caa14df50aa9,94,,2026-05-04T11:38:49+07:00
066d7f59-040e-4dff-a8c6-a141e0751c3b,d0d73e1c-c6b0-45ea-85c6-7a56983d19e1,,88,,2026-04-09T17:39:51+07:00
7655de99-69e0-4373-99e0-6640312ab8f1,d0d73e1c-c6b0-45ea-85c6-7a56983d19e1,6ac69667-8033-4d4c-8a2c-fb6006a2c00e,84,,2026-04-13T02:40:50+07:00
165ea256-23b8-4b5c-b87f-3b63b41eadf8,b9e15053-184b-487b-9c12-00f9734ccb5e,7fd4dcb0-dc6b-4e20-86e0-79dc05bf63ce,91,,2026-04-02T17:31:51+07:00
8ba5e6c3-cbe6-41a1-a2cd-edd1b8f61a4d,b9e15053-184b-487b-9c12-00f9734ccb5e,88be6602-74af-4f89-b7fa-596e620aa8e4,91,,2026-05-06T03:27:01+07:00
db09411a-9ad1-4073-a852-6519ef20b181,915501db-75d8-4c7f-849e-25720858dad4,1c9b4737-176c-445e-859d-330a859b0f5e,91,,2026-04-05T18:07:34+07:00
5ead4fdb-8fa5-44fa-96e6-c36e27e7a842,915501db-75d8-4c7f-849e-25720858dad4,88be6602-74af-4f89-b7fa-596e620aa8e4,97,,2026-04-30T19:14:27+07:00
8e43fa17-0dce-42cf-8ddf-8809f04f2ec4,911ea5e2-fef5-4923-abaa-e6c5550100ea,83d2e570-56ce-4981-937c-fd58fd390509,90,,2026-04-14T15:33:12+07:00
e0b18e2a-f09a-46b2-9da7-5047a9943a79,911ea5e2-fef5-4923-abaa-e6c5550100ea,edb26a70-31be-4abe-8303-15f94d51175b,99,,2026-05-06T09:58:59+07:00
c7f35497-2528-47c6-9485-4244b9def306,309c2080-c694-4d09-a12c-0334377aa89d,73832518-b9b2-4f5a-bff7-cd820a5da9c8,76,,2026-04-08T00:09:33+07:00
53e2156f-1063-4089-a73c-53377af1f7a9,309c2080-c694-4d09-a12c-0334377aa89d,f07af7a6-e284-4594-bf88-9240894b8c96,91,,2026-05-08T20:31:05+07:00
6d8e542e-5b30-4a29-8c88-10035676e8f6,b5a4f3db-fec6-46ba-85d2-ff9c47c3cc0d,10d05c09-bdb2-4253-8e44-856ad5336f34,80,,2026-04-03T09:54:42+07:00
576ecfad-e449-46ae-a881-19f51e50c863,ee04f029-f289-4633-8407-c725ea762b57,83d2e570-56ce-4981-937c-fd58fd390509,81,,2026-04-04T03:08:28+07:00
0a21b974-f998-438a-9e0d-90d6492034c9,ee04f029-f289-4633-8407-c725ea762b57,73832518-b9b2-4f5a-bff7-cd820a5da9c8,96,,2026-04-29T07:31:57+07:00
cab78bde-be09-465e-b6cb-b878b62be474,cf9f82dd-7c01-4d0c-9ced-4cb220f9d65a,10d05c09-bdb2-4253-8e44-856ad5336f34,80,,2026-04-04T12:13:45+07:00
3119ae57-c270-421e-b3d3-901585b2e309,cf9f82dd-7c01-4d0c-9ced-4cb220f9d65a,88be6602-74af-4f89-b7fa-596e620aa8e4,99,,2026-05-07T17:59:23+07:00
ca8fa913-bf97-46dd-99db-6370a0cbc0a1,57f6a41c-969c-4215-a903-7fc1d797c49e,7fd4dcb0-dc6b-4e20-86e0-79dc05bf63ce,91,,2026-04-05T06:40:57+07:00
7033387b-c158-460d-a77d-9ce71d9bb56e,57f6a41c-969c-4215-a903-7fc1d797c49e,88be6602-74af-4f89-b7fa-596e620aa8e4,85,,2026-04-28T06:10:55+07:00
40b0c0e6-5b06-49a3-a6ac-5c18abe62233,09766640-148c-40c8-981f-4ed39eb41ed6,6ac69667-8033-4d4c-8a2c-fb6006a2c00e,88,,2026-04-05T13:31:26+07:00
ed4edc46-ffe9-4837-9b6f-58ef11e55e7e,09766640-148c-40c8-981f-4ed39eb41ed6,83d2e570-56ce-4981-937c-fd58fd390509,92,,2026-04-08T08:38:26+07:00
80b8f6f0-128a-4e54-86b1-b002b86bee4e,8118ea3d-a296-412f-a593-986e4c481f2d,6ac69667-8033-4d4c-8a2c-fb6006a2c00e,84,,2026-04-04T20:23:40+07:00
159deb6c-63c1-472b-abf8-74abf6f92a7b,8118ea3d-a296-412f-a593-986e4c481f2d,88be6602-74af-4f89-b7fa-596e620aa8e4,83,,2026-04-25T12:02:54+07:00
3810fd93-1628-4cc0-a2b6-c84d429cefba,8118ea3d-a296-412f-a593-986e4c481f2d,1c9b4737-176c-445e-859d-330a859b0f5e,91,,2026-04-29T01:05:32+07:00
40223a7b-8c41-4f7a-be30-fe5080ef249a,ac394d0b-dd36-4e26-8940-2efeb57f4e0d,83d2e570-56ce-4981-937c-fd58fd390509,94,,2026-04-10T06:01:02+07:00
738bbe9b-6bc2-4f71-8d0a-8a40d984033b,81a09237-f3d9-4c26-bd8c-ff4f5b192956,7fd4dcb0-dc6b-4e20-86e0-79dc05bf63ce,90,,2026-04-04T14:25:12+07:00
3e5bba8d-a6b0-4c7d-bdac-9310aff5ac33,81a09237-f3d9-4c26-bd8c-ff4f5b192956,6ac69667-8033-4d4c-8a2c-fb6006a2c00e,81,,2026-04-06T18:08:02+07:00
410807ce-02e3-462b-ac80-8490530e6a2a,81a09237-f3d9-4c26-bd8c-ff4f5b192956,1b920a71-baaf-4adc-94e8-cd83874a8d54,90,,2026-04-23T23:42:54+07:00
cb04565c-c515-4b5b-9cec-692e4dbc2abf,dbf91a5d-baa1-4078-a6d8-52f8c955c229,73832518-b9b2-4f5a-bff7-cd820a5da9c8,96,,2026-04-12T15:44:05+07:00
ffd4a2d4-15ab-4c8d-81e2-849869b40141,dbf91a5d-baa1-4078-a6d8-52f8c955c229,83d2e570-56ce-4981-937c-fd58fd390509,91,,2026-05-03T16:22:56+07:00
96cb324c-c644-4ac3-a75b-dc419f4c7765,73f1d226-46a7-4e11-a22f-60901385db42,7fd4dcb0-dc6b-4e20-86e0-79dc05bf63ce,97,,2026-04-05T01:48:00+07:00
7e9c1e80-5767-4756-87f8-6993122e66dc,73f1d226-46a7-4e11-a22f-60901385db42,ec2e17a2-948e-44b3-915f-caa14df50aa9,90,,2026-04-17T19:09:30+07:00
a78f114b-7430-4d73-96b1-5e39b9dd62f1,544404a4-4f3d-427b-9b7c-c631ba73315e,6ac69667-8033-4d4c-8a2c-fb6006a2c00e,84,,2026-04-02T19:59:21+07:00
66c37876-0fb3-49ad-ae1d-ccc5d524914f,544404a4-4f3d-427b-9b7c-c631ba73315e,73832518-b9b2-4f5a-bff7-cd820a5da9c8,96,,2026-04-03T22:01:45+07:00
32ef7fba-dee1-4c09-ae7c-80bbcee09e5f,544404a4-4f3d-427b-9b7c-c631ba73315e,6ac69667-8033-4d4c-8a2c-fb6006a2c00e,98,,2026-04-05T02:15:53+07:00
2824097d-7f80-492f-9dcc-d3ac504bc237,544404a4-4f3d-427b-9b7c-c631ba73315e,,87,,2026-04-28T17:17:39+07:00
722accbf-09a6-4016-ba35-f5543d1ecee2,735e6223-057e-4c24-a8cc-d3264605a429,6ac69667-8033-4d4c-8a2c-fb6006a2c00e,94,,2026-04-05T00:32:24+07:00
2519dca1-2f76-4a7d-abc6-3020fbd0f8c4,735e6223-057e-4c24-a8cc-d3264605a429,7fd4dcb0-dc6b-4e20-86e0-79dc05bf63ce,93,,2026-04-19T05:53:14+07:00
226bef6b-8831-485a-9f94-a94eac54f4f3,4c671eca-3190-4975-adc8-66f99bcc9454,edb26a70-31be-4abe-8303-15f94d51175b,84,,2026-04-06T00:59:32+07:00
11164760-d515-42c2-87aa-6cd45585c27a,9ebe07da-7117-4582-b67f-65840664b56f,ec2e17a2-948e-44b3-915f-caa14df50aa9,88,,2026-04-15T11:23:34+07:00
7c9107c5-ce27-47a7-9e6f-37c4f139f055,025e6056-7c73-41d3-9038-2a4dd718fe00,,86,,2026-04-04T15:29:18+07:00
3afd98a0-aa9d-4463-acdd-3f6c79f62796,025e6056-7c73-41d3-9038-2a4dd718fe00,ec2e17a2-948e-44b3-915f-caa14df50aa9,73,,2026-04-13T00:04:23+07:00
4ebc5dff-9366-4efb-9578-f5bf7de0f651,b0d944bd-bb37-4e9f-a34c-4003910bdb9a,6ac69667-8033-4d4c-8a2c-fb6006a2c00e,83,,2026-04-04T09:20:34+07:00
cab1e878-e555-4df2-adce-3657fd527513,b0d944bd-bb37-4e9f-a34c-4003910bdb9a,edb26a70-31be-4abe-8303-15f94d51175b,90,,2026-04-07T18:54:32+07:00
767bcc69-8ed5-49c8-b379-e7e7c85b89a8,b0d944bd-bb37-4e9f-a34c-4003910bdb9a,6ac69667-8033-4d4c-8a2c-fb6006a2c00e,99,,2026-04-08T05:12:26+07:00
7a63714e-bb6f-4ca6-bf5f-09d2b48fbbef,2865f389-7cf9-4cda-8ebb-b64a80fb9f91,83d2e570-56ce-4981-937c-fd58fd390509,84,,2026-04-03T07:40:24+07:00
e0f8a97e-752f-406c-a5f6-9d136c6bc3f4,2865f389-7cf9-4cda-8ebb-b64a80fb9f91,,94,,2026-04-03T09:28:18+07:00
d908d51d-0b37-4f9e-85f3-1437b1978746,2865f389-7cf9-4cda-8ebb-b64a80fb9f91,6ac69667-8033-4d4c-8a2c-fb6006a2c00e,83,,2026-04-11T19:57:54+07:00
253e1783-d4c5-4fac-aa34-f85390728172,2865f389-7cf9-4cda-8ebb-b64a80fb9f91,73832518-b9b2-4f5a-bff7-cd820a5da9c8,84,,2026-04-21T02:58:05+07:00
796d82d2-2142-44aa-ae20-913e81119d3a,2865f389-7cf9-4cda-8ebb-b64a80fb9f91,83d2e570-56ce-4981-937c-fd58fd390509,92,,2026-04-25T02:59:03+07:00
d1fbec5b-ca63-4995-9c54-738f11f10b83,426c1392-913a-45e8-9e2b-0d5fd1e267e0,ec2e17a2-948e-44b3-915f-caa14df50aa9,98,,2026-04-06T13:45:43+07:00
750e2e4f-96d0-401e-9354-46c973a172e5,d4f65154-7d9f-407b-b662-306713f44fd5,73832518-b9b2-4f5a-bff7-cd820a5da9c8,92,,2026-04-04T17:07:06+07:00
877e5d52-fc8c-4a01-ac87-257f80e9bf54,d4f65154-7d9f-407b-b662-306713f44fd5,73832518-b9b2-4f5a-bff7-cd820a5da9c8,98,,2026-04-12T15:36:15+07:00
ccfbff57-1d1d-443c-859d-9d6303c25955,5aae55ad-685b-4789-9907-ea1dfd7fea6e,7fd4dcb0-dc6b-4e20-86e0-79dc05bf63ce,85,,2026-04-08T04:10:34+07:00
950d7c30-a60d-46b2-801c-0cf07f91a55d,f86d98e9-2ffd-4b01-b653-f3f0939d3ca3,,91,,2026-04-04T04:50:03+07:00
52cb7e45-6855-4b93-babe-cfd365dac792,f86d98e9-2ffd-4b01-b653-f3f0939d3ca3,10d05c09-bdb2-4253-8e44-856ad5336f34,88,,2026-04-22T07:47:48+07:00
971d756b-b952-41a5-ac51-97db63f9b53e,f86d98e9-2ffd-4b01-b653-f3f0939d3ca3,edb26a70-31be-4abe-8303-15f94d51175b,99,,2026-04-28T20:34:44+07:00
0a518d00-fccc-4ed9-91df-98c0d133e89a,b107633a-a739-4f80-bc38-8f66a95702f9,,83,,2026-04-06T17:55:23+07:00
d48fdce8-4c28-43d0-92a7-e12db56a568c,b107633a-a739-4f80-bc38-8f66a95702f9,10d05c09-bdb2-4253-8e44-856ad5336f34,80,,2026-04-11T04:24:54+07:00
adabd609-9c9c-454a-9ae9-c44b33aa9074,69e106f7-e1d8-468f-98aa-6724d282e054,10d05c09-bdb2-4253-8e44-856ad5336f34,82,,2026-04-03T13:43:25+07:00
d176ed96-285b-45b3-a9c1-ec969afa32dc,69e106f7-e1d8-468f-98aa-6724d282e054,10d05c09-bdb2-4253-8e44-856ad5336f34,82,,2026-04-04T02:18:20+07:00
814a5bf9-67ad-4aa4-8e87-8620e266a3ae,69e106f7-e1d8-468f-98aa-6724d282e054,edb26a70-31be-4abe-8303-15f94d51175b,88,,2026-04-06T13:14:48+07:00
ff3a9c19-77d8-4eb0-84f8-86dbdce2f1e8,69e106f7-e1d8-468f-98aa-6724d282e054,ec2e17a2-948e-44b3-915f-caa14df50aa9,95,,2026-04-08T17:15:58+07:00
10b7d6a1-e106-454a-ae50-71d645faf219,69e106f7-e1d8-468f-98aa-6724d282e054,edb26a70-31be-4abe-8303-15f94d51175b,95,,2026-04-12T13:27:12+07:00
703f2d83-6faf-4539-a3ff-bd6c78bda3fe,69e106f7-e1d8-468f-98aa-6724d282e054,fcd40acc-4f8f-45c8-82df-e9d0f8206796,90,,2026-04-21T21:32:06+07:00
a316d479-e11e-4c03-8a22-cfe83b98b568,82d3e432-8754-4247-b398-b7a9cf4abd6a,,81,,2026-04-05T23:00:21+07:00
96396160-c4a5-4953-97b8-3dfdc8853bba,82d3e432-8754-4247-b398-b7a9cf4abd6a,73832518-b9b2-4f5a-bff7-cd820a5da9c8,89,,2026-04-15T15:47:37+07:00
c64ad9f5-47d8-413c-8ad1-00892e2c3aae,82d3e432-8754-4247-b398-b7a9cf4abd6a,6ac69667-8033-4d4c-8a2c-fb6006a2c00e,88,,2026-04-20T03:34:30+07:00
435c79b8-539f-4be0-b1cf-ffb1a72f8a98,a33624e5-6529-4fa8-bf7e-2e9c1c9447e8,73832518-b9b2-4f5a-bff7-cd820a5da9c8,84,,2026-04-11T06:59:12+07:00
83dd4212-6db4-420f-9a54-726489c4d924,a33624e5-6529-4fa8-bf7e-2e9c1c9447e8,f07af7a6-e284-4594-bf88-9240894b8c96,88,,2026-04-19T04:38:33+07:00
0cb66abb-2c44-4b51-87f3-4e28d26a309c,2437569a-b3f0-4ea2-bfc6-04feb2aa6259,7fd4dcb0-dc6b-4e20-86e0-79dc05bf63ce,87,,2026-04-02T05:36:36+07:00
d5d24162-e105-447c-9964-04f0d2fc2847,2437569a-b3f0-4ea2-bfc6-04feb2aa6259,73832518-b9b2-4f5a-bff7-cd820a5da9c8,95,,2026-04-10T09:16:56+07:00
5605817d-e10c-424b-9f3a-53c5fcb8602e,47611958-038e-417e-bb35-e02bc785dbf9,83d2e570-56ce-4981-937c-fd58fd390509,86,,2026-04-04T03:23:30+07:00
f22c3b2b-a49f-4a90-a8e8-9b159e957c68,47611958-038e-417e-bb35-e02bc785dbf9,10d05c09-bdb2-4253-8e44-856ad5336f34,99,,2026-04-04T04:54:18+07:00
5e1436d5-3ac6-422d-9b69-8195f03119e7,47611958-038e-417e-bb35-e02bc785dbf9,10d05c09-bdb2-4253-8e44-856ad5336f34,95,,2026-04-24T03:06:38+07:00
3717e3b9-537e-4c02-bdea-e0878e5ae771,d85233d8-1212-48a6-bcd2-f3e984074ed2,10d05c09-bdb2-4253-8e44-856ad5336f34,85,,2026-04-11T03:46:03+07:00
e4afa7a0-3c1e-4b65-810e-6a6cc15ef2f9,d85233d8-1212-48a6-bcd2-f3e984074ed2,fcd40acc-4f8f-45c8-82df-e9d0f8206796,85,,2026-04-26T01:29:47+07:00
76b4985b-e0ec-4aa3-8df1-c16a3d0c5f2e,92e96277-7742-4b5a-8213-cf1b097e4e67,6ac69667-8033-4d4c-8a2c-fb6006a2c00e,88,,2026-04-02T09:00:06+07:00
864f5ae5-49d9-4f31-ad46-07c509fa8d08,92e96277-7742-4b5a-8213-cf1b097e4e67,73832518-b9b2-4f5a-bff7-cd820a5da9c8,89,,2026-04-04T03:22:38+07:00
abdbdfc6-5e86-43e7-a4c8-44688f5e0295,59816b55-5ec1-4b75-9b0e-94ea542d0b86,1c9b4737-176c-445e-859d-330a859b0f5e,84,,2026-04-05T09:47:07+07:00
6fac6dc1-cec8-43f2-ac2f-e3f5e28dd2c0,59816b55-5ec1-4b75-9b0e-94ea542d0b86,,89,,2026-04-16T11:04:31+07:00
60255002-5246-46cb-873a-0c0cc70b878e,78963c1f-e0c7-4f50-8495-2c647b8518d6,73832518-b9b2-4f5a-bff7-cd820a5da9c8,78,,2026-04-15T17:09:14+07:00
a635d048-67be-4e13-8209-41b3ba5e4b6d,78963c1f-e0c7-4f50-8495-2c647b8518d6,83d2e570-56ce-4981-937c-fd58fd390509,78,,2026-04-18T00:24:34+07:00
16dfd363-f6b4-47c6-93b4-ff290aa172e3,836f91ef-7418-474a-b565-709c2e6612fd,6ac69667-8033-4d4c-8a2c-fb6006a2c00e,81,,2026-04-08T08:57:55+07:00
074bb946-f50a-4262-88cb-2f2491dd3bb4,836f91ef-7418-474a-b565-709c2e6612fd,,96,,2026-04-09T19:00:23+07:00
bfa28fc5-4f1b-46ae-988b-7f06e9b09e8e,d043b1bf-beed-467d-a7d1-2908af3914e2,1c9b4737-176c-445e-859d-330a859b0f5e,83,,2026-04-05T04:11:47+07:00
0ca4d8ee-5ccb-4867-86f9-0b85368e3440,d043b1bf-beed-467d-a7d1-2908af3914e2,6ac69667-8033-4d4c-8a2c-fb6006a2c00e,82,,2026-04-22T10:00:16+07:00
74c1ad9a-f9bb-4ec0-8a74-ab0431fdfc69,d40f4d79-e52c-48db-a687-cda41b6e0396,,88,,2026-04-06T01:13:36+07:00
ed3b9813-b4c2-4a7a-9fa6-9dd707705b29,82199436-7100-4240-9291-f8ee288406ec,edb26a70-31be-4abe-8303-15f94d51175b,99,,2026-04-09T20:59:59+07:00
cc766ba9-0dd4-4af7-baa3-8f25e5189f35,dd25ba82-bc25-471f-ad7b-dda00578a105,7fd4dcb0-dc6b-4e20-86e0-79dc05bf63ce,82,,2026-04-02T21:11:50+07:00
1c9598b9-c1a4-4f5e-8527-4501705dffa1,dd25ba82-bc25-471f-ad7b-dda00578a105,10d05c09-bdb2-4253-8e44-856ad5336f34,99,,2026-04-08T07:29:11+07:00
6f41b69c-61f9-4763-bbf0-72270b7c1807,f5bd4d49-ddce-42d9-a1b1-f62f592907a9,10d05c09-bdb2-4253-8e44-856ad5336f34,92,,2026-04-11T06:52:42+07:00
f5980035-a4e1-4d64-b2da-e690158c5b06,f5bd4d49-ddce-42d9-a1b1-f62f592907a9,1c9b4737-176c-445e-859d-330a859b0f5e,93,,2026-04-16T14:00:43+07:00
4922033c-e122-4ed7-b21e-4c5daad3b4a9,7f00a9d4-f5d5-4f5f-bd51-12e983724348,10d05c09-bdb2-4253-8e44-856ad5336f34,86,,2026-04-05T07:53:12+07:00
820c3185-80b7-4558-bcb1-e2dab17174fb,dc623785-692a-415a-8c46-2b823f16ffba,1c9b4737-176c-445e-859d-330a859b0f5e,88,,2026-04-03T10:14:28+07:00
f7714f66-3c62-45e4-8299-65ca05d9ea91,dc623785-692a-415a-8c46-2b823f16ffba,edb26a70-31be-4abe-8303-15f94d51175b,77,,2026-04-03T13:34:24+07:00
77a401df-51ee-464d-bd59-7a6d35faf65a,2ada6ec0-97d8-4a08-871f-ebb12d8f9d00,,88,,2026-04-03T06:46:17+07:00
2a3260d0-7d0d-4ae6-8dba-0ad94506081d,2ada6ec0-97d8-4a08-871f-ebb12d8f9d00,edb26a70-31be-4abe-8303-15f94d51175b,86,,2026-04-10T04:04:22+07:00
a2103ae1-9b11-4719-a799-abbfd2fa5f55,ff92375f-a0d7-4162-a071-d23e33189c8d,7fd4dcb0-dc6b-4e20-86e0-79dc05bf63ce,87,,2026-04-02T03:22:22+07:00
fb56f717-b98e-43f7-b722-d3b6ce1f0eff,ff92375f-a0d7-4162-a071-d23e33189c8d,10d05c09-bdb2-4253-8e44-856ad5336f34,86,,2026-04-02T17:02:44+07:00
c2d260ff-412a-4317-addd-cfd492c29e56,ef1f1c54-fabd-4d55-98a4-821364efbb72,10d05c09-bdb2-4253-8e44-856ad5336f34,87,,2026-04-10T05:35:15+07:00
bf54cbbb-2856-4c46-a1f2-9dc7457f0e9d,ef1f1c54-fabd-4d55-98a4-821364efbb72,,95,,2026-04-10T14:55:08+07:00
44fa639d-2f27-4aa3-a6bd-8be6d47e06a7,ef1f1c54-fabd-4d55-98a4-821364efbb72,7fd4dcb0-dc6b-4e20-86e0-79dc05bf63ce,86,,2026-04-15T21:14:59+07:00
b3cfbbf4-476f-42df-b388-c8f6f5b94277,2b22f09b-777a-4bb3-8c7e-140ee6edafb2,73832518-b9b2-4f5a-bff7-cd820a5da9c8,78,,2026-04-08T23:09:28+07:00
cba714cf-6715-4e98-a697-192c39410e56,2b22f09b-777a-4bb3-8c7e-140ee6edafb2,edb26a70-31be-4abe-8303-15f94d51175b,91,,2026-04-17T18:12:50+07:00
4ea1ba8f-90dd-4769-b10d-9157b49b00b2,2b22f09b-777a-4bb3-8c7e-140ee6edafb2,,92,,2026-05-03T16:20:07+07:00
220139cd-b9ec-4568-9bcc-40727090691d,8afd0099-e47c-47ec-87c2-446cb5c98cc5,edb26a70-31be-4abe-8303-15f94d51175b,81,,2026-04-04T09:24:09+07:00
0443a5df-57a8-4441-a11b-8fd707e4909e,8afd0099-e47c-47ec-87c2-446cb5c98cc5,73832518-b9b2-4f5a-bff7-cd820a5da9c8,76,,2026-04-07T21:29:36+07:00
b3247870-b53f-4a25-a28f-14ad1c9379b4,8afd0099-e47c-47ec-87c2-446cb5c98cc5,,88,,2026-04-11T12:34:40+07:00
5b406b1c-b333-43b6-8f71-9b4daccd2f2c,8afd0099-e47c-47ec-87c2-446cb5c98cc5,6ac69667-8033-4d4c-8a2c-fb6006a2c00e,82,,2026-04-11T12:54:32+07:00
e77fbf93-2494-482b-9eb8-08ab5d42e5c9,8afd0099-e47c-47ec-87c2-446cb5c98cc5,1b920a71-baaf-4adc-94e8-cd83874a8d54,88,,2026-04-28T12:37:51+07:00
b69c5520-677d-4d51-a141-05026d513789,08faaf9e-9ffe-46be-8074-48a20b9af1cb,10d05c09-bdb2-4253-8e44-856ad5336f34,87,,2026-04-06T06:07:06+07:00
063cbca4-b895-4866-a9fe-e810e9f0400e,08faaf9e-9ffe-46be-8074-48a20b9af1cb,6ac69667-8033-4d4c-8a2c-fb6006a2c00e,87,,2026-04-06T14:46:07+07:00
0cbe90a8-f9b8-48f0-aefb-1fbe613e78ff,83eff6a0-dbde-44dd-8f37-325779ddedec,73832518-b9b2-4f5a-bff7-cd820a5da9c8,97,,2026-04-05T10:05:11+07:00
2ce6ca63-a691-4d3f-b0a8-b3c0dff8aeef,83eff6a0-dbde-44dd-8f37-325779ddedec,edb26a70-31be-4abe-8303-15f94d51175b,86,,2026-04-08T18:27:07+07:00
a46da7fc-359c-4150-9b8e-6fe7b303f01c,7ec392f8-5526-4e23-870d-f8732d2255f3,,79,,2026-04-07T18:25:43+07:00
4457d6b7-ec75-48a8-ac0f-a4a173836e2e,7b712474-b892-499b-94ec-68cb9fc8d064,10d05c09-bdb2-4253-8e44-856ad5336f34,93,,2026-04-03T15:08:44+07:00
00598204-7dde-4b9b-8936-5ff22380ee54,7b712474-b892-499b-94ec-68cb9fc8d064,73832518-b9b2-4f5a-bff7-cd820a5da9c8,90,,2026-04-25T08:36:30+07:00
921d6692-da40-4e73-b7b1-975e1d8722f9,359a99c8-1c70-442d-b395-bab717ddb66f,,84,,2026-04-18T08:51:06+07:00
430e1874-a9c8-41c6-97ad-1ff5aa72f4be,359a99c8-1c70-442d-b395-bab717ddb66f,73832518-b9b2-4f5a-bff7-cd820a5da9c8,78,,2026-05-02T09:14:38+07:00
264d0af2-11ae-4c72-b4fc-ef68bda46128,f8d76e01-63c4-4024-b310-bca6cbaeb316,6ac69667-8033-4d4c-8a2c-fb6006a2c00e,85,,2026-04-02T15:19:35+07:00
9e5e79ec-dee9-46ca-b904-3668121643ac,f8d76e01-63c4-4024-b310-bca6cbaeb316,edb26a70-31be-4abe-8303-15f94d51175b,93,,2026-04-03T02:00:32+07:00
0e8c871e-9fb8-438c-9063-3bd003518f73,d231db78-0334-459a-a888-4e3760fbe9a8,1c9b4737-176c-445e-859d-330a859b0f5e,90,,2026-04-02T03:10:18+07:00
50391da0-01a3-4768-84e5-b9f078e81ad5,d231db78-0334-459a-a888-4e3760fbe9a8,73832518-b9b2-4f5a-bff7-cd820a5da9c8,99,,2026-04-11T01:25:52+07:00
7caf4990-4670-4ef8-85e2-0463c525e584,d231db78-0334-459a-a888-4e3760fbe9a8,,99,,2026-04-12T05:28:20+07:00
a7fa4d99-e7f6-4770-b1cc-c91f4d45b9bd,d6cb1721-efaf-4cce-8c7f-f0102248991f,1c9b4737-176c-445e-859d-330a859b0f5e,79,,2026-04-08T08:42:34+07:00
ee0d402f-5795-4710-a334-2275a0269c3f,e8b01924-44a5-46bc-a031-fbca8bdd2d2b,,81,,2026-04-06T16:33:40+07:00
078d8427-8813-4e46-8988-78fde7cb73cc,e8b01924-44a5-46bc-a031-fbca8bdd2d2b,6ac69667-8033-4d4c-8a2c-fb6006a2c00e,80,,2026-05-01T13:58:58+07:00
695e9952-9b4a-4a0a-9eb8-7710cca6626d,4d2b791d-f18e-474f-9058-fd676d341b79,,86,,2026-04-02T13:33:10+07:00
b263f917-b27a-406a-934a-7ee4b2c92bcb,4d2b791d-f18e-474f-9058-fd676d341b79,1c9b4737-176c-445e-859d-330a859b0f5e,97,,2026-04-11T15:22:05+07:00
50617258-d032-4a6e-80d7-2495987672b9,222a6316-96ed-45d4-b244-5e0f5883587b,ec2e17a2-948e-44b3-915f-caa14df50aa9,89,,2026-04-12T08:48:15+07:00
ff038351-922f-44bc-9942-4ac40a6883d7,222a6316-96ed-45d4-b244-5e0f5883587b,f07af7a6-e284-4594-bf88-9240894b8c96,97,,2026-04-18T06:40:30+07:00
2042befb-7684-48bb-802d-29e8c2d5ebc8,ea85afb3-b7e8-4e5b-9b07-f037f8c40e92,edb26a70-31be-4abe-8303-15f94d51175b,84,,2026-04-04T23:30:14+07:00
5754f13a-40e0-4643-bbd7-f048a0a3df82,ea85afb3-b7e8-4e5b-9b07-f037f8c40e92,fcd40acc-4f8f-45c8-82df-e9d0f8206796,79,,2026-04-24T11:23:25+07:00
4e904f9e-48bb-4270-a78f-a8d95812b2b5,484eb6db-4b3a-4ba7-a847-51b638fd123b,,84,,2026-04-03T05:22:51+07:00
971b13d3-3eac-41bb-9ae6-63e329b2d220,484eb6db-4b3a-4ba7-a847-51b638fd123b,6ac69667-8033-4d4c-8a2c-fb6006a2c00e,84,,2026-04-07T22:52:16+07:00
4f5f401e-55a1-4808-a598-6a6d5c3168cb,b914b9eb-89ca-4018-8b76-d5bb84c6eae5,edb26a70-31be-4abe-8303-15f94d51175b,80,,2026-04-05T23:11:49+07:00
56180b04-df56-4302-946d-252cccf4ea02,b914b9eb-89ca-4018-8b76-d5bb84c6eae5,,99,,2026-04-09T21:51:18+07:00
0bf1867b-81a8-433f-b4b8-875a8595d25e,7c393328-cdc5-4f09-90c0-0035d5a714e6,7fd4dcb0-dc6b-4e20-86e0-79dc05bf63ce,89,,2026-04-10T11:44:50+07:00
fc533e1f-5d22-48a7-9113-febe9c0b9b27,7c393328-cdc5-4f09-90c0-0035d5a714e6,7fd4dcb0-dc6b-4e20-86e0-79dc05bf63ce,91,,2026-04-12T04:27:31+07:00
efea5025-bcb9-4767-8a10-7c47445c3c13,5af66630-21df-4377-b055-9f685338ba3f,7fd4dcb0-dc6b-4e20-86e0-79dc05bf63ce,99,,2026-04-03T14:01:10+07:00
1c342449-fc49-4739-aeec-b08116956bd5,5af66630-21df-4377-b055-9f685338ba3f,83d2e570-56ce-4981-937c-fd58fd390509,90,,2026-04-05T00:06:39+07:00
37ae40d8-af08-425d-ab88-ce5ab79c802b,5af66630-21df-4377-b055-9f685338ba3f,1c9b4737-176c-445e-859d-330a859b0f5e,83,,2026-04-08T01:23:58+07:00
5a6f70b4-7ee4-413e-9d86-e1cb900556f5,5af66630-21df-4377-b055-9f685338ba3f,1c9b4737-176c-445e-859d-330a859b0f5e,89,,2026-04-08T13:30:31+07:00
c82e802c-6c3d-46a3-9c22-685b302c9dbc,5af66630-21df-4377-b055-9f685338ba3f,6ac69667-8033-4d4c-8a2c-fb6006a2c00e,93,,2026-04-12T04:11:05+07:00
2eea47db-2cd8-483e-95a4-5422a4adb3a6,5af66630-21df-4377-b055-9f685338ba3f,ec2e17a2-948e-44b3-915f-caa14df50aa9,92,,2026-04-15T05:21:59+07:00
ef068b8c-df2a-47ac-9bfa-a8e08dfda246,5af66630-21df-4377-b055-9f685338ba3f,10d05c09-bdb2-4253-8e44-856ad5336f34,99,,2026-04-17T10:23:00+07:00
30c5f370-97d6-4aea-aab2-1cc36883697c,5af66630-21df-4377-b055-9f685338ba3f,1c9b4737-176c-445e-859d-330a859b0f5e,86,,2026-04-18T14:44:06+07:00
a7f8a593-78a7-4c95-be7b-a36a4866a55e,332c7ac7-811f-4666-b228-6c290c738fb2,10d05c09-bdb2-4253-8e44-856ad5336f34,80,,2026-04-03T10:05:37+07:00
5f41b412-9d7f-42f4-9e5a-46b2158bb0e4,332c7ac7-811f-4666-b228-6c290c738fb2,73832518-b9b2-4f5a-bff7-cd820a5da9c8,84,,2026-04-03T13:05:21+07:00
a48d1735-b1a2-41fe-af8c-21f068160b58,b42229c8-3f48-40b9-8ef6-07de867a738d,,92,,2026-04-15T19:37:56+07:00
5e5fdc44-4402-4a9b-825d-3388164e5682,d29a63f1-3553-4e11-bfb0-b0cb9fd9d442,73832518-b9b2-4f5a-bff7-cd820a5da9c8,80,,2026-04-07T04:58:12+07:00
dc960790-4ca1-4141-8a18-ec028475f3f9,d29a63f1-3553-4e11-bfb0-b0cb9fd9d442,73832518-b9b2-4f5a-bff7-cd820a5da9c8,94,,2026-04-11T02:23:59+07:00
1a0cb2c7-0dce-4a1c-ab06-0c13392b8943,e55b1873-ec15-41ed-96e4-86ce897a2388,83d2e570-56ce-4981-937c-fd58fd390509,85,,2026-04-03T22:27:28+07:00
81b2c7d3-0449-4b9d-b562-e4d00b00c079,e55b1873-ec15-41ed-96e4-86ce897a2388,73832518-b9b2-4f5a-bff7-cd820a5da9c8,83,,2026-04-10T00:46:33+07:00
5393d74a-87c7-4e07-af90-7e5269baca39,2496ddc9-15a5-433e-ba73-7342252bdf58,ec2e17a2-948e-44b3-915f-caa14df50aa9,89,,2026-04-09T10:07:26+07:00
0b9c2373-3397-467f-a3d8-00da6c565174,2496ddc9-15a5-433e-ba73-7342252bdf58,7fd4dcb0-dc6b-4e20-86e0-79dc05bf63ce,87,,2026-04-26T20:08:23+07:00
aa041ec1-04ac-4d37-9798-148bf9852c19,2a89c532-3a57-4bd2-b838-77e98c462693,,99,,2026-04-08T21:33:10+07:00
57ad6413-1936-4783-be17-8425cd055e9f,2a89c532-3a57-4bd2-b838-77e98c462693,,78,,2026-04-27T04:11:53+07:00
14bea5ef-c370-4b83-9d12-95a439c18005,62a723ee-a05a-4c16-ab1d-df70bd8049e9,edb26a70-31be-4abe-8303-15f94d51175b,77,,2026-04-13T21:11:22+07:00
ca6e8658-6e60-4f97-967b-ca622110b399,e14d2d09-b4d3-411a-9ab0-7f477a22a0d2,10d05c09-bdb2-4253-8e44-856ad5336f34,96,,2026-04-05T03:21:13+07:00
927580ee-64ed-4505-94d9-88a78895d763,aa8b943d-2d4b-4bda-a412-eec2801d8c3f,7fd4dcb0-dc6b-4e20-86e0-79dc05bf63ce,83,,2026-04-07T18:33:06+07:00
f235e031-d7e6-4bb0-bd3e-2373aceba20d,aa8b943d-2d4b-4bda-a412-eec2801d8c3f,ec2e17a2-948e-44b3-915f-caa14df50aa9,78,,2026-04-08T10:59:53+07:00
1dfade16-b6d9-46cd-8ca0-c20350a35003,b2cb3503-c15a-40a7-9789-7e8fdfd403b2,6ac69667-8033-4d4c-8a2c-fb6006a2c00e,84,,2026-04-08T01:32:55+07:00
8e9d8867-7ad9-407b-a4a6-41d8463ba0d8,29d100a0-d3f7-4d07-88f2-bf12f9195359,83d2e570-56ce-4981-937c-fd58fd390509,77,,2026-04-04T06:32:43+07:00
fa864228-d1be-4cd0-adc0-77701dd5b8c6,976f7cc7-e174-40bc-9019-068db6b534aa,,82,,2026-04-16T01:29:02+07:00
fefbb0d5-ca73-4896-bdcb-e82e45741f14,976f7cc7-e174-40bc-9019-068db6b534aa,88be6602-74af-4f89-b7fa-596e620aa8e4,76,,2026-05-07T10:34:16+07:00
44aa6638-1a6c-49d8-92c5-c2e1a319a9c9,12f5dbba-d877-437f-8be0-c2ef5b24d54f,,86,,2026-04-02T20:55:01+07:00
51d95c7b-6891-4abe-aba1-20e03c0ed4ae,12f5dbba-d877-437f-8be0-c2ef5b24d54f,,83,,2026-04-17T02:35:17+07:00
cb4e1bfb-e84d-47e7-9ebf-f3b14e2cbe36,12f5dbba-d877-437f-8be0-c2ef5b24d54f,73832518-b9b2-4f5a-bff7-cd820a5da9c8,85,,2026-04-27T22:00:21+07:00
95702565-8b40-490d-b75a-865d293a3fc8,ac6b9968-7d1d-4c11-b9de-85e969363e6a,1c9b4737-176c-445e-859d-330a859b0f5e,85,,2026-04-05T18:09:37+07:00
591c6035-923f-4944-8a7d-0a1898ad04aa,ac6b9968-7d1d-4c11-b9de-85e969363e6a,edb26a70-31be-4abe-8303-15f94d51175b,90,,2026-04-06T03:36:35+07:00
aaef6511-5dac-4af7-be72-a1939b52236d,089d9a99-7f12-4354-afda-e057f16b95a1,7fd4dcb0-dc6b-4e20-86e0-79dc05bf63ce,87,,2026-04-04T11:52:52+07:00
f48e78c2-43a0-4d62-a2d5-58881dc0a4dd,b911eb66-0acd-4e36-8308-7361e563cca5,edb26a70-31be-4abe-8303-15f94d51175b,88,,2026-04-04T23:21:06+07:00
65f5ca57-acf1-4623-b6cb-ffe2b79194e2,b911eb66-0acd-4e36-8308-7361e563cca5,83d2e570-56ce-4981-937c-fd58fd390509,82,,2026-04-16T11:50:16+07:00
8ea28d9a-72af-4c5c-956a-1809d237ae33,2d13a0a7-820c-477d-8d5e-a2dd6ac9cda4,edb26a70-31be-4abe-8303-15f94d51175b,91,,2026-04-03T15:13:12+07:00
17baf8f7-40c2-4c45-9740-9faa594225d6,2d13a0a7-820c-477d-8d5e-a2dd6ac9cda4,,84,,2026-04-04T20:13:31+07:00
9bd1b960-3a80-40a2-8f71-a227097ddc16,2d13a0a7-820c-477d-8d5e-a2dd6ac9cda4,10d05c09-bdb2-4253-8e44-856ad5336f34,89,,2026-04-10T05:48:23+07:00
e7ebd406-03e3-46d2-b5b9-9e5aad5ad701,adac8c4f-01cc-4291-94b6-aee92d041b31,edb26a70-31be-4abe-8303-15f94d51175b,78,,2026-04-05T16:13:21+07:00
cc53bfe3-faa9-4b1e-adad-6b3e0cde2e78,adac8c4f-01cc-4291-94b6-aee92d041b31,,99,,2026-04-06T23:57:28+07:00
6f87cb0e-efc7-4d3c-90c3-2636c95cd18b,adac8c4f-01cc-4291-94b6-aee92d041b31,73832518-b9b2-4f5a-bff7-cd820a5da9c8,85,,2026-04-07T06:45:31+07:00
3c3bae9d-dbb4-42e6-82ae-16226ff7148d,adac8c4f-01cc-4291-94b6-aee92d041b31,7fd4dcb0-dc6b-4e20-86e0-79dc05bf63ce,91,,2026-04-07T08:24:34+07:00
d74e94e9-b452-4415-84b2-e14d5c6a88a3,adac8c4f-01cc-4291-94b6-aee92d041b31,ec2e17a2-948e-44b3-915f-caa14df50aa9,95,,2026-04-08T05:11:09+07:00
58c403dd-1653-41b4-bdda-4421535d9737,adac8c4f-01cc-4291-94b6-aee92d041b31,edb26a70-31be-4abe-8303-15f94d51175b,90,,2026-04-09T12:41:10+07:00
648bb10d-f72f-4ebb-ab3f-0e8399036fb2,adac8c4f-01cc-4291-94b6-aee92d041b31,83d2e570-56ce-4981-937c-fd58fd390509,85,,2026-04-14T12:16:12+07:00
cdc87810-6533-469e-9013-c1edffe2a4eb,adac8c4f-01cc-4291-94b6-aee92d041b31,ec2e17a2-948e-44b3-915f-caa14df50aa9,96,,2026-04-17T10:03:49+07:00
2c160dbe-5668-4455-b37f-bec740e89dce,adac8c4f-01cc-4291-94b6-aee92d041b31,83d2e570-56ce-4981-937c-fd58fd390509,98,,2026-04-19T10:30:30+07:00
0e4e9c37-a1aa-47ff-8c18-7f4f986e1e09,adac8c4f-01cc-4291-94b6-aee92d041b31,73832518-b9b2-4f5a-bff7-cd820a5da9c8,99,,2026-04-19T23:15:44+07:00
8ee3ffab-e858-4fe1-9124-6b28d43b8886,adac8c4f-01cc-4291-94b6-aee92d041b31,f07af7a6-e284-4594-bf88-9240894b8c96,88,,2026-04-23T16:06:10+07:00
636667d3-33dc-43d3-a564-d8f59cb04df3,adac8c4f-01cc-4291-94b6-aee92d041b31,f07af7a6-e284-4594-bf88-9240894b8c96,89,,2026-04-24T16:38:05+07:00
de084e1f-9631-426c-8131-75c4c8ce1acb,5133fce4-c25e-424e-883e-2035daa3fa7b,f07af7a6-e284-4594-bf88-9240894b8c96,85,,2026-04-18T09:55:11+07:00
623de4be-3075-4ab5-afb4-fd57e7a23698,5133fce4-c25e-424e-883e-2035daa3fa7b,7fd4dcb0-dc6b-4e20-86e0-79dc05bf63ce,84,,2026-04-20T15:29:09+07:00
f61dabe1-db9f-4ca9-80d0-25b361a7dd02,ca5b7186-d428-4c99-a251-b87c1c2a024c,,89,,2026-04-17T02:40:02+07:00
abc573b6-ce89-4dc4-b455-a8aff847c7ab,ca5b7186-d428-4c99-a251-b87c1c2a024c,88be6602-74af-4f89-b7fa-596e620aa8e4,92,,2026-05-18T00:23:21+07:00
b94da8a6-cf0a-47d5-b228-bb1641c388f3,a0c51eed-7149-4535-9d42-cf9f8ce98a8a,6ac69667-8033-4d4c-8a2c-fb6006a2c00e,77,,2026-04-08T19:29:46+07:00
a7a64cde-e666-492e-bb7b-b6d4b2d1844a,a0c51eed-7149-4535-9d42-cf9f8ce98a8a,1c9b4737-176c-445e-859d-330a859b0f5e,81,,2026-04-10T08:42:22+07:00
023f2f74-55c8-4d3d-8f07-ae6a48a7e41e,f7c8b9bf-c61c-4164-a823-a1c7452c89a6,83d2e570-56ce-4981-937c-fd58fd390509,86,,2026-04-04T22:00:57+07:00
34327c9f-acaf-4302-bb06-d03578c56014,f7c8b9bf-c61c-4164-a823-a1c7452c89a6,83d2e570-56ce-4981-937c-fd58fd390509,88,,2026-04-10T07:30:23+07:00
d92eee99-0673-40e2-b00d-a228f505e275,8cef66c3-dd7c-4c7b-bf84-8aedb3a3fa28,ec2e17a2-948e-44b3-915f-caa14df50aa9,83,,2026-04-07T17:00:02+07:00
f658b50b-7ae2-461d-82f6-f539147b498a,8cef66c3-dd7c-4c7b-bf84-8aedb3a3fa28,1c9b4737-176c-445e-859d-330a859b0f5e,88,,2026-04-07T18:04:03+07:00
ce877638-5209-4195-899f-55312cd00e45,e7747bbf-06b1-4d43-823d-ec3ac9ff6545,7fd4dcb0-dc6b-4e20-86e0-79dc05bf63ce,85,,2026-04-09T06:54:35+07:00
8bacffd4-8bad-4535-82bc-ab1acd4f47dc,e7747bbf-06b1-4d43-823d-ec3ac9ff6545,1b920a71-baaf-4adc-94e8-cd83874a8d54,94,,2026-05-01T15:43:09+07:00
76accce5-2757-44d4-9376-eab88fe0cd6b,db83e486-96b2-44e2-aa21-823fe6d9c5df,,91,,2026-04-05T06:03:29+07:00
a92531f4-5815-420a-ab40-c58413635eaa,db83e486-96b2-44e2-aa21-823fe6d9c5df,83d2e570-56ce-4981-937c-fd58fd390509,93,,2026-04-26T16:58:24+07:00
5a8bf7c6-10fc-4b0b-97f6-20a3e6dc9d2d,db83e486-96b2-44e2-aa21-823fe6d9c5df,1c9b4737-176c-445e-859d-330a859b0f5e,99,,2026-04-27T15:31:29+07:00
582a54c1-e6b8-4ee3-a5c7-a2fda01a0e2b,db83e486-96b2-44e2-aa21-823fe6d9c5df,1c9b4737-176c-445e-859d-330a859b0f5e,91,,2026-05-05T04:28:10+07:00
d5286833-e75a-4261-8050-798839faf712,5d675a52-f0e4-46c0-8a11-eb7101e245c3,7fd4dcb0-dc6b-4e20-86e0-79dc05bf63ce,93,,2026-04-08T19:58:51+07:00
0f42bb7a-fdde-4c62-b768-c1c581c952bf,5d675a52-f0e4-46c0-8a11-eb7101e245c3,6ac69667-8033-4d4c-8a2c-fb6006a2c00e,75,,2026-04-13T18:25:46+07:00
fea88872-1ab2-489b-af27-240e3e1dcfe8,312d8549-ebaa-4f61-945d-03f7d6dfe107,fcd40acc-4f8f-45c8-82df-e9d0f8206796,79,,2026-04-28T10:53:04+07:00
9758d328-e925-4637-98f3-d31b149246c0,49727571-7d3d-47eb-b594-7886109b569f,7fd4dcb0-dc6b-4e20-86e0-79dc05bf63ce,80,,2026-04-08T01:19:58+07:00
a44815c9-26e6-4dfc-ad37-d647af1d8153,49727571-7d3d-47eb-b594-7886109b569f,6ac69667-8033-4d4c-8a2c-fb6006a2c00e,78,,2026-04-10T03:53:24+07:00
591539af-f900-425f-b40d-520a9d34753a,49727571-7d3d-47eb-b594-7886109b569f,,82,,2026-04-28T10:40:38+07:00
12c1c0ee-c62a-40ec-bb0d-3087ee1a683a,49727571-7d3d-47eb-b594-7886109b569f,fcd40acc-4f8f-45c8-82df-e9d0f8206796,83,,2026-04-29T19:48:19+07:00
a36bcafd-e34d-41be-ba64-bb61ed749d9c,910964f8-77fa-4be2-84e5-2b00e1ebff72,7fd4dcb0-dc6b-4e20-86e0-79dc05bf63ce,84,,2026-04-19T20:35:32+07:00
0c6cea65-6dd9-4161-b788-8c6926d9e071,5bfdec8c-6903-42a5-b415-5a185a3420d0,83d2e570-56ce-4981-937c-fd58fd390509,89,,2026-04-14T23:09:22+07:00
3edaeda7-4627-49b4-9846-a15c9c298f5b,5bfdec8c-6903-42a5-b415-5a185a3420d0,,91,,2026-04-16T04:33:16+07:00
d1116490-5fad-4031-ad1a-24ffb42d9280,db5b4b5e-ed91-43d3-be6a-0964ac2d9092,ec2e17a2-948e-44b3-915f-caa14df50aa9,84,,2026-04-09T09:00:57+07:00
25e9e289-7ec9-41b4-a8f8-e9b339f29961,db5b4b5e-ed91-43d3-be6a-0964ac2d9092,73832518-b9b2-4f5a-bff7-cd820a5da9c8,99,,2026-04-13T21:16:47+07:00
adc3e5ca-4fc3-4f03-96e2-37295bdb4542,0565087c-73fc-423a-8744-1bad4536962e,ec2e17a2-948e-44b3-915f-caa14df50aa9,85,,2026-04-07T09:15:57+07:00
f2a946c1-fc9c-4bac-acbf-dfc616109d59,0565087c-73fc-423a-8744-1bad4536962e,10d05c09-bdb2-4253-8e44-856ad5336f34,84,,2026-04-17T03:03:26+07:00
b3569cf4-4922-4eb2-b609-7a9e2313640f,0565087c-73fc-423a-8744-1bad4536962e,1b920a71-baaf-4adc-94e8-cd83874a8d54,99,,2026-04-20T14:12:35+07:00
b20df58e-2377-4360-bf2c-693e018a1711,46f29da7-7fad-4143-b3d9-e96a6bded5c8,73832518-b9b2-4f5a-bff7-cd820a5da9c8,80,,2026-04-06T00:24:16+07:00
7966450b-c4ba-4394-9d2e-f0d060e38cac,46f29da7-7fad-4143-b3d9-e96a6bded5c8,73832518-b9b2-4f5a-bff7-cd820a5da9c8,97,,2026-04-09T10:01:09+07:00
fb1ad02d-3651-4d92-bae9-0757a9e62150,46f29da7-7fad-4143-b3d9-e96a6bded5c8,edb26a70-31be-4abe-8303-15f94d51175b,81,,2026-04-13T14:42:29+07:00
a3d81cb4-abd7-4171-a28c-54f905f990c4,9c11fa2b-01a6-4b0f-8b9b-691e01013a53,73832518-b9b2-4f5a-bff7-cd820a5da9c8,82,,2026-04-08T05:14:43+07:00
13628942-8780-414e-9c27-f2258efe9ef0,9c11fa2b-01a6-4b0f-8b9b-691e01013a53,edb26a70-31be-4abe-8303-15f94d51175b,84,,2026-04-08T05:22:10+07:00
4d830269-1796-43c2-a203-d628d4565395,a694dc72-89ff-455b-a00d-f2fe5681d5f3,83d2e570-56ce-4981-937c-fd58fd390509,83,,2026-04-12T05:50:08+07:00
7728270f-968c-4db1-b068-1b105d33cabd,273212c7-67ff-4484-927d-624ff61fcab5,73832518-b9b2-4f5a-bff7-cd820a5da9c8,98,,2026-04-09T04:24:43+07:00
a8d1cf09-f2fc-4073-92ba-c0fff47db797,273212c7-67ff-4484-927d-624ff61fcab5,7fd4dcb0-dc6b-4e20-86e0-79dc05bf63ce,84,,2026-04-13T01:35:32+07:00
f7a12bbf-0cbb-42ef-aff7-294912b76cdb,273212c7-67ff-4484-927d-624ff61fcab5,f07af7a6-e284-4594-bf88-9240894b8c96,89,,2026-04-30T02:04:59+07:00
f3e7db9a-441c-4cf9-83fc-df05d38ac51c,ca971093-78f6-4629-9eb1-7c8569cec1d4,1c9b4737-176c-445e-859d-330a859b0f5e,83,,2026-04-25T09:55:39+07:00
65185588-5be5-42c6-a313-83c942f6441e,ca971093-78f6-4629-9eb1-7c8569cec1d4,46d4a03e-c262-49ec-8695-987a04d7dc4b,91,,2026-05-03T14:47:49+07:00
6f43f59e-2beb-4ae4-8346-cd5eafc0edfa,fec57c49-01c6-4ed5-8367-d3b910e2ca2f,ec2e17a2-948e-44b3-915f-caa14df50aa9,91,,2026-04-11T01:41:24+07:00
854dce20-7ea7-47be-bd57-61f8403cda6b,fec57c49-01c6-4ed5-8367-d3b910e2ca2f,,86,,2026-04-13T17:42:02+07:00
2fe0e448-6a34-40bf-a890-519b58f90f96,a92f23f9-ca13-444e-bb6f-a8712121f6d4,83d2e570-56ce-4981-937c-fd58fd390509,88,,2026-04-07T22:59:04+07:00
e7db766c-3a2d-482f-9dc1-185a40f3fb56,a92f23f9-ca13-444e-bb6f-a8712121f6d4,83d2e570-56ce-4981-937c-fd58fd390509,80,,2026-04-08T13:10:38+07:00
bf6c6368-f18c-4ef4-8d58-83d044a990d6,183f0164-3d8a-40cf-9395-b7283e344b4b,,82,,2026-04-24T17:02:10+07:00
360098cb-42db-42d2-8cb8-475e12ad2888,183f0164-3d8a-40cf-9395-b7283e344b4b,83d2e570-56ce-4981-937c-fd58fd390509,88,,2026-04-26T03:16:11+07:00
b44f6104-38e9-460d-9050-e16eb2546d09,54ca626e-cba2-4be9-8c89-3cbb041cb014,7fd4dcb0-dc6b-4e20-86e0-79dc05bf63ce,99,,2026-04-07T20:57:47+07:00
90e5ba79-1bdb-4c3e-a49d-4d90bd9af3d3,54ca626e-cba2-4be9-8c89-3cbb041cb014,83d2e570-56ce-4981-937c-fd58fd390509,82,,2026-04-07T22:16:19+07:00
d47c8217-91e8-4d3c-a2a5-a8c3139f4427,54ca626e-cba2-4be9-8c89-3cbb041cb014,1b920a71-baaf-4adc-94e8-cd83874a8d54,86,,2026-04-25T13:39:08+07:00
d9b763d7-ee83-415a-86b5-26ec9dce2765,5385124e-27f9-43a0-936a-3646f208b263,,93,,2026-04-08T20:20:01+07:00
b1fe67f5-84d6-4162-8260-9f295c53f252,5385124e-27f9-43a0-936a-3646f208b263,7fd4dcb0-dc6b-4e20-86e0-79dc05bf63ce,90,,2026-04-09T12:53:03+07:00
8f7fb8de-bce9-4133-a2f8-f0c619fe95e7,5385124e-27f9-43a0-936a-3646f208b263,83d2e570-56ce-4981-937c-fd58fd390509,82,,2026-04-18T00:27:03+07:00
a6c47076-c773-4134-a1eb-ed580c0354af,06ee343a-c839-42bc-a558-eacce9137d01,1c9b4737-176c-445e-859d-330a859b0f5e,84,,2026-04-10T18:45:50+07:00
3af1705e-ca18-4e27-990a-d28a1263fee3,06ee343a-c839-42bc-a558-eacce9137d01,1c9b4737-176c-445e-859d-330a859b0f5e,89,,2026-05-06T16:50:05+07:00
f5651a5a-83ad-4cc7-ac49-55a4f5c2e45d,0b4da850-b36f-457b-8ea8-52a7cb4c3287,1c9b4737-176c-445e-859d-330a859b0f5e,78,,2026-04-09T16:24:38+07:00
b9a1f8ba-1f9c-4121-959d-c29ad95faeb3,0b4da850-b36f-457b-8ea8-52a7cb4c3287,edb26a70-31be-4abe-8303-15f94d51175b,90,,2026-04-11T09:26:42+07:00
4e2bc5fc-e153-4f2c-8e94-7de2297947b4,0b4da850-b36f-457b-8ea8-52a7cb4c3287,46d4a03e-c262-49ec-8695-987a04d7dc4b,82,,2026-05-09T17:26:56+07:00
63e4a6d8-3dd1-434a-8cb9-5ecc24aa4325,4e57a09d-a343-410c-b362-bea38918eb70,edb26a70-31be-4abe-8303-15f94d51175b,91,,2026-04-13T09:04:50+07:00
89ffdb40-9e3e-4f8e-994a-992d2cd0c170,eb42f2e9-378f-4ae3-911a-95446fdb021b,73832518-b9b2-4f5a-bff7-cd820a5da9c8,83,,2026-04-09T14:24:26+07:00
4858c377-1132-4637-a182-69e4efe1ec93,29a8c87c-91a4-4c46-9321-7bcc4eb2d430,6ac69667-8033-4d4c-8a2c-fb6006a2c00e,99,,2026-04-15T23:37:24+07:00
9c293800-8ecc-4cf0-9b2d-a08f95fa5765,29a8c87c-91a4-4c46-9321-7bcc4eb2d430,1b920a71-baaf-4adc-94e8-cd83874a8d54,74,,2026-04-29T03:43:58+07:00
30e19606-d325-4827-ae25-8336c8541418,29a8c87c-91a4-4c46-9321-7bcc4eb2d430,83d2e570-56ce-4981-937c-fd58fd390509,90,,2026-04-30T06:42:47+07:00
160bddd6-0621-4788-8cb2-55e058a0a2b1,76f2654f-e6ed-4244-9a7e-6c246d555bd6,7fd4dcb0-dc6b-4e20-86e0-79dc05bf63ce,96,,2026-04-11T09:54:33+07:00
6351815a-fd2f-4dad-826c-74705b92c651,76f2654f-e6ed-4244-9a7e-6c246d555bd6,7fd4dcb0-dc6b-4e20-86e0-79dc05bf63ce,88,,2026-04-11T10:54:11+07:00
661b1fb2-b7f7-477e-ace6-a893df6b0a68,76f2654f-e6ed-4244-9a7e-6c246d555bd6,10d05c09-bdb2-4253-8e44-856ad5336f34,93,,2026-04-15T08:04:32+07:00
6f1bc72e-70f1-4a1e-9126-22640b98d5ed,015e2b58-4de7-4cd7-88f9-68bcd1714176,1c9b4737-176c-445e-859d-330a859b0f5e,76,,2026-04-15T11:44:17+07:00
cd5306d9-d0ea-4ae8-81a4-7ce1d6ecee4c,015e2b58-4de7-4cd7-88f9-68bcd1714176,88be6602-74af-4f89-b7fa-596e620aa8e4,89,,2026-05-06T08:38:36+07:00
9b6b5955-4cdd-4301-b398-702038ce9e42,015e2b58-4de7-4cd7-88f9-68bcd1714176,edb26a70-31be-4abe-8303-15f94d51175b,81,,2026-05-08T08:13:13+07:00
7cb4b3b5-cf80-4cd7-8abc-b262bf166ddb,8670e385-d871-445f-865f-1ea33cfb6d1f,1c9b4737-176c-445e-859d-330a859b0f5e,81,,2026-04-11T04:19:42+07:00
a994ae0d-d356-4b25-90f8-2d3ec439282f,3cfb4058-e097-470b-884c-b158a893b5ba,10d05c09-bdb2-4253-8e44-856ad5336f34,86,,2026-04-11T19:11:22+07:00
9f3057e3-1e13-40b9-ac12-87125dcd78f2,3cfb4058-e097-470b-884c-b158a893b5ba,ba952af1-6fd5-49fe-ba55-bdc465f95ca2,78,,2026-05-05T02:40:54+07:00
95c1defc-ef96-4a1b-af83-c7dd63d2ccc3,048c4257-af3a-4445-a6be-4fc8fcfd3fa1,,89,,2026-04-09T12:34:22+07:00
da733317-7f8a-4c84-b196-0d14845125e2,dbe44fbf-e4cc-4721-b7a9-9bce79fbfdb7,1c9b4737-176c-445e-859d-330a859b0f5e,88,,2026-04-12T14:34:29+07:00
82a8c03c-6214-4458-ace3-4dbb410ec561,dbe44fbf-e4cc-4721-b7a9-9bce79fbfdb7,1b920a71-baaf-4adc-94e8-cd83874a8d54,86,,2026-04-20T10:37:07+07:00
5003213b-9dfc-4bcf-aa6a-516c10a0342a,dbe44fbf-e4cc-4721-b7a9-9bce79fbfdb7,edb26a70-31be-4abe-8303-15f94d51175b,86,,2026-04-28T08:18:34+07:00
b3b3090a-52f5-4388-8ee3-6a0c488b2ba5,dbe44fbf-e4cc-4721-b7a9-9bce79fbfdb7,1b920a71-baaf-4adc-94e8-cd83874a8d54,86,,2026-05-07T15:44:29+07:00
a92c8524-2b69-4e4a-a9d6-d10559f16795,cbba9ca0-4f55-4968-a273-7ec01e7a15a4,83d2e570-56ce-4981-937c-fd58fd390509,73,,2026-04-10T10:21:10+07:00
821d002c-db20-423c-a853-e27db70e0b71,cbba9ca0-4f55-4968-a273-7ec01e7a15a4,fcd40acc-4f8f-45c8-82df-e9d0f8206796,82,,2026-04-22T11:51:00+07:00
e004b041-ebdc-4b27-84ff-fe3a9ada7975,55e0e7c9-0517-4a54-a078-f2372e9a85ba,10d05c09-bdb2-4253-8e44-856ad5336f34,97,,2026-04-15T09:34:59+07:00
2691703b-b185-4ff9-9700-f826d5dd8395,55e0e7c9-0517-4a54-a078-f2372e9a85ba,88be6602-74af-4f89-b7fa-596e620aa8e4,84,,2026-04-19T03:51:44+07:00
66d12e6d-9cc8-4373-8d44-a3ccfc541275,bf6fefcc-7810-49ba-abfa-4a250a02e5cb,1c9b4737-176c-445e-859d-330a859b0f5e,83,,2026-04-12T11:42:05+07:00
144941bb-3ceb-4b49-bb06-737cc84547f3,2cc98633-57fd-4677-8577-d2a25b5f6665,1c9b4737-176c-445e-859d-330a859b0f5e,84,,2026-04-10T12:41:06+07:00
bb7fea43-ce8f-4b81-a508-e81144411ec8,2cc98633-57fd-4677-8577-d2a25b5f6665,,89,,2026-04-14T10:54:39+07:00
857f056b-dbf4-4199-a9e7-1607fd4a05e4,574d8f46-20f3-45fa-a7ac-e9ce43150adf,ec2e17a2-948e-44b3-915f-caa14df50aa9,86,,2026-04-11T19:34:09+07:00
6581aa6e-e677-4c0a-b17e-ef8fddcf223d,8bd2b699-c75e-4081-882a-b73ed88a603e,83d2e570-56ce-4981-937c-fd58fd390509,86,,2026-04-22T13:03:10+07:00
09914b1f-e15d-493c-982e-39abf02962bd,2386a144-c7d6-4dfb-a7ce-e538bba5742f,6ac69667-8033-4d4c-8a2c-fb6006a2c00e,79,,2026-04-12T09:19:54+07:00
20323a0c-e631-4be3-8744-89bea1959bc2,2386a144-c7d6-4dfb-a7ce-e538bba5742f,ec2e17a2-948e-44b3-915f-caa14df50aa9,81,,2026-04-18T06:51:53+07:00
e039c7f8-19af-4d48-8fed-9844d7e05f4b,812139cc-4647-43d4-a7af-96280985a7db,f07af7a6-e284-4594-bf88-9240894b8c96,86,,2026-04-19T22:54:07+07:00
ba8f7a2d-5861-4723-819b-3a799e1eb4ff,812139cc-4647-43d4-a7af-96280985a7db,83d2e570-56ce-4981-937c-fd58fd390509,84,,2026-05-30T10:12:49+07:00
86cf5d80-d223-4757-af80-5e8fecd12354,863a2ed5-8341-48cb-a717-c048371471b1,83d2e570-56ce-4981-937c-fd58fd390509,91,,2026-04-11T06:15:22+07:00
019c5281-0923-4457-829d-e57c40e9999a,863a2ed5-8341-48cb-a717-c048371471b1,,88,,2026-04-18T16:00:41+07:00
fb35c79c-5939-472c-b54a-0be6f6459bef,bc33f1b6-6ef0-45d5-907a-41701377e5a7,,87,,2026-04-12T01:03:11+07:00
14eec7e8-0bb2-4429-babd-cc2b0bff39c4,bc33f1b6-6ef0-45d5-907a-41701377e5a7,6ac69667-8033-4d4c-8a2c-fb6006a2c00e,71,,2026-04-16T21:45:04+07:00
84e2d745-4de4-4c22-8af2-78d161c95037,bc33f1b6-6ef0-45d5-907a-41701377e5a7,,78,,2026-04-17T10:01:00+07:00
cfac8b0d-5058-435f-a306-c39017cb999d,bc33f1b6-6ef0-45d5-907a-41701377e5a7,1c9b4737-176c-445e-859d-330a859b0f5e,77,,2026-04-19T06:09:46+07:00
4ad1efee-f512-41d9-91fa-ba933bd104fd,9dbaee72-c180-4b16-955d-59b252160ef0,73832518-b9b2-4f5a-bff7-cd820a5da9c8,84,,2026-04-11T15:33:00+07:00
2a38602f-0460-496f-b848-560f39eb5047,9dbaee72-c180-4b16-955d-59b252160ef0,6ac69667-8033-4d4c-8a2c-fb6006a2c00e,93,,2026-04-15T08:09:31+07:00
227b62b0-f238-4c54-8c2a-9aed64bbb530,bb861c03-1a14-479e-8a9f-2b15d397ffff,ec2e17a2-948e-44b3-915f-caa14df50aa9,95,,2026-04-15T04:15:30+07:00
965c7cab-d193-4fb8-ac8a-7ba30acc7b95,bb861c03-1a14-479e-8a9f-2b15d397ffff,6ac69667-8033-4d4c-8a2c-fb6006a2c00e,85,,2026-04-16T00:33:44+07:00
2dd81ca3-6695-4636-8ac9-c40f81d23127,1b72584f-f98e-429b-869c-9cd8da044455,6ac69667-8033-4d4c-8a2c-fb6006a2c00e,85,,2026-04-14T02:38:05+07:00
c43e5aec-31e3-4557-9cae-37c1cdab5c7f,1b72584f-f98e-429b-869c-9cd8da044455,10d05c09-bdb2-4253-8e44-856ad5336f34,89,,2026-04-19T02:17:01+07:00
3b3fa8a6-af34-4697-bf8a-387ada4981b1,1b72584f-f98e-429b-869c-9cd8da044455,6ac69667-8033-4d4c-8a2c-fb6006a2c00e,97,,2026-05-04T10:24:49+07:00
5e3f5f59-88f7-44a3-8f08-28288f824740,1d3e2ecd-0900-47bb-9570-69fc59d3a2cb,10d05c09-bdb2-4253-8e44-856ad5336f34,84,,2026-04-12T09:43:39+07:00
613ecf89-49d5-40d4-8321-14c44614b73e,1d3e2ecd-0900-47bb-9570-69fc59d3a2cb,83d2e570-56ce-4981-937c-fd58fd390509,95,,2026-04-15T19:10:17+07:00
85a46567-28a5-4294-b12b-709731890421,dbf534a2-79ff-465f-a118-284ff3d0d554,83d2e570-56ce-4981-937c-fd58fd390509,92,,2026-04-15T06:44:42+07:00
2d36d8ed-ef67-4872-abda-841f0082635a,dbf534a2-79ff-465f-a118-284ff3d0d554,7fd4dcb0-dc6b-4e20-86e0-79dc05bf63ce,97,,2026-04-20T00:29:50+07:00
f66c990c-3c7d-4e45-8ca4-a1300aab8754,9d04f56b-727e-4176-8164-90c77e06d332,edb26a70-31be-4abe-8303-15f94d51175b,90,,2026-04-16T01:47:28+07:00
0f4e348c-32a2-4118-b7ff-72d3fa527ae0,bde72fd4-ceda-496f-b114-549eb29b4e6c,edb26a70-31be-4abe-8303-15f94d51175b,95,,2026-04-18T02:18:36+07:00
e9fd6010-10e9-4355-86bb-4bca10d7c3bb,bde72fd4-ceda-496f-b114-549eb29b4e6c,ec2e17a2-948e-44b3-915f-caa14df50aa9,92,,2026-04-21T01:11:20+07:00
08561cc0-6a94-4689-be49-9ed6e9068570,0e475b44-067c-42ef-acee-12cafad48117,edb26a70-31be-4abe-8303-15f94d51175b,77,,2026-04-12T16:20:30+07:00
9a52f9c7-2647-4a6d-a858-db6b57a078e1,0e475b44-067c-42ef-acee-12cafad48117,ec2e17a2-948e-44b3-915f-caa14df50aa9,92,,2026-04-17T16:50:18+07:00
703de113-581f-45f0-9d66-018286fe8d07,be4b55e8-b50c-4f67-b804-3d6fdb3afc0d,10d05c09-bdb2-4253-8e44-856ad5336f34,92,,2026-04-16T21:58:35+07:00
43fc27eb-0d37-4637-a92b-fe0a9d0af0ce,18046f03-4c38-4ca2-9d41-56fa8ea174dc,ec2e17a2-948e-44b3-915f-caa14df50aa9,88,,2026-04-16T19:53:08+07:00
404d3637-9501-4a3e-ae03-eb739346d0a5,18046f03-4c38-4ca2-9d41-56fa8ea174dc,,84,,2026-04-26T23:37:45+07:00
5c618de1-a48b-43cf-816d-f6d731f419fd,18046f03-4c38-4ca2-9d41-56fa8ea174dc,edb26a70-31be-4abe-8303-15f94d51175b,86,,2026-05-18T06:43:16+07:00
8d0add99-11a0-4908-8cb0-2aee1ffe9039,3b0eeebf-5584-478b-9fbe-dea3aad31fda,,90,,2026-04-25T22:56:25+07:00
91fbe293-975b-47c0-a605-5ad376e705b9,3b0eeebf-5584-478b-9fbe-dea3aad31fda,88be6602-74af-4f89-b7fa-596e620aa8e4,79,,2026-04-27T00:49:21+07:00
fc20a953-4e2d-46a1-a50b-8062b8ba6740,ce23b4f9-04d9-43d0-8f10-cac07592912c,10d05c09-bdb2-4253-8e44-856ad5336f34,96,,2026-04-14T17:14:17+07:00
eb5c49a0-6804-4b40-b837-793a66380971,ce23b4f9-04d9-43d0-8f10-cac07592912c,7fd4dcb0-dc6b-4e20-86e0-79dc05bf63ce,95,,2026-04-15T03:48:59+07:00
3d7d495b-12f8-4d46-b2e5-23ac71abf7c3,ce23b4f9-04d9-43d0-8f10-cac07592912c,,84,,2026-04-15T06:29:52+07:00
9100b2d4-a7b8-4d1d-8ac3-dd25a1a5b4a7,ce23b4f9-04d9-43d0-8f10-cac07592912c,88be6602-74af-4f89-b7fa-596e620aa8e4,88,,2026-04-22T06:47:36+07:00
3a973f56-5fdd-4c08-8c6e-14ee691fe041,ce23b4f9-04d9-43d0-8f10-cac07592912c,ec2e17a2-948e-44b3-915f-caa14df50aa9,90,,2026-04-26T10:42:42+07:00
775fa1ac-a298-434d-8b73-89a7f3b29d74,ce23b4f9-04d9-43d0-8f10-cac07592912c,83d2e570-56ce-4981-937c-fd58fd390509,81,,2026-04-27T11:11:04+07:00
a5d5a7b3-cf90-405a-b328-c0ac73801b7e,3cea203f-8588-45c0-b678-50834067c8d6,83d2e570-56ce-4981-937c-fd58fd390509,91,,2026-04-16T09:58:28+07:00
7342cac8-2325-47b1-bd1b-83f4a940be35,b7902091-338b-41d4-9e68-1c04e35d600e,,91,,2026-04-20T00:51:04+07:00
523701af-f9bf-4e2f-8e0d-ce118fd812b5,b7902091-338b-41d4-9e68-1c04e35d600e,edb26a70-31be-4abe-8303-15f94d51175b,85,,2026-04-21T04:41:06+07:00
6247bf49-8e20-4c32-9daa-acbe4e7be80c,d99cb7b0-3625-4002-9b50-7fe381554065,6ac69667-8033-4d4c-8a2c-fb6006a2c00e,84,,2026-04-14T01:04:47+07:00
2b4ceaec-ce8b-4669-b216-f5bfc5d49073,d99cb7b0-3625-4002-9b50-7fe381554065,1b920a71-baaf-4adc-94e8-cd83874a8d54,94,,2026-04-18T21:30:56+07:00
fdabf14c-e025-430a-997a-f01a2daa8022,dc86fc46-ea7f-442e-a624-5667512aa82f,88be6602-74af-4f89-b7fa-596e620aa8e4,82,,2026-04-20T13:36:43+07:00
9cd2c219-80af-4b65-be9c-b27581bb841f,dc86fc46-ea7f-442e-a624-5667512aa82f,edb26a70-31be-4abe-8303-15f94d51175b,93,,2026-04-20T13:40:32+07:00
2625491e-c521-45dd-960f-7143c13adbf0,dc86fc46-ea7f-442e-a624-5667512aa82f,10d05c09-bdb2-4253-8e44-856ad5336f34,80,,2026-04-20T22:17:15+07:00
d66e67d2-2c0d-4f0f-ae57-7842c511490e,dc86fc46-ea7f-442e-a624-5667512aa82f,6ac69667-8033-4d4c-8a2c-fb6006a2c00e,83,,2026-04-23T19:48:47+07:00
51b76b98-c866-4e95-a0f8-7b5288f2be24,dc86fc46-ea7f-442e-a624-5667512aa82f,,90,,2026-05-06T01:05:17+07:00
72bd1ba9-fe49-4e93-9555-65a70e7a8e93,3715fd9d-3d96-4177-9b2e-7fdfe6e54d95,f07af7a6-e284-4594-bf88-9240894b8c96,88,,2026-04-24T06:28:00+07:00
25d95b65-4d2c-46ea-a183-0f1b9da10269,3715fd9d-3d96-4177-9b2e-7fdfe6e54d95,,99,,2026-05-03T13:20:13+07:00
c1f8965a-8de5-4de1-bc9b-d63da379a5ba,fea559b0-50ab-4aaf-9e0e-d66e8c78cae3,7fd4dcb0-dc6b-4e20-86e0-79dc05bf63ce,88,,2026-04-14T22:39:11+07:00
765338de-83db-4e6b-8a86-0925a54ae3b7,fea559b0-50ab-4aaf-9e0e-d66e8c78cae3,,86,,2026-04-15T17:28:27+07:00
351f1da9-eb33-475d-b7ad-a23c5e27ac6d,338670b9-ded3-4bce-9338-594f53dff5cf,10d05c09-bdb2-4253-8e44-856ad5336f34,90,,2026-04-20T00:21:37+07:00
04959060-2360-430e-91ae-128be0c48615,2327fbb5-1c1d-477a-bc69-8f2051895816,6ac69667-8033-4d4c-8a2c-fb6006a2c00e,93,,2026-04-17T15:21:57+07:00
d5c03410-bd91-4593-94f1-15c91a25adab,1c7a906a-5cb2-4149-bd74-5d87b9e30d67,73832518-b9b2-4f5a-bff7-cd820a5da9c8,88,,2026-04-18T00:39:27+07:00
8e8f173e-04a3-43f7-adba-2fd640e98db4,1c7a906a-5cb2-4149-bd74-5d87b9e30d67,10d05c09-bdb2-4253-8e44-856ad5336f34,83,,2026-04-25T02:45:16+07:00
5ec36a6a-161a-41d6-8b8a-86a3bd9bf1c6,1c7a906a-5cb2-4149-bd74-5d87b9e30d67,f07af7a6-e284-4594-bf88-9240894b8c96,96,,2026-04-27T13:56:55+07:00
bab2529f-9785-40c9-ab01-6c8a9687bb5e,48110033-d399-4393-92a2-de7f5ca3c1f5,f07af7a6-e284-4594-bf88-9240894b8c96,81,,2026-04-28T19:47:05+07:00
07f4f81a-63da-46db-b10a-25a1462a6be7,48110033-d399-4393-92a2-de7f5ca3c1f5,fcd40acc-4f8f-45c8-82df-e9d0f8206796,87,,2026-05-05T00:11:17+07:00
f0893a02-f835-447d-8a5e-d3e76fcb02ed,e61cab03-9de9-4ecf-89de-5b0bd1f66ac3,6ac69667-8033-4d4c-8a2c-fb6006a2c00e,86,,2026-04-16T09:57:09+07:00
c5fd28c6-1170-4391-ab38-2637993fa8ab,b9146ca6-9c0f-4eb7-bc96-45abb3ee4f9d,10d05c09-bdb2-4253-8e44-856ad5336f34,88,,2026-04-17T04:20:02+07:00
f61a8c66-8b6d-4dca-a72d-0eac6fa587cc,b9146ca6-9c0f-4eb7-bc96-45abb3ee4f9d,7fd4dcb0-dc6b-4e20-86e0-79dc05bf63ce,86,,2026-04-28T07:44:25+07:00
e15bf9e2-978c-4d54-be0b-4054b11e3960,b9146ca6-9c0f-4eb7-bc96-45abb3ee4f9d,,94,,2026-05-24T12:53:50+07:00
793d0297-501a-46f5-9d6f-e163a754b4a6,59c1d8e1-037b-4656-b255-72b48d2284a4,edb26a70-31be-4abe-8303-15f94d51175b,88,,2026-04-15T00:16:44+07:00
0b6f9b67-cb43-471e-be1b-7252f78634d0,59c1d8e1-037b-4656-b255-72b48d2284a4,83d2e570-56ce-4981-937c-fd58fd390509,89,,2026-04-15T08:19:20+07:00
abdef519-f1b9-44b4-9397-885dff1d7a27,59c1d8e1-037b-4656-b255-72b48d2284a4,ec2e17a2-948e-44b3-915f-caa14df50aa9,88,,2026-04-16T23:18:12+07:00
39b840fa-7880-45af-9c96-3e78a8faf3db,59c1d8e1-037b-4656-b255-72b48d2284a4,ec2e17a2-948e-44b3-915f-caa14df50aa9,83,,2026-04-30T16:31:12+07:00
cc1b6170-4271-4439-bf5f-c4520a6bc395,d08daa32-6d4f-4b23-9342-9e366fe1e40e,10d05c09-bdb2-4253-8e44-856ad5336f34,81,,2026-04-21T05:40:47+07:00
32b198d0-fdce-4c22-a2dd-cd4af6ff563e,d08daa32-6d4f-4b23-9342-9e366fe1e40e,edb26a70-31be-4abe-8303-15f94d51175b,78,,2026-05-06T02:32:21+07:00
818a6b54-5739-4876-a08e-2b2216349f9f,8905e12b-4375-4563-b163-c57d29627d32,1b920a71-baaf-4adc-94e8-cd83874a8d54,98,,2026-04-18T07:22:14+07:00
1ae344dc-423e-4519-9203-db163cbea92b,8905e12b-4375-4563-b163-c57d29627d32,f07af7a6-e284-4594-bf88-9240894b8c96,87,,2026-04-18T12:01:01+07:00
fc10579c-55e6-40c5-9b31-57d0fd56601c,8905e12b-4375-4563-b163-c57d29627d32,ec2e17a2-948e-44b3-915f-caa14df50aa9,85,,2026-04-19T19:04:34+07:00
34b77f4b-8a0d-45ab-a021-a05b0f3f53ae,8905e12b-4375-4563-b163-c57d29627d32,10d05c09-bdb2-4253-8e44-856ad5336f34,99,,2026-05-18T02:29:15+07:00
8374f2b3-2966-4c62-ba36-fa27ddee8a7c,f339eda6-4aaa-48fd-acee-a695948b4a25,1c9b4737-176c-445e-859d-330a859b0f5e,85,,2026-04-16T15:20:06+07:00
bfe27f4b-7e0c-4364-baa1-6c0a76ee040c,f339eda6-4aaa-48fd-acee-a695948b4a25,ec2e17a2-948e-44b3-915f-caa14df50aa9,86,,2026-04-20T04:23:59+07:00
9c608543-50b5-402d-b72b-4726b1380f7f,95a83c0c-c0c4-4bee-8a50-5efbc1dfb8c9,1b920a71-baaf-4adc-94e8-cd83874a8d54,88,,2026-04-19T05:46:51+07:00
095010d5-a09b-4255-ae67-b7aa2785d148,59c28efe-d04a-4f1c-93cb-69b829f643bf,73832518-b9b2-4f5a-bff7-cd820a5da9c8,90,,2026-04-15T12:33:10+07:00
b98ed128-525e-48e0-bab6-fc8a5f1c3a31,59c28efe-d04a-4f1c-93cb-69b829f643bf,73832518-b9b2-4f5a-bff7-cd820a5da9c8,88,,2026-04-16T11:54:43+07:00
60773328-33c6-4b00-b478-e99b39ad6d33,59c28efe-d04a-4f1c-93cb-69b829f643bf,10d05c09-bdb2-4253-8e44-856ad5336f34,87,,2026-04-17T03:39:29+07:00
7e8034f8-1b92-48a1-8828-ce11f2c3c62f,40fa97d5-2704-4722-af4d-f74df64b86a7,1b920a71-baaf-4adc-94e8-cd83874a8d54,74,,2026-04-21T01:27:44+07:00
bda9514a-0122-45a9-b7d1-290bc2d4b3cb,21a62ffe-238d-4583-85da-4b275568becf,,79,,2026-04-23T11:54:46+07:00
233867fb-07d8-4072-a378-ba272ac1b90b,0b2e6dc8-6443-40f5-9dae-dc9c89a3ee97,ec2e17a2-948e-44b3-915f-caa14df50aa9,97,,2026-04-18T16:53:58+07:00
78f7c735-03d1-4ad1-bacb-4953ebfe8287,0b2e6dc8-6443-40f5-9dae-dc9c89a3ee97,ec2e17a2-948e-44b3-915f-caa14df50aa9,96,,2026-05-03T09:59:18+07:00
8774192a-74af-4185-b93e-2961e9090c13,0b2e6dc8-6443-40f5-9dae-dc9c89a3ee97,,99,,2026-05-07T02:58:52+07:00
330e5d70-4ed1-4d19-a117-e1fe8e43d84d,d8072935-f12a-417c-b943-bf68fbfee17b,,78,,2026-04-25T02:41:26+07:00
09fe075b-45ea-46ca-a5c7-f99e30dad1f4,d8072935-f12a-417c-b943-bf68fbfee17b,f07af7a6-e284-4594-bf88-9240894b8c96,82,,2026-04-25T11:27:07+07:00
7b2407a1-0efd-43d9-8cd1-704e12160049,0e8a78be-d56e-4bbc-8a94-6b2188ad1e72,edb26a70-31be-4abe-8303-15f94d51175b,92,,2026-04-18T22:30:04+07:00
451b08f9-e017-4f76-b2d9-4d06297a8fba,0e8a78be-d56e-4bbc-8a94-6b2188ad1e72,f1eb7eeb-a8ef-4cb0-a886-09d74d3af598,81,,2026-05-09T15:45:14+07:00
87cb4e10-2216-4900-b997-98c294b2e866,28c328d7-e89b-4a84-b055-7d31174abdbe,f1eb7eeb-a8ef-4cb0-a886-09d74d3af598,78,,2026-05-02T23:02:06+07:00
f81f5d0e-fa0b-4209-95ee-400d260bfcc0,756edfd7-46f8-4b32-9a8b-00a2d1896953,fcd40acc-4f8f-45c8-82df-e9d0f8206796,82,,2026-04-18T04:05:09+07:00
0c2ad54c-4a7a-4814-a5d3-b290496f9add,756edfd7-46f8-4b32-9a8b-00a2d1896953,7fd4dcb0-dc6b-4e20-86e0-79dc05bf63ce,93,,2026-05-03T22:38:29+07:00
da1d3d8b-586e-40c5-9057-bcd04fb2e5fc,e05d87bb-4dc3-4493-ab92-068e64f24a21,83d2e570-56ce-4981-937c-fd58fd390509,96,,2026-04-17T07:08:20+07:00
79bf9c1a-8041-435e-91d7-984a962ca6b4,e05d87bb-4dc3-4493-ab92-068e64f24a21,fcd40acc-4f8f-45c8-82df-e9d0f8206796,93,,2026-04-17T11:58:13+07:00
206cd635-933e-4490-8b81-64c8a3dbb75a,e05d87bb-4dc3-4493-ab92-068e64f24a21,88be6602-74af-4f89-b7fa-596e620aa8e4,94,,2026-04-17T14:43:20+07:00
07d8a932-1299-4e29-8311-7a2b5d7847de,e05d87bb-4dc3-4493-ab92-068e64f24a21,fcd40acc-4f8f-45c8-82df-e9d0f8206796,94,,2026-04-19T00:15:05+07:00
64401f9b-0653-4786-a0e7-9eea20ddb8e0,e05d87bb-4dc3-4493-ab92-068e64f24a21,83d2e570-56ce-4981-937c-fd58fd390509,88,,2026-04-20T01:48:33+07:00
c93f77e8-2734-4caa-a43d-ed8eee7fb7a3,e05d87bb-4dc3-4493-ab92-068e64f24a21,ec2e17a2-948e-44b3-915f-caa14df50aa9,89,,2026-04-22T11:04:28+07:00
c534bf2c-58a0-4ade-994e-e0a9a06cd14d,e05d87bb-4dc3-4493-ab92-068e64f24a21,,85,,2026-04-25T13:48:27+07:00
8736fab9-eb46-44be-b2c2-1a27981b0226,e05d87bb-4dc3-4493-ab92-068e64f24a21,edb26a70-31be-4abe-8303-15f94d51175b,90,,2026-05-07T23:51:20+07:00
0f10bc1f-a803-4cc9-a905-e310535b85ec,23ef75ce-d7c4-44e1-92bf-6354ce19e6c9,,99,,2026-04-18T18:25:09+07:00
f1a57a7f-27d9-4647-910b-edd67563fdb0,ba5c4be0-f776-4ce9-b883-745dfb111824,,91,,2026-04-29T01:00:52+07:00
8f2b0423-d16e-48ff-9460-9af8e9d2475c,056afad0-72a9-4126-9cba-dd55a805f6ff,73832518-b9b2-4f5a-bff7-cd820a5da9c8,90,,2026-04-18T18:37:45+07:00
686bf1aa-7726-4bda-a771-74e4bd678929,056afad0-72a9-4126-9cba-dd55a805f6ff,ec2e17a2-948e-44b3-915f-caa14df50aa9,91,,2026-04-19T07:29:46+07:00
bf7999a6-4530-4924-8b6a-b4b518b10f13,056afad0-72a9-4126-9cba-dd55a805f6ff,1b920a71-baaf-4adc-94e8-cd83874a8d54,76,,2026-04-23T03:04:39+07:00
bc025f3d-fc0f-4314-a646-10722384e741,056afad0-72a9-4126-9cba-dd55a805f6ff,fcd40acc-4f8f-45c8-82df-e9d0f8206796,97,,2026-04-26T06:38:02+07:00
45c27b27-4b39-4795-94cf-f07abcd4c98d,056afad0-72a9-4126-9cba-dd55a805f6ff,fcd40acc-4f8f-45c8-82df-e9d0f8206796,99,,2026-05-12T04:02:26+07:00
bbf2bd4f-f55f-4d71-ae12-936edba82633,056afad0-72a9-4126-9cba-dd55a805f6ff,1b920a71-baaf-4adc-94e8-cd83874a8d54,94,,2026-05-22T23:38:58+07:00
5cfa8b5f-eabe-4ae2-a216-c3111e2ee295,b80db399-159d-464a-add0-098a4c798e21,edb26a70-31be-4abe-8303-15f94d51175b,92,,2026-04-25T03:01:28+07:00
135a796c-a250-4022-ad09-18533ef63a72,4245d109-5589-4606-89b8-bb56f4676e1b,88be6602-74af-4f89-b7fa-596e620aa8e4,90,,2026-04-20T00:02:22+07:00
fa6d9dee-2cb2-44d3-b847-987d39913ea8,4245d109-5589-4606-89b8-bb56f4676e1b,,98,,2026-04-29T06:28:58+07:00
db36ab16-6404-4d48-8fb8-6f9ef3fdf392,02d392e2-803f-4129-af83-ee9b89f33fc9,1c9b4737-176c-445e-859d-330a859b0f5e,98,,2026-04-20T18:03:55+07:00
07144b15-4af7-4b61-9e99-f0441692ee57,1dedd26a-975a-42d2-a5d9-86117df7edd8,6ac69667-8033-4d4c-8a2c-fb6006a2c00e,86,,2026-04-23T08:53:13+07:00
2e09e1d6-7b50-4174-972e-b9f33585f07e,1dedd26a-975a-42d2-a5d9-86117df7edd8,88be6602-74af-4f89-b7fa-596e620aa8e4,97,,2026-05-05T11:57:01+07:00
fd8dba67-1988-47c1-8297-c43bef24644c,1dedd26a-975a-42d2-a5d9-86117df7edd8,edb26a70-31be-4abe-8303-15f94d51175b,97,,2026-05-08T10:54:38+07:00
76311658-b91a-4edf-88c4-7e1047ddaef8,c92acd4b-1406-4278-be1e-87a7fa0b8ed2,7fd4dcb0-dc6b-4e20-86e0-79dc05bf63ce,87,,2026-04-24T15:49:39+07:00
24a5e5fc-5b0e-481b-9d38-c25eb651bb55,c92acd4b-1406-4278-be1e-87a7fa0b8ed2,1b920a71-baaf-4adc-94e8-cd83874a8d54,81,,2026-05-10T18:40:07+07:00
930fba9d-173e-424a-8e1d-923c004609fd,c92acd4b-1406-4278-be1e-87a7fa0b8ed2,73832518-b9b2-4f5a-bff7-cd820a5da9c8,88,,2026-05-23T16:54:29+07:00
439dc6bb-5c3d-46e8-89a7-19ee055e94eb,f4601d0f-9b2b-49fa-a415-b8133b4ec729,f07af7a6-e284-4594-bf88-9240894b8c96,84,,2026-04-23T05:34:25+07:00
d351a0bd-4e0b-4cb3-b3a9-21f75bef04b2,f4601d0f-9b2b-49fa-a415-b8133b4ec729,1c9b4737-176c-445e-859d-330a859b0f5e,82,,2026-05-08T14:57:40+07:00
4d6cc8bc-d85c-4bb1-a5e5-6f4d92e4ca33,41f0ff97-a2f1-4cba-b55d-f58f6485856d,73832518-b9b2-4f5a-bff7-cd820a5da9c8,93,,2026-04-18T16:55:36+07:00
90f0ec32-6b0d-42ac-9cc1-a782af6647c6,41f0ff97-a2f1-4cba-b55d-f58f6485856d,83d2e570-56ce-4981-937c-fd58fd390509,81,,2026-04-18T18:01:30+07:00
1584dd12-bdd0-4d5b-9ed9-448a10b13a41,41f0ff97-a2f1-4cba-b55d-f58f6485856d,10d05c09-bdb2-4253-8e44-856ad5336f34,85,,2026-04-19T09:57:51+07:00
f59df759-03f1-4eec-bc31-0776d53d4916,41f0ff97-a2f1-4cba-b55d-f58f6485856d,73832518-b9b2-4f5a-bff7-cd820a5da9c8,87,,2026-04-25T09:25:15+07:00
c92c9e33-9a3b-4e55-92e5-0abede10d042,41f0ff97-a2f1-4cba-b55d-f58f6485856d,1c9b4737-176c-445e-859d-330a859b0f5e,92,,2026-04-30T00:31:28+07:00
74c7feb8-ff27-46ff-9af7-bcb2d20354df,41f0ff97-a2f1-4cba-b55d-f58f6485856d,,93,,2026-05-09T07:53:58+07:00
587621aa-03ab-43dd-8f9a-a013ece3b39d,41f0ff97-a2f1-4cba-b55d-f58f6485856d,fcd40acc-4f8f-45c8-82df-e9d0f8206796,93,,2026-05-09T08:38:45+07:00
60603d52-6691-49e9-b511-aeffdf2e1065,41f0ff97-a2f1-4cba-b55d-f58f6485856d,1c9b4737-176c-445e-859d-330a859b0f5e,87,,2026-05-19T03:51:18+07:00
e23531b5-92e2-4ff8-884c-04e7e62ea413,41a759c4-0876-43a1-bc1b-b32d7fd4c5de,edb26a70-31be-4abe-8303-15f94d51175b,78,,2026-04-26T07:37:05+07:00
638724ab-e5bd-485f-a3d0-2190ba5c4cbf,41a759c4-0876-43a1-bc1b-b32d7fd4c5de,fcd40acc-4f8f-45c8-82df-e9d0f8206796,84,,2026-05-05T19:47:18+07:00
c51f51d5-2fee-4e8f-ab19-7efa6c83bc9b,41a759c4-0876-43a1-bc1b-b32d7fd4c5de,,88,,2026-05-13T23:22:08+07:00
4026201c-ffb9-456c-86cc-e96b15b337cd,1148adef-0f52-4e15-9121-9011a5e41134,73832518-b9b2-4f5a-bff7-cd820a5da9c8,84,,2026-04-23T15:19:45+07:00
5e82d93f-ca10-45b4-a3d5-59beffa4f7ee,1148adef-0f52-4e15-9121-9011a5e41134,,91,,2026-04-24T02:00:50+07:00
5831e7a1-26e2-420e-937a-32876d88bc24,25bb0843-eca2-4fda-a24a-afa0cb855fd1,ec2e17a2-948e-44b3-915f-caa14df50aa9,89,,2026-04-20T22:54:36+07:00
eb3467c1-66fc-4ab5-9411-edbd3fc7c7fe,25bb0843-eca2-4fda-a24a-afa0cb855fd1,,91,,2026-04-30T15:59:11+07:00
c28e8d3d-8f9e-4cec-af07-c213afd92e9d,1bf17fb0-0c1d-4926-a03a-59dd7294e624,73832518-b9b2-4f5a-bff7-cd820a5da9c8,98,,2026-04-25T01:12:01+07:00
397bb4f2-43ce-439c-b8fe-4ab8937e70e5,769ef0c7-c48a-479a-9fcd-3653dff1a059,83d2e570-56ce-4981-937c-fd58fd390509,86,,2026-04-23T04:14:49+07:00
e84c769b-e092-47d6-9a77-25c451095621,769ef0c7-c48a-479a-9fcd-3653dff1a059,73832518-b9b2-4f5a-bff7-cd820a5da9c8,91,,2026-05-11T12:37:24+07:00
226b1af0-0fcc-4266-8e29-6461c54f9197,769ef0c7-c48a-479a-9fcd-3653dff1a059,6ac69667-8033-4d4c-8a2c-fb6006a2c00e,93,,2026-05-29T14:32:11+07:00
60fa846e-0fd0-49f7-b856-30b8f9113b3d,16dacb81-220b-4265-82c6-8722b0797fd8,7fd4dcb0-dc6b-4e20-86e0-79dc05bf63ce,92,,2026-04-21T09:01:51+07:00
eb7ab5d8-c8ad-42fe-8e82-0da1f9e2e9a0,16dacb81-220b-4265-82c6-8722b0797fd8,ba952af1-6fd5-49fe-ba55-bdc465f95ca2,97,,2026-05-20T19:06:10+07:00
a4860c98-ba8e-4580-8757-b82c503f646f,ed81edf1-4581-413b-a2cb-0823fd3b197f,88be6602-74af-4f89-b7fa-596e620aa8e4,95,,2026-04-22T02:15:08+07:00
938e581c-db8e-4909-ac87-f48519b5ff59,ed81edf1-4581-413b-a2cb-0823fd3b197f,edb26a70-31be-4abe-8303-15f94d51175b,96,,2026-04-23T13:49:40+07:00
2d8bf417-7e0c-4da4-9406-e581d173bf05,1b262a3c-b9eb-4304-824f-0c9d167e50c2,ec2e17a2-948e-44b3-915f-caa14df50aa9,78,,2026-04-22T22:09:02+07:00
f226f0f6-0b11-4715-8651-8239322e3dd7,1b262a3c-b9eb-4304-824f-0c9d167e50c2,73832518-b9b2-4f5a-bff7-cd820a5da9c8,92,,2026-04-23T12:43:15+07:00
02c32ecf-3182-4343-9be6-1d01b982ce93,60eafd38-7526-4171-95a0-955524d5ce48,6ac69667-8033-4d4c-8a2c-fb6006a2c00e,84,,2026-04-24T00:22:51+07:00
3559858f-0580-4e22-bf5c-9797d7a74afe,60eafd38-7526-4171-95a0-955524d5ce48,ec2e17a2-948e-44b3-915f-caa14df50aa9,84,,2026-04-26T18:48:10+07:00
857a2583-36e4-46e6-9148-e610b3326139,60eafd38-7526-4171-95a0-955524d5ce48,fcd40acc-4f8f-45c8-82df-e9d0f8206796,97,,2026-04-30T22:03:58+07:00
a2c932c4-dfa3-4c23-b3bd-3b3d274af0a8,b67fe944-bcb4-4253-8221-4c6792bf3cdb,fcd40acc-4f8f-45c8-82df-e9d0f8206796,90,,2026-04-26T13:34:48+07:00
82ee810d-a926-4b25-9438-4047ff1f101b,b67fe944-bcb4-4253-8221-4c6792bf3cdb,ec2e17a2-948e-44b3-915f-caa14df50aa9,78,,2026-05-02T18:24:15+07:00
3092eff8-7401-4833-b848-f7ba75ef586b,b67fe944-bcb4-4253-8221-4c6792bf3cdb,ec2e17a2-948e-44b3-915f-caa14df50aa9,71,,2026-05-13T04:07:54+07:00
50a8a4d9-1258-4048-87e1-3922ebaddf94,cc687cdb-7b5b-43c4-a290-2a84461e5c72,88be6602-74af-4f89-b7fa-596e620aa8e4,94,,2026-05-01T22:50:14+07:00
adf27cb4-a420-43dd-859c-9cea48dcd102,cc687cdb-7b5b-43c4-a290-2a84461e5c72,028dcdfd-b509-4967-81ff-593ef33bb7ae,88,,2026-06-03T19:01:46+07:00
55e48f13-69a6-4536-b37a-296d619741e9,32b242f5-a556-48af-be70-3b345c2bc9dc,,84,,2026-04-26T22:42:24+07:00
ace2d299-6310-42f5-9509-582ec30aa5a5,32b242f5-a556-48af-be70-3b345c2bc9dc,10d05c09-bdb2-4253-8e44-856ad5336f34,88,,2026-04-28T20:16:34+07:00
515e32d6-c45e-4455-b9c3-c496b921df16,6dd231ce-16b6-4c70-b1c4-b5d56b89197e,6ac69667-8033-4d4c-8a2c-fb6006a2c00e,95,,2026-04-20T17:19:18+07:00
05b39cf5-3624-4197-b3e8-3a9740239ab0,6dd231ce-16b6-4c70-b1c4-b5d56b89197e,1c9b4737-176c-445e-859d-330a859b0f5e,99,,2026-04-26T22:27:33+07:00
1a76e45d-8e9d-47fc-8906-4c86155c9fb7,6dd231ce-16b6-4c70-b1c4-b5d56b89197e,f1eb7eeb-a8ef-4cb0-a886-09d74d3af598,99,,2026-05-18T22:05:41+07:00
2822aaef-7932-4aec-a2f8-132fd26e5c20,7bd9d36a-12b5-4b36-b6c7-caf7165bcdc9,ec2e17a2-948e-44b3-915f-caa14df50aa9,80,,2026-05-02T16:58:35+07:00
2f78297d-ffe0-4026-b8fc-6818251867ae,7bd9d36a-12b5-4b36-b6c7-caf7165bcdc9,fcd40acc-4f8f-45c8-82df-e9d0f8206796,85,,2026-05-10T19:44:57+07:00
bad6bd8c-26ba-4485-9d9c-774368fd14b1,0adde971-e028-40f3-a379-f543b109c799,1b920a71-baaf-4adc-94e8-cd83874a8d54,82,,2026-04-22T14:13:01+07:00
0c1f8734-1436-4a25-8aa7-c57fc860284a,33172c54-6e40-4490-a7c2-701308d9f106,73832518-b9b2-4f5a-bff7-cd820a5da9c8,99,,2026-05-02T15:19:52+07:00
656266ec-993a-486a-95b4-7f28f3ee7b8f,33172c54-6e40-4490-a7c2-701308d9f106,83d2e570-56ce-4981-937c-fd58fd390509,84,,2026-05-05T10:48:52+07:00
9ba57bd4-b322-48fe-9b56-68149df03d51,319c7d90-d871-4a75-ab86-a7bc236fc940,edb26a70-31be-4abe-8303-15f94d51175b,86,,2026-04-29T14:07:16+07:00
d5dd5a9b-d774-4e5b-be9f-9eb37b4cd35d,b69a5328-5cf6-44fd-9904-077d83680237,,84,,2026-04-25T09:57:36+07:00
84dcbbee-f3df-4856-a070-894ebb9d3104,b69a5328-5cf6-44fd-9904-077d83680237,10d05c09-bdb2-4253-8e44-856ad5336f34,84,,2026-04-25T10:55:15+07:00
f0f86b27-9463-4cac-943c-4329691a625f,ed69c204-0dd7-4c23-86dc-6a1b81eceb6f,83d2e570-56ce-4981-937c-fd58fd390509,91,,2026-04-23T21:18:37+07:00
efe9fe7e-fb95-4e25-9ec7-bd9f6bc12dca,ed69c204-0dd7-4c23-86dc-6a1b81eceb6f,f07af7a6-e284-4594-bf88-9240894b8c96,84,,2026-05-25T20:34:24+07:00
7e9cd1f2-e8a2-42d8-93d0-e56bd142cb0a,55bf2ef5-acb0-4538-9040-5174ac45b21d,f07af7a6-e284-4594-bf88-9240894b8c96,76,,2026-04-24T03:38:03+07:00
c86bf08b-f8da-4f7f-9d48-72cadc6ad3eb,55bf2ef5-acb0-4538-9040-5174ac45b21d,73832518-b9b2-4f5a-bff7-cd820a5da9c8,82,,2026-04-24T08:57:24+07:00
3ca4819a-e7cc-4510-b36e-c29ba5401a87,55bf2ef5-acb0-4538-9040-5174ac45b21d,,96,,2026-04-30T20:58:58+07:00
120ea355-795e-4c6a-a8cb-5024ceb28fda,55bf2ef5-acb0-4538-9040-5174ac45b21d,,88,,2026-05-03T07:07:54+07:00
59eae7da-81a6-4366-8ff3-8709103bc029,55bf2ef5-acb0-4538-9040-5174ac45b21d,,92,,2026-05-08T08:03:37+07:00
a26be175-ffe0-40e2-9b0d-3ab28311d384,1e7135a7-983a-4b0f-a3e2-15bb5ceeee93,10d05c09-bdb2-4253-8e44-856ad5336f34,84,,2026-04-26T04:17:46+07:00
799ecf47-22bd-40aa-b5aa-5b5eaf9d4574,5ac741e7-8d2a-4b5f-ad9a-f719b3b46b5a,83d2e570-56ce-4981-937c-fd58fd390509,78,,2026-04-21T06:41:42+07:00
1edf7e18-5fa6-4c0c-8bd8-895451e4b5d0,5ac741e7-8d2a-4b5f-ad9a-f719b3b46b5a,,82,,2026-04-21T19:03:19+07:00
aaed224b-c137-479a-bddd-21768eb96be2,5ac741e7-8d2a-4b5f-ad9a-f719b3b46b5a,88be6602-74af-4f89-b7fa-596e620aa8e4,87,,2026-04-22T07:17:37+07:00
337d3ef7-7109-4b08-91de-b9b20cbc989c,5ac741e7-8d2a-4b5f-ad9a-f719b3b46b5a,ec2e17a2-948e-44b3-915f-caa14df50aa9,78,,2026-05-01T03:07:32+07:00
8dca410a-043b-40b7-9d08-7f8076bbfaa9,5ac741e7-8d2a-4b5f-ad9a-f719b3b46b5a,ec2e17a2-948e-44b3-915f-caa14df50aa9,78,,2026-05-02T21:15:16+07:00
7e2566bf-d9c5-4a59-8854-f745518b0ecd,939a4fcb-4c94-426d-a1de-a538987ed52c,f07af7a6-e284-4594-bf88-9240894b8c96,86,,2026-04-29T17:16:34+07:00
5554f8a1-6b96-4823-8c1c-b22103a0d7d5,91ad292d-1a93-4220-9bb5-76720bbe5df0,7fd4dcb0-dc6b-4e20-86e0-79dc05bf63ce,81,,2026-04-24T04:15:37+07:00
fc81a78a-ff4f-4eb8-8017-9aed5384f69b,91ad292d-1a93-4220-9bb5-76720bbe5df0,10d05c09-bdb2-4253-8e44-856ad5336f34,76,,2026-04-26T17:10:50+07:00
5d3a5a21-5ab7-4558-a963-970f62f43ef0,91ad292d-1a93-4220-9bb5-76720bbe5df0,83d2e570-56ce-4981-937c-fd58fd390509,93,,2026-04-30T16:05:42+07:00
c49fb851-44dd-4141-8c52-a4bad2195acb,8f4008a2-6569-45df-aa7f-1e3a0e4cb33c,88be6602-74af-4f89-b7fa-596e620aa8e4,88,,2026-05-10T06:50:31+07:00
17fbcb01-ac5b-49df-8cb8-436acd0bc041,8f4008a2-6569-45df-aa7f-1e3a0e4cb33c,,94,,2026-05-10T11:30:37+07:00
28d3abac-3d87-4d78-b52f-dc27731bf246,c7de1a93-628f-4a1d-829f-18339b90a9ec,10d05c09-bdb2-4253-8e44-856ad5336f34,91,,2026-04-26T21:11:17+07:00
43106885-a4b8-4717-9a83-4c3391286208,c7de1a93-628f-4a1d-829f-18339b90a9ec,1c9b4737-176c-445e-859d-330a859b0f5e,84,,2026-04-29T20:28:22+07:00
3e94a309-495c-43e6-937a-34c60fac6c1a,aeee0f0f-4923-42f0-9a6c-fd15189d7382,f07af7a6-e284-4594-bf88-9240894b8c96,93,,2026-04-23T08:29:10+07:00
d5b5a32b-8f3a-4320-8bfb-2ce9683a6633,ada9ac87-0fd9-421a-85c3-73ab328d527e,ec2e17a2-948e-44b3-915f-caa14df50aa9,89,,2026-04-26T09:18:12+07:00
b9c85366-1a55-4c62-9ed9-99f4e7e82a52,ada9ac87-0fd9-421a-85c3-73ab328d527e,6ac69667-8033-4d4c-8a2c-fb6006a2c00e,93,,2026-05-23T09:53:06+07:00
0541f407-2f32-42ae-a62c-c72c56e4bc5c,ada9ac87-0fd9-421a-85c3-73ab328d527e,ba952af1-6fd5-49fe-ba55-bdc465f95ca2,89,,2026-05-24T04:14:28+07:00
64892f6b-b4d5-48a9-b94f-ce62b8802ee3,c1a956a1-14df-4dd6-8489-91f361e04696,83d2e570-56ce-4981-937c-fd58fd390509,93,,2026-04-23T06:16:15+07:00
61237cd7-e2b9-4177-a356-f4b1b41db3b9,c1a956a1-14df-4dd6-8489-91f361e04696,7fd4dcb0-dc6b-4e20-86e0-79dc05bf63ce,84,,2026-04-27T01:03:28+07:00
f22f6250-3adf-433a-a989-2e549f51fe6e,c1a956a1-14df-4dd6-8489-91f361e04696,88be6602-74af-4f89-b7fa-596e620aa8e4,85,,2026-04-29T00:23:44+07:00
cfee8eb7-6297-435a-a2a3-e5525aa0fc4b,f3698a97-7aa1-4a05-af2d-099faae10ea7,88be6602-74af-4f89-b7fa-596e620aa8e4,99,,2026-04-23T21:11:14+07:00
3743e4c0-f7c8-47d3-b224-8b384115983e,a143046b-baa5-4f5c-998d-a936a578f340,83d2e570-56ce-4981-937c-fd58fd390509,83,,2026-04-23T17:18:10+07:00
f5f96f0b-f7fb-4001-9112-8f018277c822,a143046b-baa5-4f5c-998d-a936a578f340,88be6602-74af-4f89-b7fa-596e620aa8e4,90,,2026-05-20T19:16:55+07:00
3f60e508-d442-40f9-9765-f8d8770cf7bf,35ea66f6-1b09-4c50-bd49-1f25d2e48a86,ec2e17a2-948e-44b3-915f-caa14df50aa9,78,,2026-04-23T09:58:17+07:00
056780ab-c2f9-4df1-bb7c-f7792f895095,35ea66f6-1b09-4c50-bd49-1f25d2e48a86,88be6602-74af-4f89-b7fa-596e620aa8e4,93,,2026-04-26T13:44:48+07:00
0623c483-2d2b-437b-9d94-e451bd40f7f4,2a8991b8-5269-4ec1-b67e-dcff49ca90a8,,92,,2026-04-22T20:22:47+07:00
adcfc15b-a52e-49d5-97f4-c27c72b5dbf7,2a8991b8-5269-4ec1-b67e-dcff49ca90a8,fcd40acc-4f8f-45c8-82df-e9d0f8206796,99,,2026-04-30T23:16:12+07:00
43f64c24-ed74-4ff3-b48c-bb251052d693,2a8991b8-5269-4ec1-b67e-dcff49ca90a8,edb26a70-31be-4abe-8303-15f94d51175b,94,,2026-05-06T06:01:15+07:00
4232f924-0d9a-4866-bd64-a204a06f3224,2a8991b8-5269-4ec1-b67e-dcff49ca90a8,1c9b4737-176c-445e-859d-330a859b0f5e,76,,2026-05-26T10:57:55+07:00
2a3a4f52-1014-4e6e-893f-4409c4420025,bc24a91c-a6ba-4996-862c-8817a2c66729,7fd4dcb0-dc6b-4e20-86e0-79dc05bf63ce,94,,2026-04-24T03:00:33+07:00
c5e522ae-2b7d-41a4-9f1d-11795762ceab,bc24a91c-a6ba-4996-862c-8817a2c66729,,89,,2026-05-10T02:33:12+07:00
d761520d-bd6c-41cf-9aa8-ca3c0814bdb1,e009b7ed-332d-4d63-854f-c1a4782e6a18,,86,,2026-04-29T20:14:04+07:00
44c3efb4-cad8-4af0-a22a-1c4b50d33ed0,e009b7ed-332d-4d63-854f-c1a4782e6a18,,82,,2026-05-10T19:34:05+07:00
345f43f0-afaa-403b-8504-bfc458aa0c97,d77ae5b0-56a9-4f1e-9e1a-9ebfb981f3de,83d2e570-56ce-4981-937c-fd58fd390509,90,,2026-04-24T10:08:05+07:00
53665b24-be01-4e10-a1c5-b325bf650c45,d77ae5b0-56a9-4f1e-9e1a-9ebfb981f3de,ec2e17a2-948e-44b3-915f-caa14df50aa9,99,,2026-04-24T10:21:44+07:00
b47d286a-5f6a-46d3-befa-20c3a80bc2c8,d77ae5b0-56a9-4f1e-9e1a-9ebfb981f3de,1b920a71-baaf-4adc-94e8-cd83874a8d54,96,,2026-04-24T11:28:54+07:00
0a684805-f7f0-43d3-896b-1613d27e102a,c547af86-fa70-4444-b8b5-7d6649e406cc,88be6602-74af-4f89-b7fa-596e620aa8e4,93,,2026-04-26T19:13:26+07:00
95a8557f-65b6-4dd7-81ac-aab2c48955c2,bd906812-cb26-4b58-802a-b83f20864a9a,83d2e570-56ce-4981-937c-fd58fd390509,88,,2026-04-24T12:29:49+07:00
3e4b3217-f75c-4f81-801d-f10b14b994c7,bd906812-cb26-4b58-802a-b83f20864a9a,1b920a71-baaf-4adc-94e8-cd83874a8d54,90,,2026-04-26T02:53:54+07:00
ca303e28-b4d1-4dcc-8291-e31ce007b6d0,32dcca1d-923f-4050-b894-4e14c0286b04,83d2e570-56ce-4981-937c-fd58fd390509,84,,2026-04-24T20:21:00+07:00
d5f8daa4-e6c6-4857-8064-fa7768884e23,32dcca1d-923f-4050-b894-4e14c0286b04,028dcdfd-b509-4967-81ff-593ef33bb7ae,85,,2026-05-29T17:17:19+07:00
41bc1f09-fe0d-42f8-8d73-9f49cec0fd22,32dcca1d-923f-4050-b894-4e14c0286b04,7fd4dcb0-dc6b-4e20-86e0-79dc05bf63ce,80,,2026-06-04T06:08:06+07:00
9db7990c-ae90-4269-8182-1f2afcfc29cc,e8760cca-1011-4fa1-8ff6-dabc75fea779,ec2e17a2-948e-44b3-915f-caa14df50aa9,86,,2026-04-24T16:34:18+07:00
45b21a02-fd14-453d-9312-390e66508fdf,e8760cca-1011-4fa1-8ff6-dabc75fea779,83d2e570-56ce-4981-937c-fd58fd390509,89,,2026-04-25T17:03:16+07:00
c8619026-8574-4120-8230-615c1a668c7f,9300e466-6222-482b-a591-f72eb5c9bd3f,,97,,2026-04-27T13:48:27+07:00
de0340b3-4975-4a49-b062-481565094422,9300e466-6222-482b-a591-f72eb5c9bd3f,f07af7a6-e284-4594-bf88-9240894b8c96,87,,2026-05-18T01:50:20+07:00
e9467a0d-1e51-4997-bf5c-7e5126d1b7a9,9300e466-6222-482b-a591-f72eb5c9bd3f,1b920a71-baaf-4adc-94e8-cd83874a8d54,90,,2026-05-25T10:05:27+07:00
a1b8be45-5a7b-42c0-9a2f-f664804da5a8,bebcb920-5f8f-4a53-b5db-180686580b47,73832518-b9b2-4f5a-bff7-cd820a5da9c8,84,,2026-04-28T15:49:09+07:00
f3858224-fc42-479d-8d5a-807fccf2389e,bebcb920-5f8f-4a53-b5db-180686580b47,83d2e570-56ce-4981-937c-fd58fd390509,92,,2026-05-10T08:27:59+07:00
357ce15c-9ddd-4515-8b41-dad8ff6e270e,00f276de-c0ca-4fa5-8043-3958ac908d0d,6ac69667-8033-4d4c-8a2c-fb6006a2c00e,93,,2026-04-26T12:46:21+07:00
2478b201-8d93-43a5-a8e0-0a72622c8e31,00f276de-c0ca-4fa5-8043-3958ac908d0d,,96,,2026-04-28T04:51:20+07:00
7cdc4321-0b77-441a-bb1f-5723cc20b8f6,00f276de-c0ca-4fa5-8043-3958ac908d0d,fcd40acc-4f8f-45c8-82df-e9d0f8206796,88,,2026-05-14T09:13:10+07:00
69d6a52d-f2e5-4c2d-98f6-7c3a1bc6f7f9,ebc86148-6a7c-4280-b3ca-752c831f0db5,6ac69667-8033-4d4c-8a2c-fb6006a2c00e,80,,2026-04-29T13:33:26+07:00
962b3d9c-bf46-4847-acec-2589217d53bf,ebc86148-6a7c-4280-b3ca-752c831f0db5,ba952af1-6fd5-49fe-ba55-bdc465f95ca2,83,,2026-05-11T15:35:37+07:00
f744945d-2882-4989-9232-b4e94884d994,b5940ad4-556d-41f4-9327-4b87314e63d3,88be6602-74af-4f89-b7fa-596e620aa8e4,84,,2026-05-03T02:40:42+07:00
7cb63563-f354-490a-9ec7-9681fea9977e,b5940ad4-556d-41f4-9327-4b87314e63d3,83d2e570-56ce-4981-937c-fd58fd390509,86,,2026-05-16T08:10:38+07:00
f61b3a34-291a-4714-930a-c79ec7227bb3,5907c837-f02d-4edb-be50-1d358a008602,f07af7a6-e284-4594-bf88-9240894b8c96,92,,2026-04-27T10:19:57+07:00
6b1f7175-ae04-4a28-9734-91fe8a2b2310,5907c837-f02d-4edb-be50-1d358a008602,f07af7a6-e284-4594-bf88-9240894b8c96,89,,2026-04-27T12:38:36+07:00
c49dc3c2-f9f3-4991-938a-b3f4c6e22fcf,5907c837-f02d-4edb-be50-1d358a008602,fcd40acc-4f8f-45c8-82df-e9d0f8206796,88,,2026-04-28T16:50:05+07:00
067aa7a0-f766-478a-ac67-701a75c684bd,3a0fbe9c-df2e-4b5c-a432-9daa1f65bceb,f07af7a6-e284-4594-bf88-9240894b8c96,93,,2026-04-25T06:27:03+07:00
b3035f54-ddaf-4198-80be-ef6d9c2b3431,3a0fbe9c-df2e-4b5c-a432-9daa1f65bceb,,87,,2026-05-31T14:11:57+07:00
e72cb156-3396-47b9-9240-b614f3a4b410,3a0fbe9c-df2e-4b5c-a432-9daa1f65bceb,73832518-b9b2-4f5a-bff7-cd820a5da9c8,96,,2026-06-02T13:11:26+07:00
65b8feb6-6bae-4d3f-8433-4340610b95ef,c6ee5c48-d2ae-4cc2-9c9a-299668964abf,ec2e17a2-948e-44b3-915f-caa14df50aa9,90,,2026-04-26T02:21:37+07:00
2a42cb26-d93a-4b47-88e0-c2c57a6bff76,c6ee5c48-d2ae-4cc2-9c9a-299668964abf,1b920a71-baaf-4adc-94e8-cd83874a8d54,91,,2026-04-29T00:29:13+07:00
208d2274-7c13-493c-8b12-96b47c6badd2,c6ee5c48-d2ae-4cc2-9c9a-299668964abf,83d2e570-56ce-4981-937c-fd58fd390509,90,,2026-05-01T09:46:55+07:00
6290d4d2-09cd-4b6a-9995-a9d01173ce5b,792743ab-de77-4290-a5f2-b325aed46b2d,edb26a70-31be-4abe-8303-15f94d51175b,95,,2026-05-02T00:17:39+07:00
0e3c1e64-0704-47d4-b5bf-c0c0e22ae57a,792743ab-de77-4290-a5f2-b325aed46b2d,83d2e570-56ce-4981-937c-fd58fd390509,81,,2026-05-06T15:02:45+07:00
97a16d7e-3ac4-4ca4-90ae-7454e31bd5b7,792743ab-de77-4290-a5f2-b325aed46b2d,88be6602-74af-4f89-b7fa-596e620aa8e4,93,,2026-05-28T18:47:18+07:00
4c79f0b4-698a-4771-8ea9-0413b793e9d4,8b7a8768-a24c-4762-b0b1-e8621d5e58bf,edb26a70-31be-4abe-8303-15f94d51175b,85,,2026-05-04T15:30:17+07:00
5642c3b6-e3d5-401e-ae66-95f8588c1e96,deb9ec2e-f9ad-474f-bea3-32ba706190ce,f1eb7eeb-a8ef-4cb0-a886-09d74d3af598,94,,2026-05-05T12:19:46+07:00
62e28ef3-163d-43ab-9a98-99da69cd01b4,deb9ec2e-f9ad-474f-bea3-32ba706190ce,,92,,2026-05-21T13:13:30+07:00
e6d06b94-1fe4-4fb5-8b6e-74732478b07c,1776f853-6346-4c6f-8b7a-14efb26b97e5,f07af7a6-e284-4594-bf88-9240894b8c96,66,,2026-04-28T03:51:08+07:00
5bfa00fc-f049-4950-89a7-ac15b75b8ab8,1776f853-6346-4c6f-8b7a-14efb26b97e5,fcd40acc-4f8f-45c8-82df-e9d0f8206796,84,,2026-05-01T12:16:13+07:00
858b7d73-6cfe-4556-857c-11043ad14995,b7d3ec1d-e2e4-48cb-b31b-10f46699adfe,1c9b4737-176c-445e-859d-330a859b0f5e,92,,2026-04-29T23:42:50+07:00
10652616-fe9b-4157-8f09-69d1f9250011,b7d3ec1d-e2e4-48cb-b31b-10f46699adfe,88be6602-74af-4f89-b7fa-596e620aa8e4,79,,2026-05-03T02:26:05+07:00
7d0f79f7-9652-49cc-b3ef-a61abe8e38e4,7f8949a1-7f18-4b6e-8617-a1f31927dbba,6ac69667-8033-4d4c-8a2c-fb6006a2c00e,82,,2026-05-08T05:53:15+07:00
722a7d3b-747e-4eac-a07b-67a56afb89a4,7f8949a1-7f18-4b6e-8617-a1f31927dbba,88be6602-74af-4f89-b7fa-596e620aa8e4,88,,2026-06-03T03:44:21+07:00
4e7c3177-1113-4df4-bc35-37eb046060e0,e2512af8-2b48-4619-97a2-ac038f25f551,73832518-b9b2-4f5a-bff7-cd820a5da9c8,90,,2026-05-02T03:02:38+07:00
7b0a7b62-e331-46b7-8f9f-2a7543b1cff7,e2512af8-2b48-4619-97a2-ac038f25f551,83d2e570-56ce-4981-937c-fd58fd390509,81,,2026-05-09T08:22:52+07:00
7ce4a27f-9e6f-4efd-b9fd-dc9cf2784f3b,204c9600-11c4-4b98-9563-8f6f8baaebd4,10d05c09-bdb2-4253-8e44-856ad5336f34,85,,2026-04-29T07:17:39+07:00
11fddcb7-99e7-4029-8dc6-4e85ac08e870,204c9600-11c4-4b98-9563-8f6f8baaebd4,,78,,2026-04-30T16:51:25+07:00
5969207f-a970-45a6-9086-506d66d73716,e764cb45-da6e-456a-965e-ef85e5589feb,83d2e570-56ce-4981-937c-fd58fd390509,97,,2026-04-26T18:45:55+07:00
82241909-1918-43c4-8b05-3aca22228602,e764cb45-da6e-456a-965e-ef85e5589feb,73832518-b9b2-4f5a-bff7-cd820a5da9c8,87,,2026-04-28T09:09:23+07:00
61d23501-2d06-4de7-ac14-88364dd6206d,c52e3fe8-4365-4f94-bf9b-adedf92ab1ff,10d05c09-bdb2-4253-8e44-856ad5336f34,92,,2026-04-26T19:04:37+07:00
43ed2c30-62e2-49e3-ab37-df5052c7693b,c52e3fe8-4365-4f94-bf9b-adedf92ab1ff,,94,,2026-05-12T21:18:04+07:00
44adf19a-9b89-4d5c-beeb-0fc50e0004a7,c52e3fe8-4365-4f94-bf9b-adedf92ab1ff,88be6602-74af-4f89-b7fa-596e620aa8e4,82,,2026-05-30T01:17:38+07:00
954f2a66-18b5-4c10-b721-6b25308d5ab0,f1d487cf-5273-4915-85f8-5821ffcf2b17,ec2e17a2-948e-44b3-915f-caa14df50aa9,78,,2026-04-26T23:22:07+07:00
4664c6bf-043b-45ef-a47b-4ad3aaf8de5b,f1d487cf-5273-4915-85f8-5821ffcf2b17,f07af7a6-e284-4594-bf88-9240894b8c96,90,,2026-04-28T09:59:31+07:00
43f4c266-3d1d-45c7-a5c6-4f931d7a64b6,788c7d01-d10e-4a2b-a422-864d0eb4c4d6,73832518-b9b2-4f5a-bff7-cd820a5da9c8,85,,2026-04-27T20:49:54+07:00
826be283-916a-4e30-829c-8d1d2f18f853,788c7d01-d10e-4a2b-a422-864d0eb4c4d6,1c9b4737-176c-445e-859d-330a859b0f5e,90,,2026-04-28T03:36:23+07:00
651db72e-516f-46c6-bce7-6435ecd6de4a,788c7d01-d10e-4a2b-a422-864d0eb4c4d6,73832518-b9b2-4f5a-bff7-cd820a5da9c8,84,,2026-05-09T01:56:36+07:00
367f7387-4b60-4e72-b500-8c694acfe996,81c56464-692d-4880-9301-4f09af92b17d,7fd4dcb0-dc6b-4e20-86e0-79dc05bf63ce,77,,2026-04-30T19:42:57+07:00
053e3fec-cd4a-41ec-9abf-bc1d2d30b023,81c56464-692d-4880-9301-4f09af92b17d,6ac69667-8033-4d4c-8a2c-fb6006a2c00e,84,,2026-05-01T06:03:58+07:00
f67bf9e9-a21b-49c7-89a0-866d64a06cb8,81c56464-692d-4880-9301-4f09af92b17d,83d2e570-56ce-4981-937c-fd58fd390509,88,,2026-05-19T11:46:00+07:00
d3c6d923-2016-42f3-b783-ce07e4fd2581,c69399ea-317f-4bf6-9c9a-2d1ee1f878c6,10d05c09-bdb2-4253-8e44-856ad5336f34,97,,2026-04-30T07:03:18+07:00
23a26cea-aa47-4964-ba61-e5f211062995,c69399ea-317f-4bf6-9c9a-2d1ee1f878c6,fcd40acc-4f8f-45c8-82df-e9d0f8206796,98,,2026-05-13T17:35:47+07:00
7946b2fc-95d6-406d-89b1-9c9d93141951,4bb214c9-d4e6-4abf-a83a-3a07193ff504,f07af7a6-e284-4594-bf88-9240894b8c96,82,,2026-05-01T16:55:25+07:00
86ba957a-b85c-4332-a09b-744d8638b976,4bb214c9-d4e6-4abf-a83a-3a07193ff504,ec2e17a2-948e-44b3-915f-caa14df50aa9,80,,2026-05-02T19:38:45+07:00
e970b3b0-ad36-44cb-a081-c0711623b4ac,b4709628-d78e-44de-8e92-8a669b6b0dd0,,84,,2026-05-01T03:43:40+07:00
91f08c46-747d-4635-ba59-a3e529b03158,b4709628-d78e-44de-8e92-8a669b6b0dd0,028dcdfd-b509-4967-81ff-593ef33bb7ae,95,,2026-05-26T21:12:36+07:00
9403038b-8e51-4b99-a283-ef3a743eed63,c9622af9-0785-4235-aec8-5dfb973f552c,73832518-b9b2-4f5a-bff7-cd820a5da9c8,95,,2026-04-27T13:44:21+07:00
030e62a8-fad6-48a7-afd3-56836b465c67,c9622af9-0785-4235-aec8-5dfb973f552c,73832518-b9b2-4f5a-bff7-cd820a5da9c8,82,,2026-04-28T12:00:37+07:00
571714b9-0995-4ef5-ab89-e32731a661e0,5faac420-f6ff-4e7b-a41e-081745787a98,ec2e17a2-948e-44b3-915f-caa14df50aa9,85,,2026-04-26T10:53:02+07:00
8171f2c7-2db9-44e2-80b5-6deceb9b3f23,5faac420-f6ff-4e7b-a41e-081745787a98,fcd40acc-4f8f-45c8-82df-e9d0f8206796,86,,2026-04-26T10:57:47+07:00
da45dd27-3191-4b6d-8452-b79af4840978,5faac420-f6ff-4e7b-a41e-081745787a98,,87,,2026-04-26T15:29:28+07:00
cc52254a-511c-4e84-965e-8031397485bc,5faac420-f6ff-4e7b-a41e-081745787a98,f07af7a6-e284-4594-bf88-9240894b8c96,98,,2026-04-29T13:45:01+07:00
f9ec6c6e-49c2-4d67-b4be-aac90c68f737,ca9f2bea-7292-4c2b-b078-67f5776c464f,1c9b4737-176c-445e-859d-330a859b0f5e,84,,2026-05-06T12:14:08+07:00
17e3ca4a-16f8-47bc-969f-5a3304874858,ca9f2bea-7292-4c2b-b078-67f5776c464f,,84,,2026-05-14T14:19:21+07:00
4d5588bd-ab1f-45b5-b901-9294ce1ec8e3,ca9f2bea-7292-4c2b-b078-67f5776c464f,461e2ef5-600f-436b-8b20-ff6b5e1c1561,95,,2026-05-29T14:30:08+07:00
346393bb-1ad1-4c46-a977-0519a9d5320c,ad4f7111-76c4-45c6-b08b-55a2199492a5,f07af7a6-e284-4594-bf88-9240894b8c96,96,,2026-05-09T08:16:25+07:00
5f9b6678-01c2-4bb2-beab-a4285e48192b,bca1163e-3934-4e87-8aac-9a9364f1ba69,ec2e17a2-948e-44b3-915f-caa14df50aa9,84,,2026-05-01T12:38:59+07:00
ef03dee6-5797-4433-bde6-4b255ddc0fb8,bca1163e-3934-4e87-8aac-9a9364f1ba69,10d05c09-bdb2-4253-8e44-856ad5336f34,98,,2026-05-01T13:57:18+07:00
8b0812f4-e742-4b6b-9e81-2472eaa1c4f2,bca1163e-3934-4e87-8aac-9a9364f1ba69,6ac69667-8033-4d4c-8a2c-fb6006a2c00e,98,,2026-05-03T03:12:36+07:00
237178d9-4593-4999-ac09-a659609b049c,bca1163e-3934-4e87-8aac-9a9364f1ba69,6ac69667-8033-4d4c-8a2c-fb6006a2c00e,90,,2026-05-05T20:59:17+07:00
40b24a3f-26db-4acd-9522-635208e1f8ce,bca1163e-3934-4e87-8aac-9a9364f1ba69,7fd4dcb0-dc6b-4e20-86e0-79dc05bf63ce,95,,2026-05-14T20:50:38+07:00
c2e9c73f-78e7-4417-aaee-3150a01b7dbe,543fdee6-31e0-4750-8f84-6f46d32c21f6,ec2e17a2-948e-44b3-915f-caa14df50aa9,84,,2026-05-07T08:33:33+07:00
fc6a4119-8e4f-4b98-8eb3-bd3d8a999e14,543fdee6-31e0-4750-8f84-6f46d32c21f6,88be6602-74af-4f89-b7fa-596e620aa8e4,87,,2026-05-09T22:25:34+07:00
40a3e045-b3a5-44ff-bd2f-be9622a08a18,290db095-c6e1-4dc8-99dc-481222e76346,10d05c09-bdb2-4253-8e44-856ad5336f34,80,,2026-04-27T23:38:43+07:00
7f9cc9c3-7c24-4456-8ad3-26a87c16d43e,290db095-c6e1-4dc8-99dc-481222e76346,1c9b4737-176c-445e-859d-330a859b0f5e,95,,2026-05-04T13:54:24+07:00
c7e53079-2f82-46b2-9b6f-6e99ef8bd50b,290db095-c6e1-4dc8-99dc-481222e76346,73832518-b9b2-4f5a-bff7-cd820a5da9c8,96,,2026-05-15T13:00:55+07:00
c047fb2c-d9b7-41d0-9f45-e80919a41080,290db095-c6e1-4dc8-99dc-481222e76346,f1eb7eeb-a8ef-4cb0-a886-09d74d3af598,87,,2026-05-19T07:29:57+07:00
0d4a3c39-4da4-4889-9f06-ac79eccb8840,bef062e1-433b-44f7-a8be-2c2b65415588,7fd4dcb0-dc6b-4e20-86e0-79dc05bf63ce,92,,2026-04-27T19:38:07+07:00
b8dd01de-559b-4455-b7d3-4fb7b4026feb,bef062e1-433b-44f7-a8be-2c2b65415588,73832518-b9b2-4f5a-bff7-cd820a5da9c8,93,,2026-04-28T01:35:09+07:00
907bd55b-61da-476b-a7b9-fc5f9a97e6d7,bef062e1-433b-44f7-a8be-2c2b65415588,83d2e570-56ce-4981-937c-fd58fd390509,88,,2026-04-30T02:36:51+07:00
41611410-687b-4d51-974c-3d086330d746,bef062e1-433b-44f7-a8be-2c2b65415588,6ac69667-8033-4d4c-8a2c-fb6006a2c00e,92,,2026-04-30T13:20:00+07:00
e6f12b54-29bb-4d2e-92d7-121cc371b659,bef062e1-433b-44f7-a8be-2c2b65415588,edb26a70-31be-4abe-8303-15f94d51175b,75,,2026-05-07T02:26:49+07:00
b7f28423-6ff3-4695-87f5-3fd0095406ef,bef062e1-433b-44f7-a8be-2c2b65415588,83d2e570-56ce-4981-937c-fd58fd390509,85,,2026-05-07T10:34:38+07:00
ad76998f-5bea-4d0d-964a-460412422503,831d2445-564a-467c-8e77-bf6e6f60f9b8,83d2e570-56ce-4981-937c-fd58fd390509,85,,2026-05-01T01:42:53+07:00
34e2f6f7-97e6-4b91-b03c-081901cb5422,f61f1509-1863-4d93-9a6a-a43b3172dd54,1b920a71-baaf-4adc-94e8-cd83874a8d54,87,,2026-05-07T21:19:17+07:00
3b19f167-f64a-4b1d-b90e-b2f72c56a8e6,f61f1509-1863-4d93-9a6a-a43b3172dd54,7fd4dcb0-dc6b-4e20-86e0-79dc05bf63ce,83,,2026-05-23T05:06:17+07:00
98178287-7c17-4ef2-80b9-de7aa5bdc074,f6fc1383-8de1-41a3-9f54-091e752d46e6,,84,,2026-05-11T06:20:34+07:00
9c212218-6f2a-407f-bcc7-cf8cf0bc3355,f6fc1383-8de1-41a3-9f54-091e752d46e6,,93,,2026-06-13T09:59:54+07:00
37660789-7237-4898-9be5-4cd00693bceb,11fda7b6-efa1-45b4-83f3-787400cdff94,88be6602-74af-4f89-b7fa-596e620aa8e4,79,,2026-05-01T13:41:42+07:00
1ffc401b-c35c-4e33-bdbe-374197fd8a02,11fda7b6-efa1-45b4-83f3-787400cdff94,,78,,2026-05-06T11:29:39+07:00
3864d3a6-ccd4-4257-86b6-d94c74dc912b,73ccd484-9e56-41a4-9dea-b4f929259c64,7fd4dcb0-dc6b-4e20-86e0-79dc05bf63ce,80,,2026-04-28T10:41:15+07:00
cd9b748d-66bb-4927-9e00-93a9dbca208b,73ccd484-9e56-41a4-9dea-b4f929259c64,,73,,2026-05-10T04:43:49+07:00
6abc45da-4001-4423-bb88-de0a5ea2c328,49c8a77a-502a-4b51-8918-49410489f40d,88be6602-74af-4f89-b7fa-596e620aa8e4,76,,2026-04-29T09:12:49+07:00
4e19e6fc-3f8e-40fe-98b5-890d77d762a0,49c8a77a-502a-4b51-8918-49410489f40d,,90,,2026-04-30T07:59:31+07:00
a7084c25-19ba-4207-af26-38a03d764a0b,49c8a77a-502a-4b51-8918-49410489f40d,fcd40acc-4f8f-45c8-82df-e9d0f8206796,81,,2026-05-01T13:51:23+07:00
d952472c-2061-476e-82df-b99c17b071e9,3b6f6f9f-f27d-4f34-8742-beb32216cb0c,,86,,2026-05-04T05:03:45+07:00
92b46034-808c-4d68-bc3b-196c0e465781,6d177728-7899-4a8c-a922-293880a7c2e1,ec2e17a2-948e-44b3-915f-caa14df50aa9,95,,2026-05-03T19:29:46+07:00
f3ac4cf5-8293-4575-9dc3-a6cdba8c504b,6d177728-7899-4a8c-a922-293880a7c2e1,,86,,2026-05-10T09:21:51+07:00
fc5871a4-c7f2-4b40-9e45-62c4d3b059c2,a2bf4c95-ed75-411b-adf1-d6c0feaf19ba,88be6602-74af-4f89-b7fa-596e620aa8e4,88,,2026-05-02T22:56:25+07:00
fd1063e1-5357-4a31-8295-a34062dd493c,a2bf4c95-ed75-411b-adf1-d6c0feaf19ba,fcd40acc-4f8f-45c8-82df-e9d0f8206796,92,,2026-05-14T10:08:22+07:00
9e60096a-d053-4b45-bcc5-81b0086a1896,20d4fce6-4936-46bd-b20d-6ed930e836eb,,90,,2026-05-06T15:45:29+07:00
34e92178-3dac-44f0-9c0e-4275b726db4b,20d4fce6-4936-46bd-b20d-6ed930e836eb,88be6602-74af-4f89-b7fa-596e620aa8e4,96,,2026-06-07T11:10:24+07:00
388883e9-85bf-44f4-ab41-78c330d25fde,badb63bc-4834-4938-a109-9170c136846d,6ac69667-8033-4d4c-8a2c-fb6006a2c00e,79,,2026-05-07T23:40:41+07:00
0aff7027-669e-4d09-9af0-391bab79e721,df954cb8-2d96-4939-a127-ae5d12451d92,88be6602-74af-4f89-b7fa-596e620aa8e4,75,,2026-05-02T16:26:14+07:00
78210066-0712-4370-9f8d-a1ecf302517c,df954cb8-2d96-4939-a127-ae5d12451d92,ba952af1-6fd5-49fe-ba55-bdc465f95ca2,91,,2026-05-21T01:58:40+07:00
9139f0a1-7984-49a9-9d5a-231eafb970cb,b93f1890-c80f-4e15-9050-c66ffba8afb1,1b920a71-baaf-4adc-94e8-cd83874a8d54,97,,2026-04-30T11:25:16+07:00
a0145d51-76a1-47bf-a8af-0b5271cb047e,b93f1890-c80f-4e15-9050-c66ffba8afb1,83d2e570-56ce-4981-937c-fd58fd390509,81,,2026-05-08T22:10:31+07:00
5aea1bf5-cc35-4ff7-87a2-5e8964bf47dc,b93f1890-c80f-4e15-9050-c66ffba8afb1,028dcdfd-b509-4967-81ff-593ef33bb7ae,92,,2026-05-24T15:45:44+07:00
18aabb00-b3f8-4f28-ac38-c835750feeda,6180697c-d2d7-47a6-8ab7-91af57cd49fb,fcd40acc-4f8f-45c8-82df-e9d0f8206796,92,,2026-04-29T15:42:57+07:00
594391c6-14cb-4b88-b53b-d3b94b5d68ba,6180697c-d2d7-47a6-8ab7-91af57cd49fb,ec2e17a2-948e-44b3-915f-caa14df50aa9,83,,2026-06-03T04:47:10+07:00
b0391cb5-b6d8-4a04-ae3b-1da84c0e2f51,81d55c7e-b761-491c-92d1-b5090d707f00,ba952af1-6fd5-49fe-ba55-bdc465f95ca2,89,,2026-05-02T06:21:09+07:00
68d40a0d-2c33-4fee-a47c-afcdf4bccc42,81d55c7e-b761-491c-92d1-b5090d707f00,88be6602-74af-4f89-b7fa-596e620aa8e4,88,,2026-05-02T12:19:00+07:00
ddd7fc36-a5b8-4aab-903a-de4b0b559b4d,b33f8fa5-c21e-4465-8c34-2061f9a6c681,6ac69667-8033-4d4c-8a2c-fb6006a2c00e,89,,2026-05-03T03:55:08+07:00
f61390c5-40f6-4ece-9f77-5a7c30e0d9d7,0144ea45-2083-496b-95a0-4c71a15a72e7,73832518-b9b2-4f5a-bff7-cd820a5da9c8,88,,2026-05-08T11:15:55+07:00
e63c4042-79c5-4de5-9f62-565ede586083,0144ea45-2083-496b-95a0-4c71a15a72e7,fcd40acc-4f8f-45c8-82df-e9d0f8206796,80,,2026-05-10T03:02:33+07:00
d7d31c14-a003-4fa5-a4c5-543dc07dc74c,93bcd653-6436-465f-916a-81da4be62717,83d2e570-56ce-4981-937c-fd58fd390509,78,,2026-05-02T00:32:46+07:00
85a969f9-d352-4084-a450-7600f0bfffc3,46f3aeb2-a9ac-4391-b457-e7a163306b5e,73832518-b9b2-4f5a-bff7-cd820a5da9c8,84,,2026-05-06T07:54:51+07:00
32c5137e-7158-47e2-8dd5-03a3cdc02c6e,46f3aeb2-a9ac-4391-b457-e7a163306b5e,10d05c09-bdb2-4253-8e44-856ad5336f34,87,,2026-05-07T14:30:23+07:00
8fecd86e-a2ff-4270-bf17-366fbcea0b1f,5d013dcc-0b41-4a01-b7ac-63d47d27e7ef,46d4a03e-c262-49ec-8695-987a04d7dc4b,93,,2026-05-02T06:50:25+07:00
789344fc-5c77-4843-a51e-2635d08b6784,5d013dcc-0b41-4a01-b7ac-63d47d27e7ef,ba952af1-6fd5-49fe-ba55-bdc465f95ca2,88,,2026-05-12T18:26:52+07:00
7a9b8e46-f3a1-4a4d-983a-752f5c7ef8d2,5d013dcc-0b41-4a01-b7ac-63d47d27e7ef,1c9b4737-176c-445e-859d-330a859b0f5e,88,,2026-05-22T09:07:42+07:00
16ab0363-720e-4958-ad19-46fea02866f5,fed6b83d-32ef-450f-b0a0-050d3c478629,1c9b4737-176c-445e-859d-330a859b0f5e,85,,2026-05-01T05:38:42+07:00
49c7f955-d6a7-422b-aea2-6eb4c257ffcf,fed6b83d-32ef-450f-b0a0-050d3c478629,ec2e17a2-948e-44b3-915f-caa14df50aa9,86,,2026-05-17T03:16:56+07:00
2f8b945c-ae67-4efb-98a8-31cf074be9a2,f0de82b7-f3b1-4c4c-b471-0698604ddac5,73832518-b9b2-4f5a-bff7-cd820a5da9c8,85,,2026-05-06T08:12:30+07:00
a3326caf-96c5-4c2b-a628-c952f4a0db9e,f0de82b7-f3b1-4c4c-b471-0698604ddac5,ec2e17a2-948e-44b3-915f-caa14df50aa9,83,,2026-05-15T00:11:14+07:00
511541ae-5337-41ec-93f4-af5260785813,c247a5df-7c8d-4733-82b8-62b5555d68bf,1c9b4737-176c-445e-859d-330a859b0f5e,90,,2026-05-01T15:40:11+07:00
7eb31639-9c75-4147-a9f2-06fb15c2e70c,741263ba-9d75-47ca-b9a6-97fe571fc958,88be6602-74af-4f89-b7fa-596e620aa8e4,90,,2026-05-02T22:09:32+07:00
827cd5fa-f98e-4b4e-8929-4e0ae86891f1,99ca5d71-7668-44d7-820e-1fa5021869f5,1c9b4737-176c-445e-859d-330a859b0f5e,91,,2026-05-05T10:12:28+07:00
2081f15c-c9f7-4124-ba69-5e615dbfb8f7,99ca5d71-7668-44d7-820e-1fa5021869f5,6ac69667-8033-4d4c-8a2c-fb6006a2c00e,78,,2026-05-17T22:44:41+07:00
897109a9-a97c-4327-95ff-5ff4dd393f13,b21fd90d-5d3e-447d-9762-589ae7416e5f,f1eb7eeb-a8ef-4cb0-a886-09d74d3af598,84,,2026-05-07T16:30:57+07:00
a41e9284-7f9c-4df1-9a93-cc67f3089525,b21fd90d-5d3e-447d-9762-589ae7416e5f,,87,,2026-05-22T10:20:55+07:00
81facd7a-ee4e-421d-99ce-0bc76fb8b775,537b4599-2ae4-4e5a-a36c-b588e5024552,edb26a70-31be-4abe-8303-15f94d51175b,82,,2026-05-03T21:05:36+07:00
cb438196-335b-4de6-9f20-fbb362ff4513,537b4599-2ae4-4e5a-a36c-b588e5024552,10d05c09-bdb2-4253-8e44-856ad5336f34,84,,2026-05-13T11:36:47+07:00
bbdbac58-d505-494d-a867-2aa24287f261,537b4599-2ae4-4e5a-a36c-b588e5024552,ba952af1-6fd5-49fe-ba55-bdc465f95ca2,96,,2026-05-29T18:23:39+07:00
966be3d7-05e9-493a-9279-b16964736aea,5d751924-af70-4199-a1da-22b1346e4980,7fd4dcb0-dc6b-4e20-86e0-79dc05bf63ce,78,,2026-05-03T08:50:13+07:00
9e541c4c-060c-403b-bc7e-df77b9edc315,bc36f9b4-ceba-4c02-a121-342e09b952f6,46d4a03e-c262-49ec-8695-987a04d7dc4b,83,,2026-05-03T12:03:31+07:00
04174ffd-7684-4f5f-9d8a-7701c3fd61d8,bc36f9b4-ceba-4c02-a121-342e09b952f6,ec2e17a2-948e-44b3-915f-caa14df50aa9,88,,2026-05-10T05:34:03+07:00
54cf64ee-93a7-4a1e-ac09-37f4c21b474b,0cf6a9f3-9ad6-4097-8eb6-5db0b55cda85,10d05c09-bdb2-4253-8e44-856ad5336f34,90,,2026-05-09T19:59:10+07:00
19499e3e-5bc6-42e8-bfdd-f27a68ea57f9,0cf6a9f3-9ad6-4097-8eb6-5db0b55cda85,028dcdfd-b509-4967-81ff-593ef33bb7ae,85,,2026-05-26T09:09:59+07:00
895befd2-8027-4648-8560-c8ff49a4c5a8,0cf6a9f3-9ad6-4097-8eb6-5db0b55cda85,edb26a70-31be-4abe-8303-15f94d51175b,86,,2026-05-28T20:48:11+07:00
8ac81016-037e-4b59-8f9c-c6fb1e965684,1ea50232-41a7-44eb-8ee4-ac4e900d2145,46d4a03e-c262-49ec-8695-987a04d7dc4b,96,,2026-05-02T21:01:33+07:00
65f53624-3224-4ea3-8c36-444e66594e04,1ea50232-41a7-44eb-8ee4-ac4e900d2145,10d05c09-bdb2-4253-8e44-856ad5336f34,90,,2026-06-10T05:41:40+07:00
99cb8e7d-7f33-4809-8211-58812b057098,891a5e1b-00ac-4650-a1d3-6c45594cddd9,,99,,2026-05-21T13:04:42+07:00
00571885-5ec5-4538-9671-f549addef981,891a5e1b-00ac-4650-a1d3-6c45594cddd9,461e2ef5-600f-436b-8b20-ff6b5e1c1561,90,,2026-06-11T04:46:44+07:00
b6733009-455c-4f79-831b-6fad1ba4340d,df71e5de-987f-40c9-b74a-d19ebcdb237d,73832518-b9b2-4f5a-bff7-cd820a5da9c8,90,,2026-05-02T15:47:08+07:00
df98633e-1e99-4533-a65b-672b98f42ee6,df71e5de-987f-40c9-b74a-d19ebcdb237d,f07af7a6-e284-4594-bf88-9240894b8c96,75,,2026-06-06T12:24:11+07:00
13ff53dd-9938-4caf-8848-89da7c962e50,9c114d4b-ae68-48da-a024-7204d21f6c44,edb26a70-31be-4abe-8303-15f94d51175b,90,,2026-05-03T09:23:35+07:00
8a0459f3-93e0-4177-aaff-d9dbcf22e6ae,9c114d4b-ae68-48da-a024-7204d21f6c44,ec2e17a2-948e-44b3-915f-caa14df50aa9,96,,2026-05-09T13:33:47+07:00
98af9383-ba18-4dab-a0d9-ffdd08329232,0a08e4c1-0f37-4e54-a6be-5492bf0e8963,fcd40acc-4f8f-45c8-82df-e9d0f8206796,83,,2026-05-04T01:14:28+07:00
a79389e4-ecf6-437f-a480-6586a6ea7835,0a08e4c1-0f37-4e54-a6be-5492bf0e8963,1b920a71-baaf-4adc-94e8-cd83874a8d54,90,,2026-05-14T15:02:23+07:00
85fc8b55-fc04-44e8-824e-50a3e606de23,d81d157f-3189-4bb5-b4e7-1132d1aaa8da,f07af7a6-e284-4594-bf88-9240894b8c96,90,,2026-05-06T11:40:41+07:00
2ff85eb0-ffff-4466-a049-45c859b9821a,d81d157f-3189-4bb5-b4e7-1132d1aaa8da,ec2e17a2-948e-44b3-915f-caa14df50aa9,97,,2026-05-07T20:36:15+07:00
52e17f5d-2f87-477e-a0ee-42ad2a31f9c8,d81d157f-3189-4bb5-b4e7-1132d1aaa8da,88be6602-74af-4f89-b7fa-596e620aa8e4,85,,2026-05-07T23:24:13+07:00
2415a0c7-57bb-46b8-9459-ae27d5d2790a,d81d157f-3189-4bb5-b4e7-1132d1aaa8da,10d05c09-bdb2-4253-8e44-856ad5336f34,93,,2026-05-08T23:27:50+07:00
0b2ca9bb-4082-4607-ba9f-6dabd52034f3,d81d157f-3189-4bb5-b4e7-1132d1aaa8da,,94,,2026-05-21T05:10:15+07:00
95129371-fdc0-4775-a8e0-eb0bd2627610,d81d157f-3189-4bb5-b4e7-1132d1aaa8da,1b18c38d-637d-4ecd-a2a1-77ed14d655bb,82,,2026-06-01T12:19:07+07:00
cd05c469-00b8-4b71-aacb-055d4aaf875d,072953d2-7736-4dcf-84b3-26a2dbb02e2e,fcd40acc-4f8f-45c8-82df-e9d0f8206796,83,,2026-05-08T23:06:32+07:00
0a9678ac-8ea7-4e16-a7d0-6cd4930b38aa,892cca2d-3a4d-4feb-a49b-737d63e93ba3,edb26a70-31be-4abe-8303-15f94d51175b,88,,2026-05-05T09:52:03+07:00
bdfe8786-e836-4991-a70c-3833a9b290e7,892cca2d-3a4d-4feb-a49b-737d63e93ba3,edb26a70-31be-4abe-8303-15f94d51175b,87,,2026-05-05T16:57:46+07:00
c92390a4-d1d6-45f2-be83-7040c1045441,892cca2d-3a4d-4feb-a49b-737d63e93ba3,88be6602-74af-4f89-b7fa-596e620aa8e4,92,,2026-05-30T10:48:29+07:00
c0dfb1f8-7865-4a96-8abf-a4263c19f6f7,bf025632-0043-4eb3-9b80-cd4aafe23129,,85,,2026-05-09T16:20:13+07:00
1ca70203-a495-41a4-9da9-6a06588de77d,bf025632-0043-4eb3-9b80-cd4aafe23129,,86,,2026-05-28T01:52:07+07:00
23127225-7a5b-4a6b-a6c9-e515b0253e13,537dc095-0fe0-4787-b467-95a48402e178,,85,,2026-05-08T15:48:19+07:00
4184f8da-be21-49e5-a4f7-bf41fbaca5b4,45baac9b-f0ae-4b7d-850f-a0253a9ef998,10d05c09-bdb2-4253-8e44-856ad5336f34,99,,2026-05-06T00:07:01+07:00
b33b2c3d-8485-43c3-958f-0adf5b4f4aee,45baac9b-f0ae-4b7d-850f-a0253a9ef998,,91,,2026-05-13T07:57:08+07:00
9474c2d0-f345-46db-a3ab-5e5411295c38,45baac9b-f0ae-4b7d-850f-a0253a9ef998,028dcdfd-b509-4967-81ff-593ef33bb7ae,92,,2026-05-18T06:22:17+07:00
5160da9d-b871-45bf-91bc-d6a52d1bf371,0571b370-03a9-4312-997f-165b0395b344,7fd4dcb0-dc6b-4e20-86e0-79dc05bf63ce,92,,2026-05-10T00:47:01+07:00
4f09f418-567b-4d15-8e9c-b33c86ae32c8,447fff84-cf27-417d-b796-1b285e764dd2,6ac69667-8033-4d4c-8a2c-fb6006a2c00e,75,,2026-05-05T02:02:16+07:00
a30dd621-2951-4efe-ba41-8ab68b5c8229,447fff84-cf27-417d-b796-1b285e764dd2,88be6602-74af-4f89-b7fa-596e620aa8e4,81,,2026-05-10T12:11:44+07:00
ad3e67e0-95be-406a-bb26-155410db8cc9,49b6fd0b-896f-4b0c-8cf0-6010bcfd525f,1c9b4737-176c-445e-859d-330a859b0f5e,84,,2026-05-06T17:08:42+07:00
4685fdf7-1958-4289-ade3-343d1ab70a88,49b6fd0b-896f-4b0c-8cf0-6010bcfd525f,7fd4dcb0-dc6b-4e20-86e0-79dc05bf63ce,89,,2026-05-06T17:44:37+07:00
0ba31766-538c-47cd-b526-f9d55c8cda95,b7429639-e7df-4a98-a76f-6f7989b11bcc,88be6602-74af-4f89-b7fa-596e620aa8e4,87,,2026-05-07T04:11:25+07:00
3a591c83-5278-49c3-831e-fe39aec3f102,b7429639-e7df-4a98-a76f-6f7989b11bcc,ec2e17a2-948e-44b3-915f-caa14df50aa9,84,,2026-05-21T17:26:08+07:00
6176a3cf-3c90-4ee6-881f-9359a81b952e,0e54c5eb-c873-40d5-afef-b110a3935c27,88be6602-74af-4f89-b7fa-596e620aa8e4,76,,2026-05-07T09:57:21+07:00
4c54b88d-6dcf-40ef-b8b7-05fab7f7a998,0e54c5eb-c873-40d5-afef-b110a3935c27,f07af7a6-e284-4594-bf88-9240894b8c96,83,,2026-05-20T08:22:31+07:00
858ee41e-ca42-498b-8bed-46c510f5ee08,7bb1f3a1-01e6-42e8-97c8-d3adc486b730,ec2e17a2-948e-44b3-915f-caa14df50aa9,84,,2026-05-09T00:35:08+07:00
ff1753af-ad14-4d92-9ada-39581684c896,dd487863-0e79-475d-be22-07cc34e61fa1,10d05c09-bdb2-4253-8e44-856ad5336f34,80,,2026-05-06T02:48:28+07:00
820c3b29-5435-4572-97fe-c0f6b95ea691,69440cfc-1c3e-4291-8f97-86141eac231c,6ac69667-8033-4d4c-8a2c-fb6006a2c00e,93,,2026-05-08T07:24:29+07:00
d1386fe8-ff11-4c9d-a3fc-686775c478d1,69440cfc-1c3e-4291-8f97-86141eac231c,6ac69667-8033-4d4c-8a2c-fb6006a2c00e,84,,2026-05-09T06:10:27+07:00
712729ae-69e1-4848-86da-7a04b1cb9d5e,20804da5-212c-43b3-9274-f7c4f916a9b7,6ac69667-8033-4d4c-8a2c-fb6006a2c00e,85,,2026-05-04T00:33:45+07:00
2703eab5-be9d-432c-93ce-a1029efb168f,20804da5-212c-43b3-9274-f7c4f916a9b7,46d4a03e-c262-49ec-8695-987a04d7dc4b,86,,2026-05-16T17:57:53+07:00
12ed326b-ee7d-4dae-8320-0d20102b901e,e8c29d45-99a9-428b-9d8f-2eb7083669e3,83d2e570-56ce-4981-937c-fd58fd390509,84,,2026-05-13T16:16:54+07:00
82d0100c-b31f-4b0c-ae2e-326f12b3d367,e8c29d45-99a9-428b-9d8f-2eb7083669e3,49ee8f81-45d9-4cdc-83e5-abf8f1539d56,85,,2026-06-11T22:36:42+07:00
4a99c0cd-52d8-42e3-8b65-1eda6aed0e14,e8c29d45-99a9-428b-9d8f-2eb7083669e3,2c00434b-be5e-45ee-8122-ed4c038e59ae,89,,2026-06-21T05:13:20+07:00
be63c733-66f5-479d-a265-15f4aee1e62d,a02bdefa-ce94-43af-831b-1ea3f7bf4c70,ec2e17a2-948e-44b3-915f-caa14df50aa9,87,,2026-05-09T03:15:07+07:00
def24a87-ce73-4869-9c54-f86fd87f38e1,a02bdefa-ce94-43af-831b-1ea3f7bf4c70,f1eb7eeb-a8ef-4cb0-a886-09d74d3af598,92,,2026-05-09T03:19:13+07:00
72cec009-da1c-410c-9efa-7534d35b664e,a02bdefa-ce94-43af-831b-1ea3f7bf4c70,1b920a71-baaf-4adc-94e8-cd83874a8d54,82,,2026-05-15T04:12:03+07:00
0b1be990-db6e-4356-bd1f-440d066473d0,d0822d23-e043-446a-977a-955c1ac0deb2,,90,,2026-05-12T13:13:51+07:00
4e00fadd-0b81-4bf6-974d-116c3058c7f5,d0822d23-e043-446a-977a-955c1ac0deb2,10d05c09-bdb2-4253-8e44-856ad5336f34,73,,2026-05-30T13:02:32+07:00
72f34137-4e67-47eb-a106-21f728e90235,0c53ee52-bdf3-4dd0-bccf-bb7224ffa69b,edb26a70-31be-4abe-8303-15f94d51175b,90,,2026-05-06T12:35:41+07:00
b433972a-deed-47cf-9352-016586b42281,0c53ee52-bdf3-4dd0-bccf-bb7224ffa69b,,95,,2026-05-30T12:40:24+07:00
ecf434bd-0a5d-439a-a714-88c7d326d93c,38abb234-d84b-4ddd-8b24-c40c267bda96,7fd4dcb0-dc6b-4e20-86e0-79dc05bf63ce,89,,2026-05-16T17:21:41+07:00
8f4d0f76-c935-44b7-bb81-f84da92fbd0b,68f90905-791e-4e76-8800-1a0b74e11180,1c9b4737-176c-445e-859d-330a859b0f5e,85,,2026-05-18T18:41:11+07:00
10eb2f4e-ec65-4686-8bbd-e355c8cda428,68f90905-791e-4e76-8800-1a0b74e11180,1c9b4737-176c-445e-859d-330a859b0f5e,91,,2026-05-20T06:21:57+07:00
08224260-7dc8-48ef-82ce-026bc04f3e7e,2a5db53a-043e-4921-b3ff-f85009bf91b5,6ac69667-8033-4d4c-8a2c-fb6006a2c00e,85,,2026-05-05T10:45:08+07:00
9b84f0da-ef01-42c1-8563-68da85a977bb,2a5db53a-043e-4921-b3ff-f85009bf91b5,10d05c09-bdb2-4253-8e44-856ad5336f34,87,,2026-05-09T01:38:44+07:00
dc54cc68-c924-412d-8f64-3c661021fc13,461c7ff1-2cc8-4ffd-abab-76ff6adc8d05,,84,,2026-05-06T23:49:02+07:00
e3a47d78-3d26-421e-be79-b4774cb3520c,461c7ff1-2cc8-4ffd-abab-76ff6adc8d05,83d2e570-56ce-4981-937c-fd58fd390509,99,,2026-05-15T10:29:41+07:00
d4574d17-3908-4cab-9881-2aa636b92b0a,3bf92cbc-0445-4cfd-a81c-f68044a30eb1,7fd4dcb0-dc6b-4e20-86e0-79dc05bf63ce,91,,2026-05-08T16:42:29+07:00
f1917873-3aa6-45f4-9d70-144ccf151903,3bf92cbc-0445-4cfd-a81c-f68044a30eb1,,90,,2026-05-12T17:19:11+07:00
41d8786e-d828-4a88-b248-d6033da5a9f4,a966f201-8c20-4a00-a584-a063e49e3aa3,,76,,2026-05-10T06:10:27+07:00
a08cdf40-8876-4d63-9ff2-ce9f5e990355,a966f201-8c20-4a00-a584-a063e49e3aa3,,92,,2026-05-30T18:05:31+07:00
ceb134b1-3b57-4dff-b900-00cd6969c9b2,da11e9ab-8397-4aad-aa35-7177f5b8ee8c,10d05c09-bdb2-4253-8e44-856ad5336f34,91,,2026-05-06T23:09:11+07:00
8a90b2a8-9740-409a-a2f7-325dd317b35c,da11e9ab-8397-4aad-aa35-7177f5b8ee8c,f1eb7eeb-a8ef-4cb0-a886-09d74d3af598,91,,2026-05-07T00:03:20+07:00
fd735ac8-78d0-4d40-a69d-e0f3d4ae76ef,da11e9ab-8397-4aad-aa35-7177f5b8ee8c,1b920a71-baaf-4adc-94e8-cd83874a8d54,94,,2026-06-04T20:54:27+07:00
87ed31e6-eb95-4632-9a8a-0357dcd5b083,c5ea9f61-0ede-4fe8-aaf9-27cd364cfea7,7fd4dcb0-dc6b-4e20-86e0-79dc05bf63ce,92,,2026-05-09T11:35:13+07:00
396a086d-0913-47a7-a4cb-fae68121d0d4,c5ea9f61-0ede-4fe8-aaf9-27cd364cfea7,46d4a03e-c262-49ec-8695-987a04d7dc4b,95,,2026-05-09T22:44:51+07:00
5bd65399-870d-44cd-815e-c64fcd34d352,9743b7cc-fb75-496f-81a7-5fe256802217,ec2e17a2-948e-44b3-915f-caa14df50aa9,85,,2026-05-07T08:58:59+07:00
7d119dc1-d78f-466d-8916-7a9a91d66a6e,9743b7cc-fb75-496f-81a7-5fe256802217,,94,,2026-05-19T11:42:17+07:00
94fc12e0-da15-43a3-8747-e904b72c3e9e,833223a0-bade-4dee-96c5-ef34c2142131,edb26a70-31be-4abe-8303-15f94d51175b,85,,2026-05-10T05:34:32+07:00
5bc44689-fa49-47a6-a658-d6cdac95d8a3,833223a0-bade-4dee-96c5-ef34c2142131,46d4a03e-c262-49ec-8695-987a04d7dc4b,91,,2026-05-13T07:25:33+07:00
44aa4500-b078-4c12-ac48-b5838ddaec9e,5deba777-11eb-43ce-a6c1-3bb982055ca3,f1eb7eeb-a8ef-4cb0-a886-09d74d3af598,86,,2026-05-06T22:25:39+07:00
158a7599-15c3-426e-b443-55965b8ddf44,5deba777-11eb-43ce-a6c1-3bb982055ca3,f07af7a6-e284-4594-bf88-9240894b8c96,82,,2026-05-09T11:50:21+07:00
51808d72-01c5-4fc1-ac4c-9b9f03b73fc2,5deba777-11eb-43ce-a6c1-3bb982055ca3,edb26a70-31be-4abe-8303-15f94d51175b,96,,2026-05-10T22:38:01+07:00
497ac2c6-540f-4f57-a880-e00438f1880e,5deba777-11eb-43ce-a6c1-3bb982055ca3,f1eb7eeb-a8ef-4cb0-a886-09d74d3af598,91,,2026-05-14T02:31:54+07:00
7e22335e-c125-4ade-aa47-5001023b4866,57b6f5a7-d417-46ac-9129-b73b63cf7733,1c9b4737-176c-445e-859d-330a859b0f5e,96,,2026-05-07T10:27:30+07:00
662fa52b-eed6-4ce0-b15d-c77d531b81f9,57b6f5a7-d417-46ac-9129-b73b63cf7733,028dcdfd-b509-4967-81ff-593ef33bb7ae,95,,2026-05-28T15:57:24+07:00
de62c3ee-a6b3-4727-b543-597640b8cd7f,f0df0e82-5121-4d4e-94eb-307d61508b3c,,84,,2026-05-09T17:28:23+07:00
8c918539-783c-481e-81d4-1680f94ff751,f0df0e82-5121-4d4e-94eb-307d61508b3c,,96,,2026-05-17T19:34:52+07:00
11440a07-9835-4235-a912-1859c617de9e,1c8eb3ab-8e9a-4044-96d9-e6623ec53a54,,76,,2026-05-11T02:08:10+07:00
95cf2085-9122-4d6c-8370-4d32a30776ec,017260b0-9ec5-4f81-be3c-65f20a839e17,6ac69667-8033-4d4c-8a2c-fb6006a2c00e,84,,2026-05-13T16:46:31+07:00
dec0f7e8-e3eb-4b12-83aa-ed0452aa0929,017260b0-9ec5-4f81-be3c-65f20a839e17,f07af7a6-e284-4594-bf88-9240894b8c96,88,,2026-05-14T13:42:31+07:00
bee4211b-b2ea-456f-ba82-d52f30eeb105,7b55aa0b-e9f1-46a9-8d4f-9cecd19d4f77,ec2e17a2-948e-44b3-915f-caa14df50aa9,79,,2026-05-09T19:45:28+07:00
d88f2bc5-89f8-4139-a13d-d91937634e00,e0bfb755-e050-4dd7-9003-29de8086947d,46d4a03e-c262-49ec-8695-987a04d7dc4b,81,,2026-05-10T08:58:35+07:00
bc128279-142f-4194-a66a-86bcfb94bc71,e0bfb755-e050-4dd7-9003-29de8086947d,461e2ef5-600f-436b-8b20-ff6b5e1c1561,82,,2026-05-22T19:44:21+07:00
95c2e94c-404b-40ce-a356-0f0b9987f7f8,c80dc777-4a59-4508-84a7-3fa9d03ff938,,91,,2026-05-08T10:24:11+07:00
e5ddb8ac-eb8d-4a9d-aa32-e0fa4c3f81b5,c80dc777-4a59-4508-84a7-3fa9d03ff938,ba952af1-6fd5-49fe-ba55-bdc465f95ca2,89,,2026-05-09T06:03:39+07:00
a82fae5d-9fca-4d4a-96ff-e19ab3569523,c80dc777-4a59-4508-84a7-3fa9d03ff938,edb26a70-31be-4abe-8303-15f94d51175b,84,,2026-05-10T22:10:54+07:00
43f15923-cb27-4a9e-a34c-e8dcf19d85dd,c80dc777-4a59-4508-84a7-3fa9d03ff938,f07af7a6-e284-4594-bf88-9240894b8c96,94,,2026-05-22T18:15:27+07:00
49185cac-6aba-4c71-8f57-d90c083132a8,6c811c91-fea0-4cd0-980c-0ef5e55d230b,,80,,2026-05-13T04:28:18+07:00
b4cf566d-5a13-43b8-beb3-f869e7522942,6c811c91-fea0-4cd0-980c-0ef5e55d230b,6ac69667-8033-4d4c-8a2c-fb6006a2c00e,83,,2026-05-18T10:22:16+07:00
021dceb3-3520-4d8b-b8a0-501d472d2a55,2d1c4bec-92aa-4454-9a03-2d663c1db5f6,ec2e17a2-948e-44b3-915f-caa14df50aa9,85,,2026-05-09T13:43:54+07:00
88d8a3a6-48ae-4aba-b19a-700f8bf1daa5,2d1c4bec-92aa-4454-9a03-2d663c1db5f6,1b920a71-baaf-4adc-94e8-cd83874a8d54,72,,2026-05-09T22:25:06+07:00
bd51e4b6-0c8b-4d21-8e85-67f62bab1b9c,2d1c4bec-92aa-4454-9a03-2d663c1db5f6,fcd40acc-4f8f-45c8-82df-e9d0f8206796,85,,2026-05-15T12:39:16+07:00
de293874-27b3-476d-8acd-754e7983225b,6d3c019e-80d7-48d5-a7dc-0aa42bfbd85d,6ac69667-8033-4d4c-8a2c-fb6006a2c00e,87,,2026-05-12T19:12:43+07:00
eefec40b-233c-4dd7-a718-0ac5b02715ba,6d3c019e-80d7-48d5-a7dc-0aa42bfbd85d,88be6602-74af-4f89-b7fa-596e620aa8e4,84,,2026-05-21T04:33:03+07:00
e7836ea7-b945-458f-ae80-a0e73bd73161,b713e781-c76e-411b-bcdc-fe487ce70a84,fcd40acc-4f8f-45c8-82df-e9d0f8206796,82,,2026-05-16T04:19:18+07:00
86193166-907f-4485-8f29-1f8e8c0f0317,b713e781-c76e-411b-bcdc-fe487ce70a84,88be6602-74af-4f89-b7fa-596e620aa8e4,81,,2026-06-04T16:39:42+07:00
03e07ef1-e0d5-43c5-a619-914c9f463140,8fe283b0-b7e8-4187-9858-fdfe54fdee54,10d05c09-bdb2-4253-8e44-856ad5336f34,87,,2026-05-16T10:46:20+07:00
f3404894-ca94-4846-a9be-dfd2407ab5c1,8fe283b0-b7e8-4187-9858-fdfe54fdee54,49ee8f81-45d9-4cdc-83e5-abf8f1539d56,83,,2026-06-17T23:01:48+07:00
dd3cc8d0-2ef9-4ca7-86f8-aaf7739c81ea,05220d15-ff6b-4787-9357-ba98231a451b,46d4a03e-c262-49ec-8695-987a04d7dc4b,90,,2026-05-18T05:28:45+07:00
887742d6-fdb7-4d12-b756-45101a58e463,05220d15-ff6b-4787-9357-ba98231a451b,73832518-b9b2-4f5a-bff7-cd820a5da9c8,80,,2026-06-07T13:37:34+07:00
dd919121-3734-47e5-8225-31b6d8e8cf5a,bd31d607-26bc-4d7e-b298-66af9bad000e,6ac69667-8033-4d4c-8a2c-fb6006a2c00e,78,,2026-05-09T07:34:06+07:00
af50415f-f468-436e-9c0b-63e89a8e130d,bd31d607-26bc-4d7e-b298-66af9bad000e,ec2e17a2-948e-44b3-915f-caa14df50aa9,80,,2026-05-12T09:47:37+07:00
8b844641-38dc-45bc-ad59-ea542d812e6a,bd31d607-26bc-4d7e-b298-66af9bad000e,edb26a70-31be-4abe-8303-15f94d51175b,94,,2026-05-19T09:37:36+07:00
db53903d-f337-4dfd-80f6-dc845d165b04,bd31d607-26bc-4d7e-b298-66af9bad000e,1c9b4737-176c-445e-859d-330a859b0f5e,88,,2026-05-22T19:34:58+07:00
9cb10f37-37c7-432b-92b3-a39ddc6d568b,75f13138-22f9-4070-b13d-3320f559f6c0,73832518-b9b2-4f5a-bff7-cd820a5da9c8,84,,2026-05-16T05:09:52+07:00
2dff9be8-59b1-4cc5-b9a8-05a48a5e2c87,75f13138-22f9-4070-b13d-3320f559f6c0,ba952af1-6fd5-49fe-ba55-bdc465f95ca2,89,,2026-05-25T04:24:17+07:00
ecdb0074-50fa-4448-9b2c-badbde31166e,225e9549-0fc9-44b4-b137-d9aa468e854d,,88,,2026-05-11T15:10:39+07:00
cf8800b8-ece3-47d3-ade6-e5ef917d18e5,225e9549-0fc9-44b4-b137-d9aa468e854d,6ac69667-8033-4d4c-8a2c-fb6006a2c00e,99,,2026-05-24T16:19:23+07:00
eaa66626-c435-4f3f-96cb-88593ad679c4,7ea113e7-7dbd-4e0c-a145-422adfd713a4,f1eb7eeb-a8ef-4cb0-a886-09d74d3af598,90,,2026-05-09T00:59:29+07:00
1e2f94bc-0e3f-47ad-881f-7ce030f66d4a,7ea113e7-7dbd-4e0c-a145-422adfd713a4,6ac69667-8033-4d4c-8a2c-fb6006a2c00e,99,,2026-05-17T13:12:49+07:00
ff55edc4-0fee-433e-8832-d44c360cd547,e7418ddc-5550-4351-b9ab-d03c61fc40c7,73832518-b9b2-4f5a-bff7-cd820a5da9c8,83,,2026-05-08T11:11:54+07:00
ee6c4f46-e9ba-4a47-8ec5-06a7ece2ed23,e7418ddc-5550-4351-b9ab-d03c61fc40c7,fcd40acc-4f8f-45c8-82df-e9d0f8206796,98,,2026-05-08T11:12:22+07:00
472d4757-b992-415e-8bd9-d3c9ffcdac7b,e7418ddc-5550-4351-b9ab-d03c61fc40c7,,89,,2026-05-08T23:18:29+07:00
0d95556a-b22a-4217-abf9-dd063defc3ed,e7418ddc-5550-4351-b9ab-d03c61fc40c7,f07af7a6-e284-4594-bf88-9240894b8c96,95,,2026-05-09T19:43:45+07:00
2b3671ad-22c9-477c-a0ea-76053220058c,e7418ddc-5550-4351-b9ab-d03c61fc40c7,f07af7a6-e284-4594-bf88-9240894b8c96,83,,2026-05-10T13:23:19+07:00
f880a3ea-b2cf-4b79-98e1-d63d620897b5,e7418ddc-5550-4351-b9ab-d03c61fc40c7,1b920a71-baaf-4adc-94e8-cd83874a8d54,91,,2026-05-11T14:36:06+07:00
756659c9-a107-4cd2-a066-dfdb9a03e7ef,e7418ddc-5550-4351-b9ab-d03c61fc40c7,fcd40acc-4f8f-45c8-82df-e9d0f8206796,83,,2026-05-12T11:37:08+07:00
fc9d3d44-7e73-426d-93cb-f184d16a76ce,e7418ddc-5550-4351-b9ab-d03c61fc40c7,6ac69667-8033-4d4c-8a2c-fb6006a2c00e,91,,2026-05-13T05:54:16+07:00
597e61bb-a11e-445f-896d-7663e99d4eb9,e7418ddc-5550-4351-b9ab-d03c61fc40c7,46d4a03e-c262-49ec-8695-987a04d7dc4b,95,,2026-05-14T16:52:37+07:00
f420cbc5-a330-4503-9b2c-734c5cadd593,e7418ddc-5550-4351-b9ab-d03c61fc40c7,6ac69667-8033-4d4c-8a2c-fb6006a2c00e,92,,2026-05-16T09:23:16+07:00
f382f810-fba4-4ae3-aa94-de34afb61a4a,43a26de1-a8d7-4717-97d6-f98e3c14fe81,f07af7a6-e284-4594-bf88-9240894b8c96,92,,2026-05-13T08:05:48+07:00
f0fe024a-6c79-46a2-80d3-7ee6e874a163,43a26de1-a8d7-4717-97d6-f98e3c14fe81,7fd4dcb0-dc6b-4e20-86e0-79dc05bf63ce,88,,2026-05-16T13:37:24+07:00
875ad691-62ed-4b42-835f-340453dac6af,3e6fc3aa-aa7f-4a8a-b4cf-3c08fa2cca85,10d05c09-bdb2-4253-8e44-856ad5336f34,84,,2026-05-22T02:43:33+07:00
00d34b86-b97f-4947-af1a-22b97d250886,620455f6-6f9a-4013-adfc-2c5393a4f9d2,10d05c09-bdb2-4253-8e44-856ad5336f34,90,,2026-05-10T07:21:52+07:00
745b3379-256b-4c54-83f4-fbc8a82a1589,620455f6-6f9a-4013-adfc-2c5393a4f9d2,,88,,2026-05-15T23:47:19+07:00
7d0cc060-e452-402c-98b9-819e6d96550e,620455f6-6f9a-4013-adfc-2c5393a4f9d2,6ac69667-8033-4d4c-8a2c-fb6006a2c00e,89,,2026-05-16T19:55:22+07:00
9bc1fef5-386a-41b4-93bb-c7f123030a20,620455f6-6f9a-4013-adfc-2c5393a4f9d2,1b920a71-baaf-4adc-94e8-cd83874a8d54,86,,2026-05-21T10:48:08+07:00
e371eb98-123c-45ec-9384-cdfd41f5a2b4,ae04f57b-e78f-4176-b5d9-a419f4ee7f65,10d05c09-bdb2-4253-8e44-856ad5336f34,85,,2026-05-12T19:32:46+07:00
7fdfe2a8-3de1-4c09-9158-70509b5537cf,ae04f57b-e78f-4176-b5d9-a419f4ee7f65,f1eb7eeb-a8ef-4cb0-a886-09d74d3af598,76,,2026-05-12T19:40:10+07:00
96dfc3d9-60b2-4bd0-96ee-0ba4363b172b,26322712-1b77-4583-8565-d48dc1a61ba8,83d2e570-56ce-4981-937c-fd58fd390509,86,,2026-05-11T08:47:35+07:00
6a385576-dfe5-48b2-ba4d-abd77511835f,f7550d0c-85aa-4d96-823a-59d6b129b35e,1b920a71-baaf-4adc-94e8-cd83874a8d54,93,,2026-05-10T00:51:39+07:00
d26d3a86-d5ea-454a-980e-b844cd6925cd,f7550d0c-85aa-4d96-823a-59d6b129b35e,edb26a70-31be-4abe-8303-15f94d51175b,86,,2026-05-15T04:00:23+07:00
271bb656-1db7-4ffa-98a0-ddc7d99d9f0c,1efb8b15-9d38-45fd-a6bd-c1dc713509b5,f07af7a6-e284-4594-bf88-9240894b8c96,91,,2026-05-12T00:36:22+07:00
c7c7e7c1-f18a-4304-b27c-e4299c1b62b1,1efb8b15-9d38-45fd-a6bd-c1dc713509b5,88be6602-74af-4f89-b7fa-596e620aa8e4,82,,2026-05-20T09:55:50+07:00
63a77056-ac70-4731-9194-b0b39bd46e1e,1efb8b15-9d38-45fd-a6bd-c1dc713509b5,f1eb7eeb-a8ef-4cb0-a886-09d74d3af598,81,,2026-05-25T00:17:33+07:00
0bbe265f-028a-4f3b-94eb-9fc92aa70b1c,b40d3b0d-279f-406c-9bbc-04978a29b2ea,ec2e17a2-948e-44b3-915f-caa14df50aa9,84,,2026-05-09T23:38:06+07:00
64bbbd50-fea6-481c-b3ef-3a42b52309e9,b40d3b0d-279f-406c-9bbc-04978a29b2ea,edb26a70-31be-4abe-8303-15f94d51175b,83,,2026-05-11T21:50:45+07:00
4b5bd1c5-024c-48b4-a51b-5ebfd5f5a261,b40d3b0d-279f-406c-9bbc-04978a29b2ea,ec2e17a2-948e-44b3-915f-caa14df50aa9,91,,2026-05-12T06:14:02+07:00
4b0e7064-98e7-47ce-a1de-64a20a52f55b,b40d3b0d-279f-406c-9bbc-04978a29b2ea,73832518-b9b2-4f5a-bff7-cd820a5da9c8,85,,2026-05-15T19:43:41+07:00
2ca5550d-1282-4e18-8bd7-f115e15b3905,b40d3b0d-279f-406c-9bbc-04978a29b2ea,,86,,2026-05-31T03:45:21+07:00
efdbc86d-0240-40c0-a12d-b6f4101b389a,b40d3b0d-279f-406c-9bbc-04978a29b2ea,edb26a70-31be-4abe-8303-15f94d51175b,93,,2026-05-31T07:46:38+07:00
5406f1c8-664a-4c9d-b701-6e90a4cda4a6,b40d3b0d-279f-406c-9bbc-04978a29b2ea,ec2e17a2-948e-44b3-915f-caa14df50aa9,96,,2026-06-02T09:06:29+07:00
6a540772-890b-4dbd-904d-1de2b0cdd54e,b40d3b0d-279f-406c-9bbc-04978a29b2ea,1b18c38d-637d-4ecd-a2a1-77ed14d655bb,86,,2026-06-06T05:54:45+07:00
5443326d-b13e-4c79-a8a0-c32e4a23bace,b40d3b0d-279f-406c-9bbc-04978a29b2ea,edb26a70-31be-4abe-8303-15f94d51175b,90,,2026-06-07T17:16:26+07:00
4f6dc18f-0014-4b1a-b26b-504c628e1c25,b40d3b0d-279f-406c-9bbc-04978a29b2ea,461e2ef5-600f-436b-8b20-ff6b5e1c1561,95,,2026-06-09T09:57:26+07:00
e3a38b84-c680-404a-acce-79cafed0547c,b40d3b0d-279f-406c-9bbc-04978a29b2ea,1b920a71-baaf-4adc-94e8-cd83874a8d54,90,,2026-06-11T00:37:23+07:00
4a6cfe58-40bc-4e16-9208-5c430994d180,b40d3b0d-279f-406c-9bbc-04978a29b2ea,,97,,2026-06-18T13:08:51+07:00
5400bd10-fd50-469c-8169-3772da3ab9af,4623c359-fb33-48ea-801f-d540fad673a5,46d4a03e-c262-49ec-8695-987a04d7dc4b,99,,2026-05-15T06:55:57+07:00
53a98442-8398-4c8c-9ef9-ce6c3007ec84,4623c359-fb33-48ea-801f-d540fad673a5,10d05c09-bdb2-4253-8e44-856ad5336f34,79,,2026-05-25T07:28:36+07:00
fa9e7b0e-142c-4a72-a0f9-4ac3ef776b46,4fa86b85-60da-428c-9e51-2854dc6d87d0,028dcdfd-b509-4967-81ff-593ef33bb7ae,84,,2026-05-28T04:50:36+07:00
6d331390-6140-4a20-a7da-e596dfd45c4c,4fa86b85-60da-428c-9e51-2854dc6d87d0,73832518-b9b2-4f5a-bff7-cd820a5da9c8,91,,2026-06-12T13:06:35+07:00
533f88b7-c153-4b45-a983-8e6eb6f4034b,1bb65889-ef45-4e87-9adb-7bd09173b82e,f07af7a6-e284-4594-bf88-9240894b8c96,86,,2026-05-17T12:07:33+07:00
3843c780-d7ad-4454-8895-768a94e47b4b,1bb65889-ef45-4e87-9adb-7bd09173b82e,461e2ef5-600f-436b-8b20-ff6b5e1c1561,97,,2026-05-24T13:31:20+07:00
097b1fc3-bc2b-4b91-9464-9c578ff3cbb9,b774ff75-df57-4b2e-86be-4ac3b049bab4,f1eb7eeb-a8ef-4cb0-a886-09d74d3af598,72,,2026-05-14T09:01:20+07:00
be59f266-dea8-448a-8457-d0dae3873d35,b774ff75-df57-4b2e-86be-4ac3b049bab4,fcd40acc-4f8f-45c8-82df-e9d0f8206796,90,,2026-05-15T02:28:02+07:00
7d784186-2e21-4a54-86ca-5e66e9278f46,5b547540-190b-4418-9aed-c29eeb1d8aa1,f07af7a6-e284-4594-bf88-9240894b8c96,84,,2026-05-14T10:03:22+07:00
937416b4-4957-4174-a6cb-af0dd40e794a,747fe27e-565d-43c3-9e16-629df59a5e7a,1c9b4737-176c-445e-859d-330a859b0f5e,92,,2026-05-14T14:59:23+07:00
8bcc1ef9-a314-4c60-97c4-de9a2fc02ec2,747fe27e-565d-43c3-9e16-629df59a5e7a,,89,,2026-06-08T01:22:36+07:00
5630f351-4529-47fd-8fce-1c3c0757ca59,d98dd4e8-b4b7-4442-8488-630fa9b28a00,fcd40acc-4f8f-45c8-82df-e9d0f8206796,88,,2026-05-15T07:55:13+07:00
421beb9c-3a32-4e0b-bad5-14677a26c704,d98dd4e8-b4b7-4442-8488-630fa9b28a00,f07af7a6-e284-4594-bf88-9240894b8c96,99,,2026-05-18T09:56:33+07:00
7f7d6d3b-8539-491e-ad10-5001d5fc046b,d98dd4e8-b4b7-4442-8488-630fa9b28a00,028dcdfd-b509-4967-81ff-593ef33bb7ae,84,,2026-05-28T15:18:56+07:00
0a5d4bee-7423-4305-abf8-1034f0603cd3,6bb7b1d5-50f5-4c9f-b3ce-2aedaa0cf3d5,6ac69667-8033-4d4c-8a2c-fb6006a2c00e,95,,2026-05-11T11:24:34+07:00
39eb164d-80d4-4ad6-9e2a-a97bda420cb3,4cd50910-3d97-4525-a61a-e3f485bfa423,edb26a70-31be-4abe-8303-15f94d51175b,91,,2026-05-14T07:35:37+07:00
8cd4afc9-bec2-41c6-b0c8-7227cadc84e6,4cd50910-3d97-4525-a61a-e3f485bfa423,f07af7a6-e284-4594-bf88-9240894b8c96,93,,2026-05-21T08:40:04+07:00
3b3b47b6-5523-46eb-b397-b3c22d0df7f6,4cd50910-3d97-4525-a61a-e3f485bfa423,73832518-b9b2-4f5a-bff7-cd820a5da9c8,81,,2026-05-30T11:25:04+07:00
1301c0ef-0a94-4fe7-9887-2506908d26c8,ac450efa-7e46-4868-a289-3f6a2b170b5a,6ac69667-8033-4d4c-8a2c-fb6006a2c00e,85,,2026-05-18T00:43:45+07:00
46c9c2bc-aa06-4b51-a8c9-e38473940e43,ac450efa-7e46-4868-a289-3f6a2b170b5a,ec2e17a2-948e-44b3-915f-caa14df50aa9,85,,2026-06-03T03:48:41+07:00
a2c8b75b-9f53-47f8-968f-7ddb72c22f3e,7572d9f9-9122-4135-a5eb-49332582f4b5,1b920a71-baaf-4adc-94e8-cd83874a8d54,78,,2026-05-12T15:16:53+07:00
11ba71dc-9106-45e5-bd3f-cfb29d06b24f,7572d9f9-9122-4135-a5eb-49332582f4b5,028dcdfd-b509-4967-81ff-593ef33bb7ae,85,,2026-05-17T11:54:37+07:00
404434a9-7a85-421e-bf37-8fe75ffd845f,7572d9f9-9122-4135-a5eb-49332582f4b5,ec2e17a2-948e-44b3-915f-caa14df50aa9,75,,2026-06-19T12:01:23+07:00
6b838bff-c1ae-46e7-bbc1-d658fcea21c2,7572d9f9-9122-4135-a5eb-49332582f4b5,49ee8f81-45d9-4cdc-83e5-abf8f1539d56,79,,2026-06-20T03:57:57+07:00
201e1413-66a7-47c2-a714-00c23500d1b3,cff9aae1-3aa2-4bf3-9052-c3023fd12e02,10d05c09-bdb2-4253-8e44-856ad5336f34,90,,2026-05-12T00:18:29+07:00
9c1c3de6-5a9a-4bfd-a48a-0570dc45e826,cff9aae1-3aa2-4bf3-9052-c3023fd12e02,ec2e17a2-948e-44b3-915f-caa14df50aa9,92,,2026-05-13T17:34:00+07:00
8a595448-7b3a-4d1d-9ec5-cc549f0019e4,cff9aae1-3aa2-4bf3-9052-c3023fd12e02,73832518-b9b2-4f5a-bff7-cd820a5da9c8,84,,2026-05-21T17:00:57+07:00
87fbf5e1-2a9b-483f-81e2-29f93a0fb143,cff9aae1-3aa2-4bf3-9052-c3023fd12e02,10d05c09-bdb2-4253-8e44-856ad5336f34,94,,2026-05-29T13:31:28+07:00
ce147500-c348-43c1-82d4-903792427790,cff9aae1-3aa2-4bf3-9052-c3023fd12e02,88be6602-74af-4f89-b7fa-596e620aa8e4,84,,2026-06-03T17:30:25+07:00
55ec7081-be63-4988-8d1a-823b2fb68fdd,cff9aae1-3aa2-4bf3-9052-c3023fd12e02,461e2ef5-600f-436b-8b20-ff6b5e1c1561,88,,2026-06-08T03:36:24+07:00
1b85cc79-acb9-4454-8c6d-32d3fd3359de,fb8c6978-cedb-46e8-884a-0689d9e56dbc,edb26a70-31be-4abe-8303-15f94d51175b,90,,2026-05-20T16:27:19+07:00
f632e499-3ba0-418b-a68f-b7510b676983,bad45dde-18a0-45c1-adf1-740dd38c166e,,85,,2026-05-14T04:54:47+07:00
7495e399-4fba-4c15-b99e-a836f6507913,71621082-d246-4cb0-90a3-a752ac7b0557,,86,,2026-05-14T23:05:37+07:00
a0ac6052-ff9c-462b-b664-2164fe657a62,71621082-d246-4cb0-90a3-a752ac7b0557,028dcdfd-b509-4967-81ff-593ef33bb7ae,99,,2026-05-18T10:54:45+07:00
f35dacfc-4c00-4519-9e67-a66b1627d64e,71621082-d246-4cb0-90a3-a752ac7b0557,ba952af1-6fd5-49fe-ba55-bdc465f95ca2,89,,2026-05-20T23:28:37+07:00
38a71547-1ce6-4a94-a94e-7b8bceedb0fa,71621082-d246-4cb0-90a3-a752ac7b0557,83d2e570-56ce-4981-937c-fd58fd390509,99,,2026-05-22T08:14:14+07:00
59d0ec7d-de8a-43c4-b8aa-39506f57b176,71621082-d246-4cb0-90a3-a752ac7b0557,ba952af1-6fd5-49fe-ba55-bdc465f95ca2,91,,2026-05-27T23:47:15+07:00
4421be4a-5481-4307-8483-dc31df9d2054,0b42d497-15c1-49e1-b4ef-20c6294bc554,1b920a71-baaf-4adc-94e8-cd83874a8d54,87,,2026-05-12T22:49:14+07:00
d21adc9c-8fc8-483b-8be8-99e366d74aba,0b42d497-15c1-49e1-b4ef-20c6294bc554,83d2e570-56ce-4981-937c-fd58fd390509,97,,2026-05-16T18:07:10+07:00
bf96e0f4-fab9-4d53-be3c-c283215563cf,0b42d497-15c1-49e1-b4ef-20c6294bc554,1b18c38d-637d-4ecd-a2a1-77ed14d655bb,90,,2026-06-18T09:37:44+07:00
66c0b507-2771-44ff-9650-8c359043a5b5,4b71934c-7b08-40b4-a545-a0adf58aed9f,83d2e570-56ce-4981-937c-fd58fd390509,93,,2026-05-20T11:14:56+07:00
7347cf78-a2f0-4e05-9b4c-82e496312aa1,4b71934c-7b08-40b4-a545-a0adf58aed9f,,83,,2026-05-21T08:27:31+07:00
ae36755a-0b90-48d3-8a41-1f5045da000c,4b71934c-7b08-40b4-a545-a0adf58aed9f,ec2e17a2-948e-44b3-915f-caa14df50aa9,99,,2026-05-24T14:50:52+07:00
488d6ae3-4f5a-42f5-9ca3-6629d9b2a857,bf05dfb6-e26c-4e2f-8037-aef91d17ba66,46d4a03e-c262-49ec-8695-987a04d7dc4b,78,,2026-05-14T09:11:32+07:00
6c6bb2e4-92f6-4a21-aa5d-85931ce5c5dc,bf05dfb6-e26c-4e2f-8037-aef91d17ba66,1b920a71-baaf-4adc-94e8-cd83874a8d54,85,,2026-05-20T03:30:30+07:00
3ac48804-4045-4b86-b2d2-c03b7050fa54,c173200a-51ec-46a2-bc22-963272a54274,83d2e570-56ce-4981-937c-fd58fd390509,97,,2026-06-16T19:35:55+07:00
d9247f54-1f40-4a51-b22b-018150dca4c1,5a50f9e6-3172-4a24-a768-42fa917dd6fd,fcd40acc-4f8f-45c8-82df-e9d0f8206796,84,,2026-05-13T20:38:01+07:00
615f64c7-8d0c-41f1-9c24-72801c38fffc,5a50f9e6-3172-4a24-a768-42fa917dd6fd,,90,,2026-05-13T22:15:18+07:00
b7d550f5-8761-461c-afda-f2324dba52ce,5a50f9e6-3172-4a24-a768-42fa917dd6fd,10d05c09-bdb2-4253-8e44-856ad5336f34,87,,2026-05-16T19:03:21+07:00
64ad94f7-1421-47f7-ac90-4c8690a9416e,5a50f9e6-3172-4a24-a768-42fa917dd6fd,7fd4dcb0-dc6b-4e20-86e0-79dc05bf63ce,88,,2026-05-22T22:17:25+07:00
97f391db-3678-4db8-9ec8-781bc7f76c07,85c83b6c-607e-4835-af92-af0c022281d9,46d4a03e-c262-49ec-8695-987a04d7dc4b,84,,2026-05-12T05:23:37+07:00
efc87c48-aecc-4157-a603-b79c99e57f88,85c83b6c-607e-4835-af92-af0c022281d9,edb26a70-31be-4abe-8303-15f94d51175b,92,,2026-05-15T00:08:09+07:00
dcd0fbd9-8039-47d0-ad7d-80c1c9f34a65,85c83b6c-607e-4835-af92-af0c022281d9,fcd40acc-4f8f-45c8-82df-e9d0f8206796,90,,2026-05-19T17:35:47+07:00
63949015-5531-4596-827d-4ff12bdb1efa,85c83b6c-607e-4835-af92-af0c022281d9,1b920a71-baaf-4adc-94e8-cd83874a8d54,96,,2026-06-06T07:26:12+07:00
6849ee93-4dd1-476f-acbe-53e0e5478ff6,1b442621-9acc-4ce5-aee6-69ad7f991916,fcd40acc-4f8f-45c8-82df-e9d0f8206796,81,,2026-05-20T21:07:03+07:00
3b8e172c-af44-47b7-9ab0-bc48c3525a20,1b442621-9acc-4ce5-aee6-69ad7f991916,4227322f-3efc-4249-9c82-bbd652717878,89,,2026-06-14T22:11:58+07:00
3dfc2962-0a5f-4ed6-b8c4-78ee235c46ed,441b9e74-7185-4b77-86c7-47972ae0720e,fcd40acc-4f8f-45c8-82df-e9d0f8206796,88,,2026-05-27T03:29:40+07:00
53bdc27c-ab54-4da5-8bef-4655410f8d4c,441b9e74-7185-4b77-86c7-47972ae0720e,,94,,2026-06-11T03:40:52+07:00
ebb530bf-85a0-4aaf-b3a1-48489986ee25,1de8cdaa-66f5-4739-89a1-e9a4e0f7671c,ba952af1-6fd5-49fe-ba55-bdc465f95ca2,81,,2026-05-21T05:58:50+07:00
91dba032-2557-4b5f-b0c0-752dece04817,1de8cdaa-66f5-4739-89a1-e9a4e0f7671c,83d2e570-56ce-4981-937c-fd58fd390509,89,,2026-05-29T01:55:21+07:00
136220b0-cdd8-46b0-8e9e-9ee5e367769d,c3254fdf-78b3-46b7-8717-6708458349d3,6ac69667-8033-4d4c-8a2c-fb6006a2c00e,85,,2026-05-13T03:25:34+07:00
3046529f-604f-4c57-87e8-274bb7f73056,c3254fdf-78b3-46b7-8717-6708458349d3,,88,,2026-05-13T17:02:11+07:00
9dbd15fc-9e63-40be-8d11-f765ed78b217,c3254fdf-78b3-46b7-8717-6708458349d3,1c9b4737-176c-445e-859d-330a859b0f5e,82,,2026-05-27T07:42:18+07:00
49b03365-a74a-49c4-af7f-2ee8e34abc58,f428323d-273f-4680-9f17-76f42eefa722,1c9b4737-176c-445e-859d-330a859b0f5e,84,,2026-05-20T14:10:17+07:00
c1803217-137d-4476-b8e1-a216c636802b,f428323d-273f-4680-9f17-76f42eefa722,f07af7a6-e284-4594-bf88-9240894b8c96,83,,2026-06-07T00:09:27+07:00
5348d283-ac82-4b18-b191-032f417965f9,f428323d-273f-4680-9f17-76f42eefa722,1c9b4737-176c-445e-859d-330a859b0f5e,78,,2026-06-10T02:20:39+07:00
7a122c2f-7547-4d4a-9d13-3e51efac9f74,139f3aeb-d63c-4f2f-90fe-e9cf0d53b579,028dcdfd-b509-4967-81ff-593ef33bb7ae,85,,2026-05-21T02:10:07+07:00
d75dace4-0cd2-4d04-a6a4-659ee65cb42e,139f3aeb-d63c-4f2f-90fe-e9cf0d53b579,1b920a71-baaf-4adc-94e8-cd83874a8d54,87,,2026-05-28T15:52:19+07:00
32604df4-c154-45c4-9375-4ba51f993d5e,d4745eb5-97ef-497b-8165-1073650a2203,edb26a70-31be-4abe-8303-15f94d51175b,74,,2026-05-14T07:36:07+07:00
caadb413-050f-4124-a756-940a4c8d8ab8,d4745eb5-97ef-497b-8165-1073650a2203,83d2e570-56ce-4981-937c-fd58fd390509,93,,2026-05-14T11:51:02+07:00
0d4e3dab-10c7-4fcb-b39f-9d3ea3344307,d4745eb5-97ef-497b-8165-1073650a2203,88be6602-74af-4f89-b7fa-596e620aa8e4,92,,2026-05-15T12:04:23+07:00
d072c9ca-d483-404c-bb98-5ba1b7b5d3d9,d4745eb5-97ef-497b-8165-1073650a2203,7fd4dcb0-dc6b-4e20-86e0-79dc05bf63ce,83,,2026-05-15T15:59:08+07:00
3370ce2e-b776-49db-ac4c-2a300f55b2fb,d4745eb5-97ef-497b-8165-1073650a2203,,90,,2026-05-27T05:35:45+07:00
9faf9e11-534a-4f57-8014-c2f51af12780,da299316-ba0d-47cf-8bb2-3756b12b04a7,f1eb7eeb-a8ef-4cb0-a886-09d74d3af598,89,,2026-05-23T06:36:38+07:00
9c5544d1-52df-4ef8-9f05-23680d398b61,da299316-ba0d-47cf-8bb2-3756b12b04a7,ba952af1-6fd5-49fe-ba55-bdc465f95ca2,88,,2026-05-25T07:53:11+07:00
8ce6f90d-3bbd-403a-bff7-de24c9e3aab3,4f0479de-7320-4a92-b6b1-2976a0b2ce75,73832518-b9b2-4f5a-bff7-cd820a5da9c8,88,,2026-05-14T17:11:48+07:00
c35a40af-95aa-4127-8268-ef0b83828fb1,4f0479de-7320-4a92-b6b1-2976a0b2ce75,edb26a70-31be-4abe-8303-15f94d51175b,94,,2026-05-19T11:00:22+07:00
5dd12a9b-ba23-4502-9aeb-fc38a5efd889,4f0479de-7320-4a92-b6b1-2976a0b2ce75,edb26a70-31be-4abe-8303-15f94d51175b,96,,2026-05-22T11:24:55+07:00
5802021d-fb45-4637-804a-1646b64cad43,4f0479de-7320-4a92-b6b1-2976a0b2ce75,83d2e570-56ce-4981-937c-fd58fd390509,93,,2026-05-28T23:22:56+07:00
991452de-0bb6-463d-932c-2a746e671398,4f0479de-7320-4a92-b6b1-2976a0b2ce75,73832518-b9b2-4f5a-bff7-cd820a5da9c8,95,,2026-06-06T18:16:44+07:00
83087b08-bbb7-4218-b7c9-cc49421ca742,4f0479de-7320-4a92-b6b1-2976a0b2ce75,52e73b62-4559-490f-bc2e-7ada5e1bb367,87,,2026-06-20T02:37:49+07:00
2b325bb3-40a6-4660-af0f-9583252d80ca,a6e1e9d2-9428-4b47-8025-1be1ffebc3a7,1c9b4737-176c-445e-859d-330a859b0f5e,84,,2026-05-20T14:55:21+07:00
661938b5-7a01-4011-87f5-32543b6464da,a6e1e9d2-9428-4b47-8025-1be1ffebc3a7,1c9b4737-176c-445e-859d-330a859b0f5e,97,,2026-05-21T04:51:24+07:00
e3ac0629-4b08-45b1-bc2b-5a358d18d0e4,74ce8f74-27b4-45be-9065-61e19a86226e,edb26a70-31be-4abe-8303-15f94d51175b,95,,2026-05-14T00:20:29+07:00
abcb42d3-f1fe-45d5-87e4-c8ab5d5ed077,74ce8f74-27b4-45be-9065-61e19a86226e,ba952af1-6fd5-49fe-ba55-bdc465f95ca2,87,,2026-05-18T14:22:35+07:00
7ded1810-d33f-42da-8438-ea97a40d2d8a,d13f9cfb-9fcf-45c9-a7a9-eeb83a256e60,1b920a71-baaf-4adc-94e8-cd83874a8d54,82,,2026-05-16T16:41:19+07:00
afd89876-c9ef-4e33-828d-7c246d20e326,d13f9cfb-9fcf-45c9-a7a9-eeb83a256e60,1b18c38d-637d-4ecd-a2a1-77ed14d655bb,81,,2026-06-10T12:15:45+07:00
45c0341d-e444-4a56-b81d-437692ec589e,9ee0c8db-6d32-4dc8-bf8a-0916ef78cbf0,ec2e17a2-948e-44b3-915f-caa14df50aa9,82,,2026-05-17T09:29:18+07:00
f26ece47-8612-471f-98bb-6d502a015432,9ee0c8db-6d32-4dc8-bf8a-0916ef78cbf0,fcd40acc-4f8f-45c8-82df-e9d0f8206796,77,,2026-05-24T08:08:36+07:00
33e931ee-6565-460c-9384-cbc225d468f3,9ee0c8db-6d32-4dc8-bf8a-0916ef78cbf0,1b920a71-baaf-4adc-94e8-cd83874a8d54,82,,2026-05-28T16:03:12+07:00
9742c287-53c7-4b59-8e1a-0360d422808d,9ee0c8db-6d32-4dc8-bf8a-0916ef78cbf0,10d05c09-bdb2-4253-8e44-856ad5336f34,90,,2026-05-29T23:39:14+07:00
3a3f37d5-2149-49dc-9ad4-97164b743597,52aa96f3-0c89-4e7c-931a-2894e16b8cc2,10d05c09-bdb2-4253-8e44-856ad5336f34,85,,2026-05-16T12:16:08+07:00
e3daa2d3-1327-4f61-a3a6-f04e3ae9c215,52aa96f3-0c89-4e7c-931a-2894e16b8cc2,1b920a71-baaf-4adc-94e8-cd83874a8d54,87,,2026-06-08T18:40:27+07:00
1c17e954-2b92-453f-bb86-4102aa506f26,4caa2009-a942-4b0d-909c-1c42f87c1e52,10d05c09-bdb2-4253-8e44-856ad5336f34,99,,2026-05-17T12:14:49+07:00
97d00720-58af-4980-939b-595a3ee2edda,4caa2009-a942-4b0d-909c-1c42f87c1e52,,93,,2026-05-18T21:04:33+07:00
058168bd-defc-4219-b2a9-52ab3ae68340,2da7e245-a713-4a4a-9db0-faf22e7b0a99,6ac69667-8033-4d4c-8a2c-fb6006a2c00e,93,,2026-05-15T09:52:08+07:00
7d286303-21c3-419e-90a8-90ff665fde00,2da7e245-a713-4a4a-9db0-faf22e7b0a99,73832518-b9b2-4f5a-bff7-cd820a5da9c8,89,,2026-05-17T14:24:04+07:00
83b29549-55ec-4d28-8586-d2096caab722,2da7e245-a713-4a4a-9db0-faf22e7b0a99,f1eb7eeb-a8ef-4cb0-a886-09d74d3af598,77,,2026-05-18T21:00:30+07:00
0f589984-a335-451e-acbf-82952c620907,2da7e245-a713-4a4a-9db0-faf22e7b0a99,,84,,2026-05-27T07:20:40+07:00
8db2789c-64a1-4633-8721-856c00127e83,2da7e245-a713-4a4a-9db0-faf22e7b0a99,461e2ef5-600f-436b-8b20-ff6b5e1c1561,95,,2026-06-02T04:21:11+07:00
86fcc454-4ef2-4546-a22c-ba78aca0ade3,ec1b7585-80ab-4bde-8fb2-d03be8fdfb6d,f1eb7eeb-a8ef-4cb0-a886-09d74d3af598,77,,2026-05-18T06:48:00+07:00
43813622-3f18-4c60-b7be-f41251a0908b,46e15c3e-1f81-45ba-897e-9146eab82bf5,028dcdfd-b509-4967-81ff-593ef33bb7ae,84,,2026-05-27T04:46:35+07:00
be5a151f-7230-4b1f-b3ac-87e162dc6a61,46e15c3e-1f81-45ba-897e-9146eab82bf5,fcd40acc-4f8f-45c8-82df-e9d0f8206796,91,,2026-06-04T04:35:36+07:00
f5a2df85-32a2-40e0-b9cc-82e86ad51dfe,6f5310d8-bf8e-48e2-b983-12d1c29646c2,,80,,2026-05-18T06:07:32+07:00
5a54a40c-0c84-455d-8ab8-8a6550c8b4b1,6f5310d8-bf8e-48e2-b983-12d1c29646c2,ec2e17a2-948e-44b3-915f-caa14df50aa9,84,,2026-05-19T01:16:16+07:00
47515234-91a0-4d6d-98cf-33f8e3820941,b61df4ba-dc3a-477d-b386-feda37b6698f,1b920a71-baaf-4adc-94e8-cd83874a8d54,90,,2026-05-23T12:42:05+07:00
952c01f0-8fc8-43da-8f0d-a4a762299582,b61df4ba-dc3a-477d-b386-feda37b6698f,028dcdfd-b509-4967-81ff-593ef33bb7ae,87,,2026-05-25T18:39:53+07:00
ceaf1a8d-1eb2-4c66-b9c7-dbb10557bb1e,1442169f-1134-407d-b682-9d4ad5655fa6,10d05c09-bdb2-4253-8e44-856ad5336f34,87,,2026-05-16T22:16:15+07:00
de49c652-8525-416a-b9fa-74ba5d202bb6,1442169f-1134-407d-b682-9d4ad5655fa6,1c9b4737-176c-445e-859d-330a859b0f5e,86,,2026-05-19T17:58:56+07:00
5eb5247e-87d7-4e04-92e6-f9064cf8830b,82af7199-f7fb-4118-a6e8-ae4501041651,f1eb7eeb-a8ef-4cb0-a886-09d74d3af598,84,,2026-05-20T04:45:49+07:00
56ce578e-50f6-45ac-871e-adf1d07d1146,82af7199-f7fb-4118-a6e8-ae4501041651,f1eb7eeb-a8ef-4cb0-a886-09d74d3af598,75,,2026-05-24T18:39:18+07:00
f2b9b2e5-2cc6-4a65-83a8-559fe8e82bd0,82af7199-f7fb-4118-a6e8-ae4501041651,1b18c38d-637d-4ecd-a2a1-77ed14d655bb,88,,2026-06-12T02:08:02+07:00
f4bf5eb6-1eb0-4339-8af8-44ee4c699a05,82af7199-f7fb-4118-a6e8-ae4501041651,,85,,2026-06-27T03:11:39+07:00
e74b0224-97bb-448e-ac5d-52cab015cc00,9b0207ec-4efd-4538-b619-3dac7d471388,,90,,2026-05-21T14:58:29+07:00
32080c91-252e-42e6-ab89-e42f585f6f21,9b0207ec-4efd-4538-b619-3dac7d471388,1c9b4737-176c-445e-859d-330a859b0f5e,96,,2026-05-21T21:14:51+07:00
18674b3c-7cfe-4661-849b-adb3879d921d,5664925d-298d-4aac-b327-4b7efcf4cb1d,f1eb7eeb-a8ef-4cb0-a886-09d74d3af598,84,,2026-05-19T04:31:14+07:00
b6548f50-432c-4771-a8b3-dab1b26d569e,49dbf038-ce30-4bf4-bdee-e72138b05831,f07af7a6-e284-4594-bf88-9240894b8c96,84,,2026-05-23T22:18:16+07:00
ae41b475-c314-4685-8d51-4e2a6824d36c,49dbf038-ce30-4bf4-bdee-e72138b05831,7fd4dcb0-dc6b-4e20-86e0-79dc05bf63ce,91,,2026-05-27T01:33:25+07:00
53013a34-c172-4ddf-a86c-3bf3dcba26d1,49dbf038-ce30-4bf4-bdee-e72138b05831,83d2e570-56ce-4981-937c-fd58fd390509,93,,2026-05-30T05:03:47+07:00
57c954fb-5b6e-4163-9792-c6321be439d1,977d227d-7d81-4f08-9082-c0e19c1d3112,ec2e17a2-948e-44b3-915f-caa14df50aa9,96,,2026-05-20T05:39:23+07:00
bfcd3e09-8e80-4c76-9304-5a9277d47699,d98f962d-7616-4b95-a52e-4d5bba1d6573,,99,,2026-05-25T23:58:07+07:00
97e24294-536c-4e15-8c58-82820066c286,dd6bb640-3cb9-47f7-bc87-ce1e907e7ef2,73832518-b9b2-4f5a-bff7-cd820a5da9c8,86,,2026-05-23T14:35:27+07:00
9b139040-7fdc-4383-ae12-eede71888048,2bcf4fd3-66ce-4d47-b8f5-7d4f84417256,ec2e17a2-948e-44b3-915f-caa14df50aa9,91,,2026-05-23T22:19:27+07:00
d9b55165-03d5-4c31-9f41-88f975b4635b,2bcf4fd3-66ce-4d47-b8f5-7d4f84417256,1b920a71-baaf-4adc-94e8-cd83874a8d54,84,,2026-05-26T11:38:59+07:00
8aa214d5-a176-4f99-b283-e8edb28bac69,6e828fa1-954e-45bd-9699-3c6161f6f3d1,73832518-b9b2-4f5a-bff7-cd820a5da9c8,89,,2026-05-20T01:40:41+07:00
6d144635-2005-4a3c-bb95-b7c0918dc2dc,6e828fa1-954e-45bd-9699-3c6161f6f3d1,6ac69667-8033-4d4c-8a2c-fb6006a2c00e,92,,2026-05-22T11:33:43+07:00
905f849b-a569-47d7-a4de-0fa3bcdbde3a,6e828fa1-954e-45bd-9699-3c6161f6f3d1,7fd4dcb0-dc6b-4e20-86e0-79dc05bf63ce,86,,2026-05-23T21:24:37+07:00
6b08769e-fbf9-4e2c-8c0a-f684fd6a9caf,6e828fa1-954e-45bd-9699-3c6161f6f3d1,7fd4dcb0-dc6b-4e20-86e0-79dc05bf63ce,92,,2026-05-26T06:39:20+07:00
9f0fb92e-e243-454a-a03d-bb4a85a96522,6e828fa1-954e-45bd-9699-3c6161f6f3d1,461e2ef5-600f-436b-8b20-ff6b5e1c1561,99,,2026-06-02T05:39:17+07:00
c78ef6df-241f-4019-ae18-599715286b2e,adab94fb-2b8f-42ae-acf4-b9c1387b9eba,73832518-b9b2-4f5a-bff7-cd820a5da9c8,92,,2026-05-19T04:05:17+07:00
b6de46d5-3cc9-48fe-8d04-4d6e1d184835,adab94fb-2b8f-42ae-acf4-b9c1387b9eba,fcd40acc-4f8f-45c8-82df-e9d0f8206796,91,,2026-05-22T11:24:57+07:00
94491ff0-b694-446a-890c-90d4a5501bad,5903612f-4f79-4c21-a3dd-bb62e8873eaa,73832518-b9b2-4f5a-bff7-cd820a5da9c8,88,,2026-05-22T00:14:10+07:00
e3346378-cc91-4c43-9345-8209797b3a39,5903612f-4f79-4c21-a3dd-bb62e8873eaa,4227322f-3efc-4249-9c82-bbd652717878,87,,2026-06-12T22:36:22+07:00
38e81cef-84c8-477a-8430-eedfbd9745af,26463825-2bfc-4b05-b47e-a842cb11b2ba,fcd40acc-4f8f-45c8-82df-e9d0f8206796,92,,2026-05-20T12:16:39+07:00
3ee789f6-6a52-4faf-bab4-5b2dec20c65a,26463825-2bfc-4b05-b47e-a842cb11b2ba,6ac69667-8033-4d4c-8a2c-fb6006a2c00e,94,,2026-05-21T16:57:29+07:00
c5a0c063-4e1e-4923-a9e4-4e327414cde7,26463825-2bfc-4b05-b47e-a842cb11b2ba,10d05c09-bdb2-4253-8e44-856ad5336f34,92,,2026-06-02T15:05:22+07:00
ed28143d-52d5-4cc4-aeda-fac5a7c1e2c9,7d429c66-0e89-4de0-9990-af054262d8e2,f07af7a6-e284-4594-bf88-9240894b8c96,95,,2026-05-18T20:12:57+07:00
cc247343-b62a-4dd3-b47b-774317030060,7d429c66-0e89-4de0-9990-af054262d8e2,f07af7a6-e284-4594-bf88-9240894b8c96,86,,2026-05-20T11:57:39+07:00
750c845e-2b22-4ef8-80cb-36670361d9a0,7d429c66-0e89-4de0-9990-af054262d8e2,f1eb7eeb-a8ef-4cb0-a886-09d74d3af598,83,,2026-06-21T19:25:21+07:00
a3575b65-33b3-4122-98f4-10c4a14814e5,f13cdd4a-33e0-4d7d-abaf-c467ed63d821,,78,,2026-05-20T07:56:07+07:00
c3f57adb-f41e-40e1-8990-9dcf90078dda,f13cdd4a-33e0-4d7d-abaf-c467ed63d821,461e2ef5-600f-436b-8b20-ff6b5e1c1561,84,,2026-05-25T12:10:40+07:00
03c7eda6-583d-43f5-8f50-0b09e97f4693,f13cdd4a-33e0-4d7d-abaf-c467ed63d821,73832518-b9b2-4f5a-bff7-cd820a5da9c8,84,,2026-06-11T07:08:39+07:00
9aefb00f-583f-447e-911f-e54f1473f076,de4b6e2b-95a9-4c97-acd2-ba2d643047c6,46d4a03e-c262-49ec-8695-987a04d7dc4b,89,,2026-05-22T17:33:12+07:00
04477ccf-810e-495c-b496-ef67c547ae5a,de4b6e2b-95a9-4c97-acd2-ba2d643047c6,,99,,2026-06-16T03:59:28+07:00
8913c390-552d-44cc-9bc7-e4f67d300bf6,e07bd138-0ffb-4a4f-912c-da7d57c44802,f1eb7eeb-a8ef-4cb0-a886-09d74d3af598,84,,2026-05-19T17:14:55+07:00
d7556972-a3af-47c7-bd16-58e191a36c22,e07bd138-0ffb-4a4f-912c-da7d57c44802,fcd40acc-4f8f-45c8-82df-e9d0f8206796,84,,2026-05-21T00:39:03+07:00
2baca16c-c712-40db-807c-f3646486d2fa,bee5d72a-d406-488d-857c-4c9103fed821,10d05c09-bdb2-4253-8e44-856ad5336f34,84,,2026-05-20T12:30:31+07:00
1eee0117-02b2-41f4-aad4-1cd99ecdca4a,7a3264a9-67dd-4b78-9741-136ae2ace181,1b920a71-baaf-4adc-94e8-cd83874a8d54,91,,2026-05-20T06:49:38+07:00
775e4c7f-1842-49f0-a553-08d1c4c09d5a,7a3264a9-67dd-4b78-9741-136ae2ace181,,92,,2026-05-22T08:53:47+07:00
5216e621-3bc1-4209-84e4-ab8e4f779ef4,7a3264a9-67dd-4b78-9741-136ae2ace181,6ac69667-8033-4d4c-8a2c-fb6006a2c00e,94,,2026-05-28T05:01:12+07:00
ea7a4543-7a8d-4c9c-a644-32e1b6e53c68,64ad0ad9-5027-472e-b8f0-27634d4752bf,f1eb7eeb-a8ef-4cb0-a886-09d74d3af598,89,,2026-05-22T02:56:24+07:00
c7b7e427-5157-47c0-b2c0-17bf705561e0,7d1f0ef5-f121-47ae-ba94-44f7b2269e3b,edb26a70-31be-4abe-8303-15f94d51175b,78,,2026-05-18T19:41:59+07:00
be8b7759-1825-4e0f-8f05-e4b0eea18f10,7d1f0ef5-f121-47ae-ba94-44f7b2269e3b,10d05c09-bdb2-4253-8e44-856ad5336f34,81,,2026-05-24T04:10:33+07:00
54b37dc0-f9ae-4cbe-9937-a74a8321c51d,7d1f0ef5-f121-47ae-ba94-44f7b2269e3b,028dcdfd-b509-4967-81ff-593ef33bb7ae,78,,2026-06-09T11:38:18+07:00
fef6ee4c-e9b6-4f9e-92ba-9ced2e426728,ba67873e-6d6c-47ec-80f6-e526252498bf,73832518-b9b2-4f5a-bff7-cd820a5da9c8,86,,2026-05-28T15:33:19+07:00
083752ff-6ed3-46dd-92b3-5253dc26bb94,df3788aa-c164-4ff2-947e-b1c0db081459,73832518-b9b2-4f5a-bff7-cd820a5da9c8,93,,2026-05-20T02:24:18+07:00
c75267cc-7078-4c8f-bb9a-8bbd47204892,04c6c983-0b20-42b3-8de2-1aa363a5d577,88be6602-74af-4f89-b7fa-596e620aa8e4,84,,2026-05-19T22:39:57+07:00
bd7152fb-bacf-445a-8bc4-b0c4036e4bcc,c056978d-0b58-456e-a45b-9fee3036cb01,49ee8f81-45d9-4cdc-83e5-abf8f1539d56,84,,2026-06-05T23:58:53+07:00
6ab5098a-74ea-4fd0-a415-537461987eee,c056978d-0b58-456e-a45b-9fee3036cb01,,90,,2026-06-13T22:37:25+07:00
c91af6d3-1b87-4428-8950-5bb55bcb3f09,bd19ba54-d80a-4f56-aee1-e1b56e262530,edb26a70-31be-4abe-8303-15f94d51175b,82,,2026-05-29T08:08:15+07:00
e3547f18-fd6d-453e-9c08-ae53c000da17,bd19ba54-d80a-4f56-aee1-e1b56e262530,fcd40acc-4f8f-45c8-82df-e9d0f8206796,93,,2026-06-03T00:23:09+07:00
54a42111-b149-48e1-b2a9-becad8fde85c,457e96ed-861b-4d93-bfb3-11bfad7c2525,1c9b4737-176c-445e-859d-330a859b0f5e,94,,2026-05-19T17:09:10+07:00
92d22169-16aa-4628-b40d-e56a3f8b6da8,457e96ed-861b-4d93-bfb3-11bfad7c2525,fcd40acc-4f8f-45c8-82df-e9d0f8206796,82,,2026-05-23T16:31:55+07:00
f58bef6d-381e-42a7-8a43-23b6d362fbf0,457e96ed-861b-4d93-bfb3-11bfad7c2525,ba952af1-6fd5-49fe-ba55-bdc465f95ca2,87,,2026-05-29T01:27:48+07:00
4e53a666-9b58-4930-a406-aafedbb0fead,59786f28-c6e4-4f00-9ca4-6ad230049e79,,83,,2026-05-29T07:21:33+07:00
3db5fbd1-8581-4987-a9f5-85ecd0e390dd,bc34e091-d8ff-4f97-b2be-97d6b05de442,f1eb7eeb-a8ef-4cb0-a886-09d74d3af598,80,,2026-05-26T23:17:42+07:00
c49fedea-c4a9-48a1-98bf-2b00232861eb,58e8f120-e481-4f6e-adb6-7b67d61fb2ba,f1eb7eeb-a8ef-4cb0-a886-09d74d3af598,91,,2026-05-24T07:10:26+07:00
c1247359-f510-47ab-b0e7-c27cb52c8515,7ccfa492-6233-4468-a6e7-468b96762500,f07af7a6-e284-4594-bf88-9240894b8c96,95,,2026-05-19T03:23:11+07:00
91e10b96-25c3-4d95-af24-496336625e79,7ccfa492-6233-4468-a6e7-468b96762500,ec2e17a2-948e-44b3-915f-caa14df50aa9,75,,2026-05-20T03:30:17+07:00
dc22f69c-96c3-4e25-9b36-2efd920df5da,1e988c21-1084-4e4c-99ce-51cfbbf7e07c,ec2e17a2-948e-44b3-915f-caa14df50aa9,91,,2026-05-21T00:28:37+07:00
23e72995-c117-4f0b-a0ad-92415e262d91,1e988c21-1084-4e4c-99ce-51cfbbf7e07c,fcd40acc-4f8f-45c8-82df-e9d0f8206796,88,,2026-06-18T21:21:53+07:00
b743ecfe-4ee9-4fec-913d-67b2e760af47,1e87fcc8-6eec-4b58-a773-3b4e557fc460,10d05c09-bdb2-4253-8e44-856ad5336f34,92,,2026-05-28T19:41:31+07:00
718b2078-c04b-4812-9834-a54119427f9f,2bd400bc-3a1d-4c4a-8362-6230e72edc68,83d2e570-56ce-4981-937c-fd58fd390509,85,,2026-05-22T08:22:08+07:00
0c2dac3b-86a0-4f14-be0b-25db0e0e87cf,2bd400bc-3a1d-4c4a-8362-6230e72edc68,10d05c09-bdb2-4253-8e44-856ad5336f34,91,,2026-05-25T02:36:17+07:00
1a15f13f-b2e9-45c6-999b-c8af7a943f81,cf838f33-0b5e-413d-8144-b231276ab082,461e2ef5-600f-436b-8b20-ff6b5e1c1561,86,,2026-05-26T18:38:29+07:00
60d44d34-f8dd-4e32-a198-6483aac428ad,cf838f33-0b5e-413d-8144-b231276ab082,46d4a03e-c262-49ec-8695-987a04d7dc4b,88,,2026-06-09T07:12:27+07:00
e57a808a-9f49-4438-926c-b544b9f95010,cf838f33-0b5e-413d-8144-b231276ab082,f1eb7eeb-a8ef-4cb0-a886-09d74d3af598,93,,2026-06-29T03:34:51+07:00
32075fe7-5cce-496a-a258-f80b768e6f39,51d2c53e-956d-4e89-a4b7-80d2645b6071,f07af7a6-e284-4594-bf88-9240894b8c96,75,,2026-05-21T08:25:32+07:00
a06855d8-40b6-42a0-803a-d924eda73626,51d2c53e-956d-4e89-a4b7-80d2645b6071,ba952af1-6fd5-49fe-ba55-bdc465f95ca2,87,,2026-05-26T22:36:08+07:00
53f0e21a-f7c1-426a-a6ac-5c43ff435479,51d2c53e-956d-4e89-a4b7-80d2645b6071,,89,,2026-06-02T05:49:09+07:00
53cddd58-5416-4fc8-9d67-e3c16ad48702,51d2c53e-956d-4e89-a4b7-80d2645b6071,83d2e570-56ce-4981-937c-fd58fd390509,82,,2026-06-15T10:32:47+07:00
bf7aecb4-3d52-4f6a-8ef9-5dde448dfe04,9dea5c0d-3214-4068-9fcb-b0f4155c0329,fcd40acc-4f8f-45c8-82df-e9d0f8206796,87,,2026-05-29T21:18:24+07:00
21d3deb9-20d9-43d2-88c5-dc746d3833c9,960eb14b-db10-4cbb-ae2e-c4da4d82b458,,90,,2026-05-29T23:25:06+07:00
0e40e620-e0db-4061-84a6-f2857ef49883,960eb14b-db10-4cbb-ae2e-c4da4d82b458,fcd40acc-4f8f-45c8-82df-e9d0f8206796,78,,2026-06-17T11:41:26+07:00
101426a3-40ad-49b0-99fa-2bb2734b3c93,882ed40b-0616-48a9-a674-5da0375e7b66,1b920a71-baaf-4adc-94e8-cd83874a8d54,82,,2026-05-23T10:57:26+07:00
70fd50fd-56fb-440a-82d4-26fb2500705a,882ed40b-0616-48a9-a674-5da0375e7b66,f07af7a6-e284-4594-bf88-9240894b8c96,81,,2026-05-27T05:06:55+07:00
7e1cc492-3c6e-49ca-ba18-e58474d8ebe9,1476c806-9f67-4e62-9f43-07bcd3d7625a,6ac69667-8033-4d4c-8a2c-fb6006a2c00e,85,,2026-05-21T04:59:30+07:00
ab9309f2-0e5e-412e-ae8a-50e7f87409dd,630c8930-4bfd-4c0d-910b-6b0a36e77775,73832518-b9b2-4f5a-bff7-cd820a5da9c8,90,,2026-05-23T16:45:47+07:00
31e2848c-1132-4f8c-8146-c8421608a014,630c8930-4bfd-4c0d-910b-6b0a36e77775,1b920a71-baaf-4adc-94e8-cd83874a8d54,84,,2026-06-06T19:38:57+07:00
69f25517-cc54-41b4-86bc-63770856765a,630c8930-4bfd-4c0d-910b-6b0a36e77775,,80,,2026-06-17T17:18:42+07:00
93c5bbf4-a3e6-4030-988f-fbf13ca3faf1,258df73c-1d0a-4dc2-8787-785e16888c4c,1c9b4737-176c-445e-859d-330a859b0f5e,84,,2026-05-23T00:20:17+07:00
cf927df4-75ef-4912-85dc-bfceeed307d5,504ea4b5-a5c3-4fe7-a3d5-2fe5f91adc3a,f1eb7eeb-a8ef-4cb0-a886-09d74d3af598,99,,2026-05-21T15:26:09+07:00
fc0da46a-e969-4fb1-bae0-4a7f314d0063,504ea4b5-a5c3-4fe7-a3d5-2fe5f91adc3a,,86,,2026-06-03T06:35:35+07:00
55269f1a-543a-4bdb-a5fa-8c4c49506689,f82aa6ae-bb4e-4ba6-abde-161842d38087,83d2e570-56ce-4981-937c-fd58fd390509,85,,2026-05-23T06:01:46+07:00
7fa804aa-b1ff-4435-a680-3c829ff944af,dc10801f-1d51-4e9f-af8f-f85eacd7e645,ba952af1-6fd5-49fe-ba55-bdc465f95ca2,81,,2026-05-20T07:33:46+07:00
271772a1-7dec-4a80-9965-c994f17d839a,5ecc40bf-524c-4930-8394-2397281e5efe,f1eb7eeb-a8ef-4cb0-a886-09d74d3af598,89,,2026-05-23T07:28:36+07:00
ea23e825-4e8b-4577-b4cb-db458838be11,52c8bb67-3e14-4660-91e2-55808086e42c,,96,,2026-05-23T07:23:44+07:00
f58360d3-cc8b-423b-8e5d-be69240bb78b,52c8bb67-3e14-4660-91e2-55808086e42c,fcd40acc-4f8f-45c8-82df-e9d0f8206796,84,,2026-06-12T04:16:19+07:00
b7159312-b6b2-45ca-93b4-d59317ae98c7,c781b323-4865-4034-91d5-a4cf6f51a108,461e2ef5-600f-436b-8b20-ff6b5e1c1561,84,,2026-05-23T02:26:47+07:00
3f5bddfe-5eb3-43a5-8436-5571ef05dce4,c781b323-4865-4034-91d5-a4cf6f51a108,fcd40acc-4f8f-45c8-82df-e9d0f8206796,94,,2026-06-01T19:07:04+07:00
bc4600ee-04d4-4921-8f98-57167f39f640,718b4b5b-c7cb-4dbe-9142-40ebc86cc82d,f1eb7eeb-a8ef-4cb0-a886-09d74d3af598,91,,2026-05-28T09:45:44+07:00
b3b1073c-0a84-4da9-89e3-923952c78674,718b4b5b-c7cb-4dbe-9142-40ebc86cc82d,4227322f-3efc-4249-9c82-bbd652717878,97,,2026-06-01T03:07:28+07:00
c227373c-b777-48fe-9cbd-cde03c996d99,1677f789-6479-43df-b3ed-77e9b50e7237,028dcdfd-b509-4967-81ff-593ef33bb7ae,89,,2026-05-25T03:48:53+07:00
76e0770c-4d27-488d-bf96-613430f252fc,1677f789-6479-43df-b3ed-77e9b50e7237,edb26a70-31be-4abe-8303-15f94d51175b,90,,2026-06-06T18:35:04+07:00
605ade7e-e36c-4929-8d31-5f13aa63af0d,ec9532a5-3fb6-4044-9abe-5d6ad9e3396e,73832518-b9b2-4f5a-bff7-cd820a5da9c8,86,,2026-05-23T04:35:28+07:00
df561203-144f-484b-9680-a2644864a65a,ec9532a5-3fb6-4044-9abe-5d6ad9e3396e,,83,,2026-06-09T15:10:08+07:00
b6f8f317-cd63-4a4e-b8b3-b541604b9aa6,ec9532a5-3fb6-4044-9abe-5d6ad9e3396e,6ac69667-8033-4d4c-8a2c-fb6006a2c00e,85,,2026-06-11T15:10:10+07:00
f8da863a-92e6-4993-9a83-fff1cd5e1ed7,ec9532a5-3fb6-4044-9abe-5d6ad9e3396e,028dcdfd-b509-4967-81ff-593ef33bb7ae,79,,2026-06-12T21:15:23+07:00
a3c50b82-6164-4caf-aa29-c138e41eb22c,ec9532a5-3fb6-4044-9abe-5d6ad9e3396e,61345fcc-db36-431c-b4cb-70b3963078a8,87,,2026-06-28T06:57:14+07:00
562ffd62-8aae-4627-9ec2-c364b775876b,024d5496-f23c-4eea-ab7c-ac9846b68e6f,73832518-b9b2-4f5a-bff7-cd820a5da9c8,85,,2026-05-22T00:36:19+07:00
3419605e-1fc2-4c01-bb62-3cc011c5fc7e,024d5496-f23c-4eea-ab7c-ac9846b68e6f,6ac69667-8033-4d4c-8a2c-fb6006a2c00e,89,,2026-05-25T10:27:15+07:00
a904cc22-01be-46ec-9c21-911473c6d07c,75de89f2-a77e-43f5-b33e-f439b94868a3,1b920a71-baaf-4adc-94e8-cd83874a8d54,84,,2026-05-23T09:48:00+07:00
a97b7910-e566-4021-93d6-78851750d175,25d95a62-c557-4096-8388-c2c2e762c694,ec2e17a2-948e-44b3-915f-caa14df50aa9,89,,2026-05-29T22:45:37+07:00
bb383848-e70a-4f38-a93f-50374aec7a23,25d95a62-c557-4096-8388-c2c2e762c694,1b18c38d-637d-4ecd-a2a1-77ed14d655bb,83,,2026-06-11T17:45:55+07:00
69cec016-b0b1-4384-98e3-3d53e48f61b1,822b3fd1-4b6b-4f81-8d01-a80a908f7a1d,,93,,2026-05-23T16:20:56+07:00
cf2aabd3-32dd-47e0-ba5b-5a31a0ff0aa1,7fe3925c-1502-4180-9cab-ce1e2f999d8a,ba952af1-6fd5-49fe-ba55-bdc465f95ca2,81,,2026-05-23T00:51:21+07:00
88eca381-58f9-42a0-a417-7cec9bdc8116,7fe3925c-1502-4180-9cab-ce1e2f999d8a,1b920a71-baaf-4adc-94e8-cd83874a8d54,90,,2026-06-07T21:09:59+07:00
960abae4-09d3-413a-857a-94c8fa3e31fc,7fe3925c-1502-4180-9cab-ce1e2f999d8a,f1eb7eeb-a8ef-4cb0-a886-09d74d3af598,80,,2026-06-08T07:52:05+07:00
9544a04e-e0c3-4167-bb7e-7014559c2cd8,cc909fe8-49b5-425b-aaba-7db1c8a84137,f07af7a6-e284-4594-bf88-9240894b8c96,98,,2026-05-30T04:41:22+07:00
62edc616-53a5-492e-b159-edd30bb34a00,c698a280-fd76-4ddf-bfd6-6737b8988bc1,f1eb7eeb-a8ef-4cb0-a886-09d74d3af598,81,,2026-05-23T07:36:17+07:00
fcc3c9f9-2b98-45ee-b4b3-581bf834ab23,c698a280-fd76-4ddf-bfd6-6737b8988bc1,461e2ef5-600f-436b-8b20-ff6b5e1c1561,88,,2026-05-24T23:37:29+07:00
0c7d98ee-f7ac-445c-a8e1-4420b0dd60ad,c698a280-fd76-4ddf-bfd6-6737b8988bc1,,92,,2026-06-21T19:45:57+07:00
66d46c68-8e9a-4010-afd5-46bcfe30edb4,5200e46d-2462-451e-86c5-4759807b6b54,,83,,2026-05-24T01:51:57+07:00
93e5ee31-cb4c-4934-aec3-fb68120c8d70,5200e46d-2462-451e-86c5-4759807b6b54,,99,,2026-05-24T02:01:55+07:00
a37898f7-7d62-42a7-ad4b-578da3e8ca6d,189747e1-6704-49d7-ac31-62b72e4929d6,edb26a70-31be-4abe-8303-15f94d51175b,88,,2026-05-23T10:17:28+07:00
d4074042-525d-4d35-9375-f52180110a4c,189747e1-6704-49d7-ac31-62b72e4929d6,f07af7a6-e284-4594-bf88-9240894b8c96,91,,2026-05-30T07:03:33+07:00
fe045739-1c74-4bd9-ad4a-3c259eb8af5d,ee089ddd-5ed0-4a2e-bf66-ea1a8ec1281b,f07af7a6-e284-4594-bf88-9240894b8c96,88,,2026-05-31T07:22:05+07:00
9268d20d-55ff-47ee-958e-3b148536333d,ee089ddd-5ed0-4a2e-bf66-ea1a8ec1281b,ba952af1-6fd5-49fe-ba55-bdc465f95ca2,93,,2026-06-22T17:57:59+07:00
60c27177-1109-4bea-bb5e-ad481f20b487,4f81f933-23b1-4b55-9e3d-c700cfe014fa,ec2e17a2-948e-44b3-915f-caa14df50aa9,84,,2026-05-23T11:00:54+07:00
83ddc580-9b3d-4035-ad6e-d53ad4df98af,4f81f933-23b1-4b55-9e3d-c700cfe014fa,edb26a70-31be-4abe-8303-15f94d51175b,90,,2026-05-24T07:37:44+07:00
dc559b14-b7f0-43da-a806-69493db2f61b,4f81f933-23b1-4b55-9e3d-c700cfe014fa,1c9b4737-176c-445e-859d-330a859b0f5e,99,,2026-06-18T22:23:58+07:00
da8d41a0-e572-4357-bb61-60b3dd6a68ab,4f81f933-23b1-4b55-9e3d-c700cfe014fa,1b920a71-baaf-4adc-94e8-cd83874a8d54,86,,2026-06-25T12:05:08+07:00
d289030d-d133-4a5b-84fb-d9d7466fcb38,b189f81d-3556-4dc5-b7e9-926c581e8f47,49ee8f81-45d9-4cdc-83e5-abf8f1539d56,97,,2026-06-06T21:09:11+07:00
17dee838-0275-4d11-8e28-b0643fb40024,b189f81d-3556-4dc5-b7e9-926c581e8f47,10d05c09-bdb2-4253-8e44-856ad5336f34,84,,2026-06-17T13:01:32+07:00
bbb304f5-504a-409a-967a-693afebf27f2,b189f81d-3556-4dc5-b7e9-926c581e8f47,ec2e17a2-948e-44b3-915f-caa14df50aa9,90,,2026-06-20T16:31:08+07:00
bcf8e12c-dddc-4102-a78b-8251a1129a44,5a430ffc-85be-4ed5-9daf-5f71f57564d2,f1eb7eeb-a8ef-4cb0-a886-09d74d3af598,92,,2026-06-04T10:46:43+07:00
c4153cdb-9ad5-4b4d-a32e-333028108def,5a430ffc-85be-4ed5-9daf-5f71f57564d2,1c9b4737-176c-445e-859d-330a859b0f5e,88,,2026-06-11T12:38:31+07:00
9736d4b8-1154-45f3-b6c2-96a4080823d8,054b46bf-c7c1-4b42-898b-f476399de4ee,46d4a03e-c262-49ec-8695-987a04d7dc4b,91,,2026-05-23T17:07:23+07:00
ff1d1d37-f3e1-4f23-8289-8557d1d9aeb5,a9c5c476-7dfb-426d-9d54-38aa8dc437ee,83d2e570-56ce-4981-937c-fd58fd390509,80,,2026-05-25T13:22:32+07:00
254a7526-2a5f-43cb-9b20-3a797740f3d4,a9c5c476-7dfb-426d-9d54-38aa8dc437ee,73832518-b9b2-4f5a-bff7-cd820a5da9c8,77,,2026-06-13T00:40:52+07:00
12f19f95-6261-4cbb-9bcc-bf73fe26f6b4,57f3fe30-f953-4fe1-acce-f49aa1b125c1,7fd4dcb0-dc6b-4e20-86e0-79dc05bf63ce,91,,2026-05-24T09:41:08+07:00
c83664d3-5dc5-40f3-a34a-da670cea8a45,94513c8e-b321-42c4-97e8-048c4b218f2f,49ee8f81-45d9-4cdc-83e5-abf8f1539d56,96,,2026-06-01T12:12:00+07:00
1297f185-f080-42a4-87d4-84dfc571aa6c,94513c8e-b321-42c4-97e8-048c4b218f2f,edb26a70-31be-4abe-8303-15f94d51175b,90,,2026-06-28T08:23:00+07:00
8812e335-eb96-4036-a8bd-a913660f2cdb,600d7b70-626b-483d-b66b-f693f190e70d,6ac69667-8033-4d4c-8a2c-fb6006a2c00e,89,,2026-05-24T23:42:54+07:00
9f2646bd-7e7b-4088-9243-23968ecfa8ff,600d7b70-626b-483d-b66b-f693f190e70d,,91,,2026-05-25T10:04:07+07:00
1110edf4-3384-4b94-8534-bab4ae23c771,600d7b70-626b-483d-b66b-f693f190e70d,4227322f-3efc-4249-9c82-bbd652717878,91,,2026-06-05T09:12:42+07:00
32730caa-3b53-4cb8-bb57-cbb985b6989f,600d7b70-626b-483d-b66b-f693f190e70d,1b18c38d-637d-4ecd-a2a1-77ed14d655bb,99,,2026-06-11T13:01:24+07:00
5fa4bb61-7705-4168-a2a8-42c88c695eef,600d7b70-626b-483d-b66b-f693f190e70d,f1eb7eeb-a8ef-4cb0-a886-09d74d3af598,95,,2026-06-27T13:58:54+07:00
d4d42645-ca52-4e7a-9cd7-7021f1b87027,4d372ad1-c0bc-4ae3-912a-c2d5a806c0bf,,99,,2026-05-23T14:24:50+07:00
96045f11-05be-491d-ad19-20755dd393fd,4d372ad1-c0bc-4ae3-912a-c2d5a806c0bf,ba952af1-6fd5-49fe-ba55-bdc465f95ca2,91,,2026-05-23T19:10:10+07:00
d8f108ba-60b6-4aaf-99ec-b547a4b0018d,4d372ad1-c0bc-4ae3-912a-c2d5a806c0bf,f1eb7eeb-a8ef-4cb0-a886-09d74d3af598,87,,2026-05-24T04:36:40+07:00
1eb8575e-2880-4b29-811b-549d0b53e8c9,4d372ad1-c0bc-4ae3-912a-c2d5a806c0bf,461e2ef5-600f-436b-8b20-ff6b5e1c1561,93,,2026-05-25T15:25:12+07:00
46bcbdef-36d0-4022-be7c-6fc446db2562,4d372ad1-c0bc-4ae3-912a-c2d5a806c0bf,1c9b4737-176c-445e-859d-330a859b0f5e,88,,2026-05-28T10:05:16+07:00
20b60a41-5e37-4941-864e-a22d360ede2f,4d372ad1-c0bc-4ae3-912a-c2d5a806c0bf,ec2e17a2-948e-44b3-915f-caa14df50aa9,76,,2026-05-31T14:05:20+07:00
bca02b7c-17af-401d-9355-1a1bbe9261e3,4d372ad1-c0bc-4ae3-912a-c2d5a806c0bf,,84,,2026-05-31T17:08:25+07:00
2ef6676b-37e2-43bd-864a-70f0671e7290,4d372ad1-c0bc-4ae3-912a-c2d5a806c0bf,7fd4dcb0-dc6b-4e20-86e0-79dc05bf63ce,97,,2026-06-02T00:11:35+07:00
19938d7f-96b8-4752-b4d9-ffd1f6998db1,4d372ad1-c0bc-4ae3-912a-c2d5a806c0bf,ec2e17a2-948e-44b3-915f-caa14df50aa9,97,,2026-06-03T02:09:22+07:00
e67ae446-583e-4be0-970a-304100506edf,4d372ad1-c0bc-4ae3-912a-c2d5a806c0bf,46d4a03e-c262-49ec-8695-987a04d7dc4b,94,,2026-06-06T07:58:55+07:00
4c1c3102-1b1e-466c-bf65-ef3c10f5ffc9,4d372ad1-c0bc-4ae3-912a-c2d5a806c0bf,ba952af1-6fd5-49fe-ba55-bdc465f95ca2,96,,2026-06-06T19:27:16+07:00
3b9715fb-8897-4b01-934d-e96e72543c9f,4d372ad1-c0bc-4ae3-912a-c2d5a806c0bf,6ac69667-8033-4d4c-8a2c-fb6006a2c00e,98,,2026-06-12T19:45:17+07:00
7e25bccb-bd27-4edd-85a6-6a02d3b34b82,4d372ad1-c0bc-4ae3-912a-c2d5a806c0bf,f1eb7eeb-a8ef-4cb0-a886-09d74d3af598,93,,2026-06-17T17:25:25+07:00
328fb58e-83f5-4c76-8897-ff84adb0bf4f,4d372ad1-c0bc-4ae3-912a-c2d5a806c0bf,46d4a03e-c262-49ec-8695-987a04d7dc4b,94,,2026-06-22T12:45:28+07:00
1534570c-78ba-4f71-835b-4548b77371fd,97164e9c-4ab1-4ad5-a565-00d8b93ca2e3,,82,,2026-05-30T16:56:10+07:00
1c3c7797-6c08-45ab-9f62-842db3227f32,97164e9c-4ab1-4ad5-a565-00d8b93ca2e3,73832518-b9b2-4f5a-bff7-cd820a5da9c8,88,,2026-06-05T18:17:43+07:00
27d264c9-0e56-436a-bb0a-263f0b1ac8e1,f31a2d9c-dcea-4aeb-a9e3-60745f80ab6c,f1eb7eeb-a8ef-4cb0-a886-09d74d3af598,77,,2026-06-05T18:55:46+07:00
66af258a-5ff5-4dce-9c0f-4be1258643e5,f31a2d9c-dcea-4aeb-a9e3-60745f80ab6c,1b18c38d-637d-4ecd-a2a1-77ed14d655bb,82,,2026-06-20T21:57:14+07:00
224c31f0-b252-4bcb-b9e2-5459e0cd1b17,281f3f64-44d8-4b16-b930-2794590806a8,ec2e17a2-948e-44b3-915f-caa14df50aa9,83,,2026-05-28T18:07:08+07:00
7007d11d-1250-4513-94ed-ced94908188d,281f3f64-44d8-4b16-b930-2794590806a8,1b920a71-baaf-4adc-94e8-cd83874a8d54,85,,2026-05-31T05:46:48+07:00
cdce1393-f7f4-473a-9f66-41b69d667f7c,281f3f64-44d8-4b16-b930-2794590806a8,f07af7a6-e284-4594-bf88-9240894b8c96,77,,2026-06-04T06:56:58+07:00
db4a8e5f-8efc-489a-8f49-64851edf19b7,281f3f64-44d8-4b16-b930-2794590806a8,461e2ef5-600f-436b-8b20-ff6b5e1c1561,99,,2026-06-16T22:47:26+07:00
cf0c38a6-bfc6-409b-93ac-6bd7ec29221d,3422fe77-151a-4e0c-92e0-618f269e999f,7fd4dcb0-dc6b-4e20-86e0-79dc05bf63ce,84,,2026-05-29T08:16:54+07:00
5d220c4e-edbc-47ac-baa4-9caa24730625,76c12d12-33e1-4018-bd6c-e94ae7d5039c,1b920a71-baaf-4adc-94e8-cd83874a8d54,97,,2026-05-30T12:33:44+07:00
464e67a1-ac20-4acc-bdeb-73e3b6bf505e,76c12d12-33e1-4018-bd6c-e94ae7d5039c,506eaccd-4997-418d-8a64-a67ed9a58eaa,83,,2026-06-01T23:30:33+07:00
23469fb1-4e77-49be-9f4c-2edbd0bec724,f474eb6f-cb7b-40b6-b9fa-3e9f1c2d7f03,,98,,2026-05-27T17:46:13+07:00
4b0a5e7f-9c35-4f0c-a312-a004e7f6f751,f474eb6f-cb7b-40b6-b9fa-3e9f1c2d7f03,ec2e17a2-948e-44b3-915f-caa14df50aa9,85,,2026-06-02T23:33:51+07:00
99b07e86-d796-4a4a-9373-65ed81b72613,9ebd946c-0c6c-49c5-8bc2-5eabfe3aba42,,84,,2026-06-01T18:05:20+07:00
130541d8-1934-451f-a3bb-b54ab1168aed,9ebd946c-0c6c-49c5-8bc2-5eabfe3aba42,61345fcc-db36-431c-b4cb-70b3963078a8,86,,2026-06-20T01:12:04+07:00
2a57f01e-b067-4f49-a00f-b61b84bcb0aa,e30e3b7b-a69a-4e52-9c84-5f98a389c2e5,1c9b4737-176c-445e-859d-330a859b0f5e,95,,2026-05-29T13:17:36+07:00
7339c2f8-1c03-4c37-ab55-8e842cddfb2e,42847ce4-a0b4-4da4-b9a9-9f295bbdc3fe,ec2e17a2-948e-44b3-915f-caa14df50aa9,91,,2026-05-26T03:04:09+07:00
0519df76-4f5c-49e9-8019-662e56e3a9f7,42847ce4-a0b4-4da4-b9a9-9f295bbdc3fe,f1eb7eeb-a8ef-4cb0-a886-09d74d3af598,80,,2026-05-26T03:44:31+07:00
84b8afe8-8aa8-49fe-bd53-54c1abbc2fcb,42847ce4-a0b4-4da4-b9a9-9f295bbdc3fe,,82,,2026-06-02T00:41:01+07:00
e2b6f73f-e152-4390-b961-53da0c2c0040,42847ce4-a0b4-4da4-b9a9-9f295bbdc3fe,10d05c09-bdb2-4253-8e44-856ad5336f34,91,,2026-06-09T18:39:13+07:00
c67e089e-fedb-4a23-8907-8f8854fca65b,853272f0-b444-4e08-84b2-e11827661113,edb26a70-31be-4abe-8303-15f94d51175b,87,,2026-05-27T15:38:52+07:00
365f6246-9f6a-4d67-87fa-ce5ee5206d61,853272f0-b444-4e08-84b2-e11827661113,6ac69667-8033-4d4c-8a2c-fb6006a2c00e,93,,2026-06-09T18:29:51+07:00
32d91fe3-fe8d-4413-9ea4-1018eccb37d1,4ece0328-9295-491e-82d0-35c632179d81,edb26a70-31be-4abe-8303-15f94d51175b,99,,2026-05-30T12:20:39+07:00
30486637-6633-4116-bb10-4dec0008ce38,4ece0328-9295-491e-82d0-35c632179d81,ec2e17a2-948e-44b3-915f-caa14df50aa9,96,,2026-06-25T15:48:18+07:00
151fa347-afbf-494f-8037-b0dd311d74e9,a6c0d196-fd5f-422f-8aa1-db9b21aa2d0d,028dcdfd-b509-4967-81ff-593ef33bb7ae,94,,2026-05-27T19:37:43+07:00
b0eff8c9-9680-4c4e-8fc9-6e1cbdddc8a1,a6c0d196-fd5f-422f-8aa1-db9b21aa2d0d,ba952af1-6fd5-49fe-ba55-bdc465f95ca2,88,,2026-06-10T19:08:12+07:00
3519990e-ec76-412d-8edc-d3ff4ae4afd8,d8552d96-202c-4bf1-afc6-97ad28d92598,1b920a71-baaf-4adc-94e8-cd83874a8d54,96,,2026-05-26T23:41:10+07:00
35fc64fd-5b35-4850-9db8-34a6e5d8d49f,d8552d96-202c-4bf1-afc6-97ad28d92598,f07af7a6-e284-4594-bf88-9240894b8c96,94,,2026-05-27T21:28:21+07:00
cd60e5ee-e711-42a4-90f7-b1e1f8f33c79,46e6d07b-1a56-4eb2-8dcb-0f40351b6711,,96,,2026-05-26T01:30:07+07:00
81b08e24-b148-4aff-8d7a-7caa12b99247,46e6d07b-1a56-4eb2-8dcb-0f40351b6711,1c9b4737-176c-445e-859d-330a859b0f5e,89,,2026-05-26T20:51:55+07:00
ebf7f406-f217-4b09-8255-311e8760cb84,06f191eb-19e2-4596-b44e-41fc321fef47,,90,,2026-06-01T09:45:55+07:00
4ead3a1d-145c-4fcc-8d6b-670295e65343,20fc89ca-aed5-4bb4-a033-c55e54275a23,461e2ef5-600f-436b-8b20-ff6b5e1c1561,90,,2026-05-31T00:23:53+07:00
fbdc4947-1262-447d-ba68-52b316f8aa9d,20fc89ca-aed5-4bb4-a033-c55e54275a23,,84,,2026-05-31T23:40:20+07:00
97bdbe2c-ddab-4128-9d19-d2500e9c7899,5b29f8a6-f226-49c9-867c-2f9255066c48,83d2e570-56ce-4981-937c-fd58fd390509,99,,2026-05-27T14:22:49+07:00
6d6e6d97-2d9d-41ad-aa83-fdf9ce38270b,5b29f8a6-f226-49c9-867c-2f9255066c48,edb26a70-31be-4abe-8303-15f94d51175b,96,,2026-05-28T18:42:21+07:00
7098f18b-68d0-4ecd-8c91-5b9416234dc9,94992566-4224-4eac-992d-f6f55a7662ee,fcd40acc-4f8f-45c8-82df-e9d0f8206796,90,,2026-05-26T06:50:50+07:00
3134b5f5-3825-43d2-b2a8-b1e4f8ba0a57,1579cac0-eded-4062-bb07-3b65ed46500d,88be6602-74af-4f89-b7fa-596e620aa8e4,91,,2026-06-13T23:47:23+07:00
86e7fd5b-4d10-4a06-9547-866d47660e85,1579cac0-eded-4062-bb07-3b65ed46500d,1c9b4737-176c-445e-859d-330a859b0f5e,90,,2026-06-19T11:09:48+07:00
f2c37c56-6013-46bc-a986-6ea448a3cde3,f55e857b-5b00-4749-87ca-bfc68277d3c7,83d2e570-56ce-4981-937c-fd58fd390509,87,,2026-05-30T00:25:00+07:00
8fbfed8d-dfc1-4290-87a9-18a473bd9792,f55e857b-5b00-4749-87ca-bfc68277d3c7,ba952af1-6fd5-49fe-ba55-bdc465f95ca2,90,,2026-05-30T23:03:30+07:00
2a8d2224-a7f8-4ea0-b4b0-a14940aed0cc,f55e857b-5b00-4749-87ca-bfc68277d3c7,edb26a70-31be-4abe-8303-15f94d51175b,84,,2026-06-01T23:12:16+07:00
eb2a00fe-a67b-428e-b479-b4536f33c79f,f55e857b-5b00-4749-87ca-bfc68277d3c7,ba952af1-6fd5-49fe-ba55-bdc465f95ca2,93,,2026-06-03T05:23:25+07:00
4ae2ef28-6eac-4c05-8ced-8293d8676116,f55e857b-5b00-4749-87ca-bfc68277d3c7,ba952af1-6fd5-49fe-ba55-bdc465f95ca2,82,,2026-06-06T21:25:58+07:00
37cf37b4-d0d9-4076-a18e-1e56c214e2b9,8305e523-0021-4d71-bc15-71d3b9128462,f07af7a6-e284-4594-bf88-9240894b8c96,81,,2026-05-27T21:26:42+07:00
a453b2a1-3edb-4862-9c33-82cea6cb3711,8305e523-0021-4d71-bc15-71d3b9128462,,93,,2026-06-01T08:05:45+07:00
539d3880-f716-428c-b049-3750a85b2dc6,fe36ec73-83bb-4686-b119-f5add16b5476,1c9b4737-176c-445e-859d-330a859b0f5e,98,,2026-05-28T20:48:29+07:00
ce9c0de6-c2ad-4d95-ab43-76285774d8b5,fe36ec73-83bb-4686-b119-f5add16b5476,,93,,2026-05-29T07:48:48+07:00
0c4bf5de-a985-49c2-ae6e-449303320632,fe36ec73-83bb-4686-b119-f5add16b5476,1b920a71-baaf-4adc-94e8-cd83874a8d54,84,,2026-06-01T08:09:06+07:00
841d042f-0f06-4643-a017-b1797df15766,fe36ec73-83bb-4686-b119-f5add16b5476,edb26a70-31be-4abe-8303-15f94d51175b,95,,2026-06-11T09:15:22+07:00
f910591b-20fe-4ee5-a030-246be082b321,37b73d7f-5e05-49c8-9f55-1f0c6c355fc9,6ac69667-8033-4d4c-8a2c-fb6006a2c00e,96,,2026-05-27T03:33:22+07:00
415535d9-4d32-43f1-a5d1-b8af7d5c4df4,37b73d7f-5e05-49c8-9f55-1f0c6c355fc9,1b920a71-baaf-4adc-94e8-cd83874a8d54,82,,2026-05-28T17:13:17+07:00
828ed3a8-bb19-4e78-98d5-ce46ec5e5fc6,37b73d7f-5e05-49c8-9f55-1f0c6c355fc9,83d2e570-56ce-4981-937c-fd58fd390509,81,,2026-06-05T17:59:02+07:00
caeb1e66-cd65-49ae-abe8-c8cb61d6fb30,0c687fb6-ef2e-4ee1-81d3-636e5257bb4b,fcd40acc-4f8f-45c8-82df-e9d0f8206796,91,,2026-05-30T19:10:45+07:00
771074fe-5daf-4691-825a-22d894d2e90b,0c687fb6-ef2e-4ee1-81d3-636e5257bb4b,f07af7a6-e284-4594-bf88-9240894b8c96,89,,2026-05-31T03:45:40+07:00
2fd29e17-d069-4317-8f58-af9aeeba7b32,0c687fb6-ef2e-4ee1-81d3-636e5257bb4b,1b920a71-baaf-4adc-94e8-cd83874a8d54,94,,2026-06-05T20:02:02+07:00
fe18d897-cf56-4e94-9288-9d70f62f5acc,4437bf00-5782-4366-923e-10ee925681e5,,94,,2026-05-31T07:33:27+07:00
2b6e6c60-15e2-4233-84a3-cbc4391c4c59,4437bf00-5782-4366-923e-10ee925681e5,6ac69667-8033-4d4c-8a2c-fb6006a2c00e,97,,2026-06-13T20:27:09+07:00
575a5eb7-cfa8-4f71-a20b-dc246b427e8b,dcf2bf9d-903d-454d-94cb-a4d87e530f5c,028dcdfd-b509-4967-81ff-593ef33bb7ae,80,,2026-06-03T02:45:54+07:00
f2385622-a992-4566-b6c9-b45e44b949bf,dcf2bf9d-903d-454d-94cb-a4d87e530f5c,,88,,2026-06-04T10:43:24+07:00
b83cf6d6-6ead-4d92-8638-3470e7bc2e33,97c44213-cef5-4232-9b54-9cdceb3599b1,10d05c09-bdb2-4253-8e44-856ad5336f34,82,,2026-05-31T08:37:28+07:00
fb8ab943-c618-47b6-b547-42438c17c578,97c44213-cef5-4232-9b54-9cdceb3599b1,f1eb7eeb-a8ef-4cb0-a886-09d74d3af598,87,,2026-06-06T11:47:35+07:00
1da64f58-a518-4ebf-9dfd-4a3fe1186621,6dc6bc9e-c547-4013-b05f-e703be7d590a,49ee8f81-45d9-4cdc-83e5-abf8f1539d56,92,,2026-06-10T03:45:34+07:00
38795bd4-6d28-499f-98de-2c2305cea4d4,6dc6bc9e-c547-4013-b05f-e703be7d590a,46d4a03e-c262-49ec-8695-987a04d7dc4b,80,,2026-07-10T19:58:18+07:00
7c680a56-1ec7-4f87-b8ba-68f4eaf8b239,d6d74179-87f4-4738-b7ad-150943a73891,88be6602-74af-4f89-b7fa-596e620aa8e4,92,,2026-05-30T14:53:00+07:00
2f6b1db2-1e46-4039-9f26-0d14fb966592,d6d74179-87f4-4738-b7ad-150943a73891,506eaccd-4997-418d-8a64-a67ed9a58eaa,84,,2026-06-03T11:29:50+07:00
72c1cb77-a48e-4a61-8bc6-47b9c4ceb031,da609e38-fcfa-4e7c-8ada-900c480e2240,edb26a70-31be-4abe-8303-15f94d51175b,88,,2026-05-29T08:43:01+07:00
e0dc27ca-9d0f-4cae-bba0-a97788ccfab8,da609e38-fcfa-4e7c-8ada-900c480e2240,52e73b62-4559-490f-bc2e-7ada5e1bb367,80,,2026-06-29T13:31:19+07:00
c2c28baa-f59c-4569-be1b-e6f87f2cbe81,6ae98d0c-073e-4a1c-910e-daf316ec4701,fcd40acc-4f8f-45c8-82df-e9d0f8206796,92,,2026-05-30T06:35:25+07:00
f2886dcd-c694-412e-b7ed-29ba82567e52,fd61bfc4-42d9-4679-ab1f-987111e0dec9,1b920a71-baaf-4adc-94e8-cd83874a8d54,86,,2026-05-29T14:50:03+07:00
187a7433-6506-4eff-8da8-5bc796c17be5,fd61bfc4-42d9-4679-ab1f-987111e0dec9,ec2e17a2-948e-44b3-915f-caa14df50aa9,82,,2026-05-31T22:57:44+07:00
17658045-31e8-4414-9ea1-97f7fa374923,fd61bfc4-42d9-4679-ab1f-987111e0dec9,506eaccd-4997-418d-8a64-a67ed9a58eaa,79,,2026-06-01T11:08:43+07:00
cb0d22b0-26a4-4b26-a15d-58a56665b8ed,48a5493e-f8db-477f-90ec-d5812907e5fb,7fd4dcb0-dc6b-4e20-86e0-79dc05bf63ce,83,,2026-06-03T03:41:21+07:00
80dabfb2-c557-42d7-8eb9-f201f47dc944,48a5493e-f8db-477f-90ec-d5812907e5fb,49ee8f81-45d9-4cdc-83e5-abf8f1539d56,92,,2026-06-14T16:05:02+07:00
60bf0b5b-480b-4bd4-b28e-1cc07a8e2cf6,b793ca57-bee9-437e-9a99-824330ca16c8,fcd40acc-4f8f-45c8-82df-e9d0f8206796,91,,2026-05-29T05:45:31+07:00
d1c610e0-c04d-4403-a2fb-e9e72d81454e,b793ca57-bee9-437e-9a99-824330ca16c8,73832518-b9b2-4f5a-bff7-cd820a5da9c8,75,,2026-05-29T10:26:10+07:00
49c8e420-62d0-4429-9460-3b72ef89bcd4,2aa7ffcb-ad7e-456d-85e1-a47f4486433a,fcd40acc-4f8f-45c8-82df-e9d0f8206796,89,,2026-05-31T14:36:06+07:00
d934cc4f-67b5-4ad4-89bd-706a9b4aa2ae,2aa7ffcb-ad7e-456d-85e1-a47f4486433a,10d05c09-bdb2-4253-8e44-856ad5336f34,94,,2026-06-05T09:27:26+07:00
d3e3e2d0-5924-4922-bc3c-0309bb21c683,3d391872-dc4c-451b-8f3c-93f9e1160a26,ba952af1-6fd5-49fe-ba55-bdc465f95ca2,99,,2026-05-29T22:24:39+07:00
9f1d988c-a140-4642-b43e-8417b9cc372d,8e18dcc1-9ee2-4b23-adf1-b7699361b696,83d2e570-56ce-4981-937c-fd58fd390509,84,,2026-05-28T07:12:01+07:00
369d8fde-57fd-4426-9b21-bf611d0b28f3,f2d6559c-0ba1-4d63-a521-02f292b170c1,fcd40acc-4f8f-45c8-82df-e9d0f8206796,96,,2026-06-03T10:50:42+07:00
2cce2a1f-cbc4-4098-a7dc-646e0c163d6d,6e569863-6aec-4f2d-bb6f-ab49d1645add,46d4a03e-c262-49ec-8695-987a04d7dc4b,91,,2026-05-30T21:47:30+07:00
56d48e6d-3ac1-4ea3-9927-8a9dd8164a0c,6e569863-6aec-4f2d-bb6f-ab49d1645add,83d2e570-56ce-4981-937c-fd58fd390509,84,,2026-06-07T04:01:02+07:00
d2a080c2-ac49-473a-acb3-8533ac9ab86b,91a7b030-687a-490a-a0e1-47cc3dfda040,,79,,2026-05-29T16:32:12+07:00
a83c8142-9f11-4696-95da-f06a1f790273,91a7b030-687a-490a-a0e1-47cc3dfda040,1c9b4737-176c-445e-859d-330a859b0f5e,86,,2026-06-07T17:47:02+07:00
67f69e99-fac2-4fb1-9d5b-893cb13d14a3,91a7b030-687a-490a-a0e1-47cc3dfda040,506eaccd-4997-418d-8a64-a67ed9a58eaa,85,,2026-06-14T23:56:05+07:00
274b86d9-a2e2-4058-8fdb-78584b1d8543,91a7b030-687a-490a-a0e1-47cc3dfda040,f1eb7eeb-a8ef-4cb0-a886-09d74d3af598,84,,2026-06-23T10:27:40+07:00
735ca6d5-c529-432b-85cc-d833942a368a,d364d2f7-3a3a-4568-b67a-729c2785d81a,fcd40acc-4f8f-45c8-82df-e9d0f8206796,84,,2026-05-30T10:37:34+07:00
acb1dff6-9344-441f-a509-6338abaac0a2,d364d2f7-3a3a-4568-b67a-729c2785d81a,,65,,2026-06-04T10:05:45+07:00
49181381-3f48-496d-ac7f-d989ea3404b7,d364d2f7-3a3a-4568-b67a-729c2785d81a,edb26a70-31be-4abe-8303-15f94d51175b,95,,2026-07-04T16:33:20+07:00
080b454c-a129-4361-91cf-e6aaa1e8f6c3,87b36a80-f90f-4ec5-b202-7b6d57157f09,edb26a70-31be-4abe-8303-15f94d51175b,81,,2026-05-30T05:26:48+07:00
8a4d4ae5-8f37-4604-8404-6537a6b29c7e,87b36a80-f90f-4ec5-b202-7b6d57157f09,,93,,2026-06-14T23:03:57+07:00
c38b7d80-eaf6-47bf-88d7-3db229907af3,878b5e7c-d6d3-41c4-a05d-6596813eff4d,83d2e570-56ce-4981-937c-fd58fd390509,93,,2026-06-01T08:43:23+07:00
e5be7074-a6c6-45d2-aeab-2bd647652627,2d2de019-be81-4882-a84c-8350f72b36cc,,74,,2026-05-30T11:20:44+07:00
67a743b7-6dc0-4b0a-8a9f-2a1456650972,2d2de019-be81-4882-a84c-8350f72b36cc,88be6602-74af-4f89-b7fa-596e620aa8e4,80,,2026-05-31T05:07:22+07:00
9455977d-8c9a-4d18-93fa-7af94babd286,2d2de019-be81-4882-a84c-8350f72b36cc,10d05c09-bdb2-4253-8e44-856ad5336f34,92,,2026-06-06T12:24:34+07:00
b4e77cf4-51d7-467e-909e-1cb2f03eec20,2d2de019-be81-4882-a84c-8350f72b36cc,1b920a71-baaf-4adc-94e8-cd83874a8d54,83,,2026-06-12T12:45:12+07:00
ac6e65e6-b17d-4232-b378-e033aceb46fb,2d2de019-be81-4882-a84c-8350f72b36cc,461e2ef5-600f-436b-8b20-ff6b5e1c1561,79,,2026-06-15T10:03:38+07:00
bc1d4413-d58d-4c23-9023-3a9dd206cc8f,3d8b7b2c-363b-49df-bab3-f0b03c396d1f,83d2e570-56ce-4981-937c-fd58fd390509,82,,2026-06-01T13:38:30+07:00
8750cba9-cb8b-415d-8ba0-74ab6ffd1c56,b3e7aaba-6662-4a73-b9cc-229f441a8d35,6ac69667-8033-4d4c-8a2c-fb6006a2c00e,85,,2026-05-31T22:34:43+07:00
91e1f6b3-8893-47ef-9b77-5603b12cbb9d,b3e7aaba-6662-4a73-b9cc-229f441a8d35,,99,,2026-06-11T23:49:08+07:00
d0932b62-ff23-441b-9714-24bfb1225d92,5469b90a-2f61-4230-b050-c66db01a61b4,7fd4dcb0-dc6b-4e20-86e0-79dc05bf63ce,84,,2026-05-30T20:05:36+07:00
6200cc0f-67fd-4659-9c5d-58e98c8570c6,5469b90a-2f61-4230-b050-c66db01a61b4,461e2ef5-600f-436b-8b20-ff6b5e1c1561,84,,2026-06-12T00:42:48+07:00
a0abe6ce-f728-4b36-85eb-96b20da83ad0,5469b90a-2f61-4230-b050-c66db01a61b4,73832518-b9b2-4f5a-bff7-cd820a5da9c8,79,,2026-06-12T02:37:57+07:00
299949c1-76d7-4c54-82da-34050459fa81,5469b90a-2f61-4230-b050-c66db01a61b4,f1eb7eeb-a8ef-4cb0-a886-09d74d3af598,93,,2026-06-15T12:20:53+07:00
40c9ede2-e6d8-4d7f-8a99-34edec39bd81,e8afddae-e4a9-4b02-bd8c-cd8fbb114758,10d05c09-bdb2-4253-8e44-856ad5336f34,81,,2026-06-04T02:27:13+07:00
8d419ac8-fd08-4807-9a35-62b24a8b6a13,e8afddae-e4a9-4b02-bd8c-cd8fbb114758,,89,,2026-06-04T02:33:07+07:00
34bf6605-4911-4790-89e9-a172c3f8ea63,650c7290-b6f5-4c81-9e2f-094cf6b92994,028dcdfd-b509-4967-81ff-593ef33bb7ae,96,,2026-05-31T06:44:15+07:00
9a52f7a9-210f-478a-9bcb-40d267c143a4,650c7290-b6f5-4c81-9e2f-094cf6b92994,1c9b4737-176c-445e-859d-330a859b0f5e,86,,2026-06-03T12:22:55+07:00
18986790-3df9-4d42-a4b0-6e3c355c585a,650c7290-b6f5-4c81-9e2f-094cf6b92994,1b920a71-baaf-4adc-94e8-cd83874a8d54,89,,2026-06-18T17:24:48+07:00
a35a8fc3-4cb5-4c0d-be3b-7cf00b8269b9,962930d7-5353-406f-8e33-c289176af2af,49ee8f81-45d9-4cdc-83e5-abf8f1539d56,88,,2026-06-03T04:19:26+07:00
71323d44-9ec5-4c74-85ff-4e6fad59405e,962930d7-5353-406f-8e33-c289176af2af,b405bb76-c190-4857-97dd-8ee547b0c179,99,,2026-06-19T16:17:45+07:00
a00d3876-d3a9-4a10-8a5a-01b91ee14071,962930d7-5353-406f-8e33-c289176af2af,46d4a03e-c262-49ec-8695-987a04d7dc4b,92,,2026-06-22T17:36:41+07:00
18580d5d-85e3-4126-a9aa-00b4136adb40,25c9b44a-b5be-4c50-8df4-47c617f23c4e,1b920a71-baaf-4adc-94e8-cd83874a8d54,93,,2026-06-05T21:41:46+07:00
776fa490-25f9-4ec2-8161-6d3f501da90a,25c9b44a-b5be-4c50-8df4-47c617f23c4e,10d05c09-bdb2-4253-8e44-856ad5336f34,89,,2026-07-06T02:51:22+07:00
42d8c22e-299e-4dfa-914e-c7fdadcf68d4,7c8e94b2-6a2d-4e82-839b-d5985d3aec9e,83d2e570-56ce-4981-937c-fd58fd390509,84,,2026-06-07T06:31:58+07:00
28a2464c-4041-482b-8712-ea2335db4319,7c8e94b2-6a2d-4e82-839b-d5985d3aec9e,1c9b4737-176c-445e-859d-330a859b0f5e,85,,2026-06-23T06:03:14+07:00
0cf82c62-f4a8-48ef-b3dd-00b2072e6696,b3f697a1-80da-48f2-8a80-bee47274e872,f07af7a6-e284-4594-bf88-9240894b8c96,90,,2026-06-01T08:10:37+07:00
9b475831-2b5a-43d2-9aef-f4477ccc0c8f,b3f697a1-80da-48f2-8a80-bee47274e872,fcd40acc-4f8f-45c8-82df-e9d0f8206796,88,,2026-06-12T14:45:57+07:00
ebc215bc-adf1-4bba-bb08-6524b72d0637,b3f697a1-80da-48f2-8a80-bee47274e872,7fd4dcb0-dc6b-4e20-86e0-79dc05bf63ce,95,,2026-06-15T05:55:33+07:00
c3a1f2ac-33f1-46ed-9fb1-0b58df06f455,b3f697a1-80da-48f2-8a80-bee47274e872,1b18c38d-637d-4ecd-a2a1-77ed14d655bb,84,,2026-06-25T04:27:40+07:00
9b374940-27f6-42c3-9c26-1c7dbae8e042,b3f697a1-80da-48f2-8a80-bee47274e872,7fd4dcb0-dc6b-4e20-86e0-79dc05bf63ce,81,,2026-06-26T02:41:28+07:00
093cdf39-c740-447c-bcfb-a4ffb4061dd2,d03c5e67-1a9d-43db-881b-35bcb5eb2a15,1b920a71-baaf-4adc-94e8-cd83874a8d54,93,,2026-06-02T11:19:54+07:00
0fe54cf3-976d-4c0a-ac5a-4586f6e7bcc8,d03c5e67-1a9d-43db-881b-35bcb5eb2a15,83d2e570-56ce-4981-937c-fd58fd390509,75,,2026-06-19T05:16:31+07:00
8bdb6f9d-6ba2-4360-bf14-44a9561b9d55,d03c5e67-1a9d-43db-881b-35bcb5eb2a15,61345fcc-db36-431c-b4cb-70b3963078a8,80,,2026-07-12T12:11:39+07:00
2aa7608b-4c47-460d-a59e-7533cd5aebc8,a19e2327-07ca-4037-8925-2a89a06f5135,49ee8f81-45d9-4cdc-83e5-abf8f1539d56,89,,2026-06-01T08:04:50+07:00
d3120dac-e880-4c35-9235-e59a4b2297ee,d749d076-9202-4571-b438-202af58f4130,88be6602-74af-4f89-b7fa-596e620aa8e4,87,,2026-06-01T08:02:55+07:00
9893ebbb-bd89-4f2c-8dcf-482ee4352b33,d749d076-9202-4571-b438-202af58f4130,1b18c38d-637d-4ecd-a2a1-77ed14d655bb,84,,2026-06-02T17:16:27+07:00
2be9e153-82e0-48e2-8df1-6dce2bc85850,d749d076-9202-4571-b438-202af58f4130,10d05c09-bdb2-4253-8e44-856ad5336f34,84,,2026-06-04T06:46:41+07:00
4484f14e-6912-4216-a4de-d890f4f8de4a,d749d076-9202-4571-b438-202af58f4130,ba952af1-6fd5-49fe-ba55-bdc465f95ca2,75,,2026-06-12T22:32:39+07:00
f759d32f-41e1-412c-ae9a-0a2f9f018132,d749d076-9202-4571-b438-202af58f4130,88be6602-74af-4f89-b7fa-596e620aa8e4,90,,2026-06-14T17:45:00+07:00
2d3e83b0-cc8b-4c3d-82b2-f253c5a9c7aa,d749d076-9202-4571-b438-202af58f4130,73832518-b9b2-4f5a-bff7-cd820a5da9c8,99,,2026-06-18T07:14:57+07:00
e3f7ffc4-5483-406d-861b-50ccac051b0e,d749d076-9202-4571-b438-202af58f4130,f1eb7eeb-a8ef-4cb0-a886-09d74d3af598,89,,2026-06-21T13:38:50+07:00
ac19fed4-253b-43b2-ba88-84230ff8c11c,0118dbd4-a156-4c36-a524-60cef9056e92,,92,,2026-06-09T01:52:55+07:00
b23cd50f-8833-4e12-b467-e2cf55201d09,0118dbd4-a156-4c36-a524-60cef9056e92,,88,,2026-06-09T17:12:11+07:00
5bcb4a1a-a287-485f-828c-276daf9897c1,152ebd7b-26a5-4de1-b4fd-416e97328a6e,73832518-b9b2-4f5a-bff7-cd820a5da9c8,81,,2026-06-01T21:24:43+07:00
051450fe-7544-4eb5-b5da-8d8b4d8d66a5,152ebd7b-26a5-4de1-b4fd-416e97328a6e,6ac69667-8033-4d4c-8a2c-fb6006a2c00e,90,,2026-06-03T22:37:50+07:00
78632349-8527-47cb-9043-f9921e968a78,152ebd7b-26a5-4de1-b4fd-416e97328a6e,73832518-b9b2-4f5a-bff7-cd820a5da9c8,99,,2026-06-05T05:46:45+07:00
9c6fa438-4782-4624-9871-c46a5f74426c,6396aed3-9119-4d32-be25-2b54589fd850,fcd40acc-4f8f-45c8-82df-e9d0f8206796,80,,2026-06-02T02:06:04+07:00
d9ce919e-58ea-4ec0-b194-9da1e581bd24,6396aed3-9119-4d32-be25-2b54589fd850,1c9b4737-176c-445e-859d-330a859b0f5e,99,,2026-06-05T10:23:33+07:00
639d9e34-8bbb-4760-8fb2-f80225cbbdbe,7f070194-afbb-4fe3-816c-e98fc19307ad,fcd40acc-4f8f-45c8-82df-e9d0f8206796,90,,2026-06-04T01:18:33+07:00
39728065-881d-4238-a66c-d5ac503ba9f9,7f070194-afbb-4fe3-816c-e98fc19307ad,,99,,2026-06-06T03:23:42+07:00
709301e0-4fdb-448b-9e87-db16f5dfa5ef,7f070194-afbb-4fe3-816c-e98fc19307ad,1b920a71-baaf-4adc-94e8-cd83874a8d54,93,,2026-06-18T09:02:58+07:00
e79a6d21-43e8-4176-9616-5f8ed8baf655,7f070194-afbb-4fe3-816c-e98fc19307ad,88be6602-74af-4f89-b7fa-596e620aa8e4,94,,2026-06-25T17:57:50+07:00
e995896b-31c8-45cc-a214-4872758dffbf,a6fa4c6e-8d7d-4a47-8399-0d749a3ad97d,1b920a71-baaf-4adc-94e8-cd83874a8d54,87,,2026-06-03T12:50:03+07:00
670bb4cf-4eee-4558-9240-f5af8aaec14b,a6fa4c6e-8d7d-4a47-8399-0d749a3ad97d,1b920a71-baaf-4adc-94e8-cd83874a8d54,97,,2026-06-14T19:20:57+07:00
86e731a5-343b-4d8b-8f8c-bb5f72dc638f,a58e33ed-1b28-412f-8058-8e7597bdd3bc,1b920a71-baaf-4adc-94e8-cd83874a8d54,87,,2026-06-03T09:46:14+07:00
a4e024d4-86a3-4644-9e71-2aed58d341fc,a58e33ed-1b28-412f-8058-8e7597bdd3bc,49ee8f81-45d9-4cdc-83e5-abf8f1539d56,88,,2026-06-03T12:32:02+07:00
0666fc35-9b61-41a0-a07e-7497e28acaf5,c6fa501b-713d-4025-9777-7e5d2fad9775,,90,,2026-06-10T03:20:00+07:00
fcc331dc-87f1-4f1b-af9a-e1f18938a757,c6fa501b-713d-4025-9777-7e5d2fad9775,1b920a71-baaf-4adc-94e8-cd83874a8d54,87,,2026-07-01T01:13:19+07:00
131b5ba7-07ab-47df-ab84-88bccf0be6df,9994d282-ed75-4e56-a935-a918bc1b9cf2,73832518-b9b2-4f5a-bff7-cd820a5da9c8,94,,2026-06-03T08:06:29+07:00
c0770ff8-fc23-49ef-95b6-0e624d2772eb,9994d282-ed75-4e56-a935-a918bc1b9cf2,f07af7a6-e284-4594-bf88-9240894b8c96,97,,2026-06-06T16:17:26+07:00
c858e5d0-0277-4864-b4d8-ea407d78517d,57da9df9-69d3-419e-88f5-10c4efc7f0fc,10d05c09-bdb2-4253-8e44-856ad5336f34,81,,2026-06-17T16:50:30+07:00
4622dcae-3247-4708-a7e2-9fde513b9f4b,e05b3ef4-d357-48e1-b3c3-f2aed0e8480c,,92,,2026-06-02T14:46:19+07:00
eef663ad-fdef-443e-8ebd-c09c525a4099,e05b3ef4-d357-48e1-b3c3-f2aed0e8480c,1c9b4737-176c-445e-859d-330a859b0f5e,90,,2026-06-07T22:16:40+07:00
5a0ad2e2-cdba-43c3-9cd4-53f5514016f0,e05b3ef4-d357-48e1-b3c3-f2aed0e8480c,ec2e17a2-948e-44b3-915f-caa14df50aa9,99,,2026-06-11T19:55:05+07:00
e3b1e07b-cee1-4fea-b8b6-2ebb83d513f5,1c9b3ee1-461a-4340-a4a4-3e9018eb634c,46d4a03e-c262-49ec-8695-987a04d7dc4b,84,,2026-06-07T15:58:33+07:00
e82df3fd-1b39-4863-a702-c739369c9810,1c9b3ee1-461a-4340-a4a4-3e9018eb634c,a12b0378-6739-4162-9eba-0b93ccfdfff0,84,,2026-07-11T13:06:16+07:00
4f717832-b13a-4791-bd13-22e098c648ee,4ba2571b-9d38-4818-a2fb-a63946d6e207,73832518-b9b2-4f5a-bff7-cd820a5da9c8,96,,2026-06-03T12:19:06+07:00
095279f5-c33c-400d-bde8-581f9374e8d8,4ba2571b-9d38-4818-a2fb-a63946d6e207,10d05c09-bdb2-4253-8e44-856ad5336f34,89,,2026-06-19T18:26:37+07:00
2b8bab15-8303-4735-af84-be7c120d5ef1,4ba2571b-9d38-4818-a2fb-a63946d6e207,ba952af1-6fd5-49fe-ba55-bdc465f95ca2,99,,2026-07-15T05:36:22+07:00
b5acead7-cc88-4502-a442-b927fc098e1d,666a067d-7ddb-420c-8dd7-5fa951b86ae8,73832518-b9b2-4f5a-bff7-cd820a5da9c8,87,,2026-06-02T15:59:28+07:00
881a461e-5167-4dab-a3a4-81f7b6471926,666a067d-7ddb-420c-8dd7-5fa951b86ae8,49ee8f81-45d9-4cdc-83e5-abf8f1539d56,80,,2026-06-08T12:38:02+07:00
07799702-b277-422b-b9a3-5715e678386e,437fc1c0-d53c-47b1-846c-890cdfde3422,1c9b4737-176c-445e-859d-330a859b0f5e,93,,2026-06-04T10:19:50+07:00
79479406-d064-488f-a129-e4269f1c94a6,437fc1c0-d53c-47b1-846c-890cdfde3422,49ee8f81-45d9-4cdc-83e5-abf8f1539d56,91,,2026-07-01T02:55:00+07:00
656a3ffe-e459-4439-b315-8efc03e11b72,e3889d41-8a6b-4253-9a0f-40861bfaf9b8,f07af7a6-e284-4594-bf88-9240894b8c96,91,,2026-06-04T06:39:41+07:00
f4f41a2f-8d88-4d74-8be5-766fde2dedc2,e3889d41-8a6b-4253-9a0f-40861bfaf9b8,ba952af1-6fd5-49fe-ba55-bdc465f95ca2,79,,2026-06-19T09:14:22+07:00
c5293fa4-764f-4751-88e7-9140951ce8cc,f2b3f8cf-ff01-44cc-bcc9-1c2c402b3261,ba952af1-6fd5-49fe-ba55-bdc465f95ca2,88,,2026-06-02T19:04:35+07:00
49ffc9b0-ba6b-4c44-8e1f-0465ab096036,f2b3f8cf-ff01-44cc-bcc9-1c2c402b3261,,91,,2026-06-05T15:27:42+07:00
5982bda1-136b-4f95-8461-9e2173c6d3c2,11e42e73-66e0-49ca-9070-aa1cba00a970,46d4a03e-c262-49ec-8695-987a04d7dc4b,93,,2026-06-06T00:07:31+07:00
e45100f7-e020-4306-96dc-991fdd6417eb,11e42e73-66e0-49ca-9070-aa1cba00a970,edb26a70-31be-4abe-8303-15f94d51175b,96,,2026-06-17T06:56:05+07:00
b85a4d6e-5393-422f-ad4c-2d13369c9481,26695423-bb0a-40ba-9e50-7c3f447d1413,fcd40acc-4f8f-45c8-82df-e9d0f8206796,76,,2026-06-05T03:38:37+07:00
e319dfce-4d80-4236-b82f-38195a4d6878,26695423-bb0a-40ba-9e50-7c3f447d1413,,77,,2026-06-09T19:10:55+07:00
74226b5a-89fc-4dcb-95ff-e11a1bd51fba,394c42b5-6516-472d-b9b1-46cbafd262a0,edb26a70-31be-4abe-8303-15f94d51175b,91,,2026-06-10T01:15:18+07:00
fc1fb02c-68a9-4871-bc3b-1940d0aadbba,394c42b5-6516-472d-b9b1-46cbafd262a0,,85,,2026-06-20T18:17:12+07:00
e7c7daf8-99dc-42eb-a6de-e4ac915b8e55,0104c556-7eec-40cd-9709-0cfd1ed1a044,ba952af1-6fd5-49fe-ba55-bdc465f95ca2,72,,2026-06-07T07:57:18+07:00
7584f28b-eb7f-49ee-b5b3-01a120fcec66,0104c556-7eec-40cd-9709-0cfd1ed1a044,1b18c38d-637d-4ecd-a2a1-77ed14d655bb,80,,2026-06-28T22:21:35+07:00
ee8d0b2c-3a1e-45b8-b923-8b50b62611ca,6671f616-44c1-42a1-96ac-d5cffaac9bc0,,82,,2026-06-05T02:16:13+07:00
13ffdc36-9b40-4ed7-8b47-de565dde8fbe,6671f616-44c1-42a1-96ac-d5cffaac9bc0,10d05c09-bdb2-4253-8e44-856ad5336f34,80,,2026-06-10T23:09:09+07:00
3d534c40-650a-4118-b552-7ea930f3a300,449d9910-877c-4cea-81ad-0e30bd421f27,73832518-b9b2-4f5a-bff7-cd820a5da9c8,97,,2026-06-03T05:05:46+07:00
c404c3e0-b912-477d-bc72-7210450a6ce4,9205ba53-2eaf-4a97-ae9c-a168e382e9fb,f07af7a6-e284-4594-bf88-9240894b8c96,87,,2026-06-09T05:19:10+07:00
8fc00260-53bf-421f-835f-112549d39302,9205ba53-2eaf-4a97-ae9c-a168e382e9fb,49ee8f81-45d9-4cdc-83e5-abf8f1539d56,84,,2026-06-10T13:05:13+07:00
32431de9-f146-4dbe-a787-595d90c6cd8a,f22eec25-f346-433c-9bc7-20067409e3ca,10d05c09-bdb2-4253-8e44-856ad5336f34,85,,2026-06-05T06:21:25+07:00
729ca019-8b5f-4573-8e0f-564024731787,f22eec25-f346-433c-9bc7-20067409e3ca,edb26a70-31be-4abe-8303-15f94d51175b,74,,2026-06-05T09:32:52+07:00
52f689f5-f6da-43b5-92e7-83284b547ce9,f22eec25-f346-433c-9bc7-20067409e3ca,edb26a70-31be-4abe-8303-15f94d51175b,78,,2026-06-07T05:23:34+07:00
e341fa27-9f2b-4608-bd0b-dfea789042cf,f22eec25-f346-433c-9bc7-20067409e3ca,4227322f-3efc-4249-9c82-bbd652717878,80,,2026-06-11T21:29:53+07:00
8f838843-cb25-4fd6-837a-f797e74623b3,f22eec25-f346-433c-9bc7-20067409e3ca,2c00434b-be5e-45ee-8122-ed4c038e59ae,74,,2026-06-17T13:16:47+07:00
5d55e000-ead2-42d9-9919-064d2ca59fcc,f22eec25-f346-433c-9bc7-20067409e3ca,,84,,2026-06-21T11:34:13+07:00
e1b5579a-3b18-4414-b759-8b2a8ce9f583,3db11a8d-592e-43ba-bac7-83778bda4a0a,,78,,2026-06-10T13:04:52+07:00
6f8689bc-5950-4f7a-9786-84c119cbfe67,3db11a8d-592e-43ba-bac7-83778bda4a0a,7fd4dcb0-dc6b-4e20-86e0-79dc05bf63ce,80,,2026-06-11T05:00:12+07:00
4707b43f-0600-4f1a-a74a-6b37ffb09051,a5a3392c-e6a6-4038-9a5d-9285c052cd33,ba952af1-6fd5-49fe-ba55-bdc465f95ca2,83,,2026-06-05T11:50:14+07:00
ea7f6911-f5a7-4180-a9b5-447587c46e03,a5a3392c-e6a6-4038-9a5d-9285c052cd33,1b920a71-baaf-4adc-94e8-cd83874a8d54,87,,2026-06-08T21:41:58+07:00
6d93b2c8-49ea-46ed-b532-8e42c0c6c32b,1c2c1e0e-f591-43b3-9626-6a4a58fd8cc8,4227322f-3efc-4249-9c82-bbd652717878,84,,2026-06-13T06:47:20+07:00
a5e776a9-126e-41eb-a4b9-336354797495,1cc9711f-3410-496f-8a16-4be484f89ce6,7fd4dcb0-dc6b-4e20-86e0-79dc05bf63ce,87,,2026-06-12T14:15:00+07:00
5e09418e-033a-400b-9acd-cf6e09f18445,67199255-f50b-46a7-849b-4cbeae9c3399,49ee8f81-45d9-4cdc-83e5-abf8f1539d56,90,,2026-06-05T12:42:58+07:00
252820ff-1193-49d8-8601-420f672eec38,67199255-f50b-46a7-849b-4cbeae9c3399,46d4a03e-c262-49ec-8695-987a04d7dc4b,81,,2026-06-08T19:12:38+07:00
e1a82457-fb72-4aec-ac50-863728099e70,67199255-f50b-46a7-849b-4cbeae9c3399,83d2e570-56ce-4981-937c-fd58fd390509,85,,2026-07-15T11:37:27+07:00
033ab5e5-d4f5-497f-ae89-ababf1fafb8a,8bbc23fa-9204-4cad-9d74-33238686821a,ba952af1-6fd5-49fe-ba55-bdc465f95ca2,84,,2026-06-04T08:34:24+07:00
91a1478f-fa02-4dff-a917-e8b0f428a78a,8bbc23fa-9204-4cad-9d74-33238686821a,1c9b4737-176c-445e-859d-330a859b0f5e,85,,2026-06-06T09:20:56+07:00
fc453358-4274-4d4c-a0f3-806a9b0194ed,8bbc23fa-9204-4cad-9d74-33238686821a,461e2ef5-600f-436b-8b20-ff6b5e1c1561,99,,2026-06-13T02:25:11+07:00
6a230989-6378-4379-84de-de947fb9edaf,1f02833e-6ed0-43c6-8ae4-826f835598b6,,87,,2026-06-11T23:30:49+07:00
f339f9fd-b718-4e39-a926-4047b68eeb67,50c015a8-b7b9-4952-8c1a-fa68a6b73eea,6ac69667-8033-4d4c-8a2c-fb6006a2c00e,99,,2026-06-05T13:14:30+07:00
696c749c-c1d9-46ab-8a1f-7c4f414c9d97,50c015a8-b7b9-4952-8c1a-fa68a6b73eea,83d2e570-56ce-4981-937c-fd58fd390509,81,,2026-06-11T23:39:05+07:00
6bd039be-52ce-4803-85fe-de2b77d06c13,50c015a8-b7b9-4952-8c1a-fa68a6b73eea,f07af7a6-e284-4594-bf88-9240894b8c96,77,,2026-06-12T17:38:13+07:00
4da619bb-ecd9-4e8c-bf83-8c1ee402bdda,cab72f8f-a807-4c92-83e3-c14b5d59d280,,84,,2026-06-10T22:19:33+07:00
4a91d41e-7ab9-4615-a792-369db649ea67,0ae9e085-0fb6-4a56-bb27-bd0ea0fc27a8,461e2ef5-600f-436b-8b20-ff6b5e1c1561,93,,2026-06-09T14:37:14+07:00
34b2759e-8bc1-45a3-9941-161c5e573751,0ae9e085-0fb6-4a56-bb27-bd0ea0fc27a8,f07af7a6-e284-4594-bf88-9240894b8c96,98,,2026-06-09T15:27:31+07:00
cb966609-8e0b-421d-87e6-03b6de98cd15,39c63862-c522-4c3a-b0f4-4588a443dc12,fcd40acc-4f8f-45c8-82df-e9d0f8206796,85,,2026-06-08T05:07:08+07:00
0413680b-88af-47bb-9dc1-07fd00340efc,fa368a01-a635-480f-ab24-28ffe3340e6e,506eaccd-4997-418d-8a64-a67ed9a58eaa,98,,2026-06-05T14:10:27+07:00
597a4418-fe2e-43c3-a671-3882b0596896,fa368a01-a635-480f-ab24-28ffe3340e6e,461e2ef5-600f-436b-8b20-ff6b5e1c1561,97,,2026-06-18T07:56:31+07:00
88f946ce-9211-4aa1-848e-578ac196d41a,fd3bcd96-8c40-46ed-bae9-4c9f05eed661,1b18c38d-637d-4ecd-a2a1-77ed14d655bb,82,,2026-06-05T13:00:53+07:00
952e0ac1-ccab-4ee0-9e13-74d0f510c2d1,fd3bcd96-8c40-46ed-bae9-4c9f05eed661,10d05c09-bdb2-4253-8e44-856ad5336f34,91,,2026-06-05T13:08:45+07:00
08eb00fd-9e4a-40f4-a858-6d9f86994e4c,fd3bcd96-8c40-46ed-bae9-4c9f05eed661,73832518-b9b2-4f5a-bff7-cd820a5da9c8,92,,2026-06-09T22:01:09+07:00
9038e59d-ed83-4134-9018-b4100cef5062,fd3bcd96-8c40-46ed-bae9-4c9f05eed661,1b18c38d-637d-4ecd-a2a1-77ed14d655bb,85,,2026-06-14T16:08:59+07:00
27508988-8271-458b-a90a-2a5ded9937e4,b0ea14d1-c682-4a2b-acdb-4e9cfa09dc3b,ec2e17a2-948e-44b3-915f-caa14df50aa9,83,,2026-06-13T17:29:16+07:00
2aeb6981-fd8b-411d-a495-f1ab90eb9d72,b0ea14d1-c682-4a2b-acdb-4e9cfa09dc3b,1427b036-c60b-4c81-a3c6-d573dda80136,91,,2026-07-12T22:50:02+07:00
32d8732c-1cf7-4264-97e1-adc44ed43a74,2cbbc373-bbd5-4aac-a8fe-e448604083d9,ec2e17a2-948e-44b3-915f-caa14df50aa9,90,,2026-06-06T15:24:57+07:00
65715530-e44f-40ba-86b3-66fbb9864e4e,2cbbc373-bbd5-4aac-a8fe-e448604083d9,1b18c38d-637d-4ecd-a2a1-77ed14d655bb,85,,2026-06-06T15:26:05+07:00
4c7ae7de-b71c-4e11-81a8-e5e04afa9b04,2cbbc373-bbd5-4aac-a8fe-e448604083d9,fcd40acc-4f8f-45c8-82df-e9d0f8206796,85,,2026-06-07T06:43:46+07:00
d52bea89-a863-4ed5-a931-131468f7c3f0,2cbbc373-bbd5-4aac-a8fe-e448604083d9,1b920a71-baaf-4adc-94e8-cd83874a8d54,91,,2026-06-13T11:49:26+07:00
f89ddbe3-1bfe-4e85-b68c-5ab647d74594,2cbbc373-bbd5-4aac-a8fe-e448604083d9,73832518-b9b2-4f5a-bff7-cd820a5da9c8,84,,2026-06-23T18:50:30+07:00
e6f40ebe-16d2-4b44-9a39-37081e0414d0,43c94f94-3b10-47c3-ac8f-ed7d2df85439,1b920a71-baaf-4adc-94e8-cd83874a8d54,86,,2026-06-13T00:08:56+07:00
2e2f3083-d33b-4fc3-904b-d51da1ee105b,43c94f94-3b10-47c3-ac8f-ed7d2df85439,f1eb7eeb-a8ef-4cb0-a886-09d74d3af598,90,,2026-06-29T00:32:51+07:00
fb3db5ac-f408-4c25-9a18-dd5239b1e454,7d0cdffd-b754-49b7-a419-50c0c82e5631,ba952af1-6fd5-49fe-ba55-bdc465f95ca2,83,,2026-06-13T11:01:30+07:00
95471ca8-f410-46b9-9276-2977ecab419e,7d0cdffd-b754-49b7-a419-50c0c82e5631,,90,,2026-06-21T01:05:41+07:00
285e7045-adcd-4b3e-b3f7-e0c85b91d7f3,2fd19fe2-ba76-4c20-8a75-1dc03a96409c,88be6602-74af-4f89-b7fa-596e620aa8e4,86,,2026-06-18T02:50:42+07:00
70ea6334-7b91-48b4-8822-13836291fa1c,2fd19fe2-ba76-4c20-8a75-1dc03a96409c,83d2e570-56ce-4981-937c-fd58fd390509,90,,2026-06-21T09:32:24+07:00
87e04232-9489-4c00-87b4-1aa6efbbcfc2,2fd19fe2-ba76-4c20-8a75-1dc03a96409c,88be6602-74af-4f89-b7fa-596e620aa8e4,89,,2026-06-23T03:52:50+07:00
b0aa85dd-419d-4ba2-afae-f064c3caef15,fec6bb88-e120-4dcc-9916-fc53b70f9d13,49ee8f81-45d9-4cdc-83e5-abf8f1539d56,78,,2026-06-20T06:46:10+07:00
cb1772ee-fae3-4c6a-928e-d51ea517fa90,fec6bb88-e120-4dcc-9916-fc53b70f9d13,028dcdfd-b509-4967-81ff-593ef33bb7ae,84,,2026-06-23T07:33:04+07:00
5cb8e4c4-0924-4359-9d10-b3cc27e9d12f,41edd3af-ec67-4f8e-a58f-d35cfeaac899,ec2e17a2-948e-44b3-915f-caa14df50aa9,91,,2026-06-19T14:06:13+07:00
76350770-c808-4b52-82ae-0c125de91931,55641ab8-ee5c-4b3e-b203-0d52bd3c3c18,ba952af1-6fd5-49fe-ba55-bdc465f95ca2,98,,2026-06-14T02:09:52+07:00
951c0302-d389-47e0-9fd6-53df8cf4bacc,60f03c54-8034-4374-9815-6cf611f6ac47,506eaccd-4997-418d-8a64-a67ed9a58eaa,91,,2026-06-07T01:15:56+07:00
d2d205ec-0af5-4406-961b-8ebb7f458737,60f03c54-8034-4374-9815-6cf611f6ac47,73832518-b9b2-4f5a-bff7-cd820a5da9c8,84,,2026-06-16T13:36:27+07:00
cb3274d0-c7c7-4c86-9037-06d57fab7e8b,16493a75-c8ee-412c-9852-13274fe55e48,49ee8f81-45d9-4cdc-83e5-abf8f1539d56,87,,2026-06-08T06:33:00+07:00
7beacb2c-b4eb-43e0-b416-f79e671739e7,e550942d-8481-46d0-bcda-7b24917ca1c6,49ee8f81-45d9-4cdc-83e5-abf8f1539d56,89,,2026-06-06T21:43:24+07:00
5509f0d9-b0b9-4fc9-9dda-0c78417f23cd,e550942d-8481-46d0-bcda-7b24917ca1c6,49ee8f81-45d9-4cdc-83e5-abf8f1539d56,95,,2026-06-06T23:50:56+07:00
29b25cd6-8f7e-4115-8ce0-79ecb30c15d6,e550942d-8481-46d0-bcda-7b24917ca1c6,,91,,2026-06-07T21:54:14+07:00
649dad8d-7b89-4af7-b0b4-eb2efa0ed3f1,e550942d-8481-46d0-bcda-7b24917ca1c6,ec2e17a2-948e-44b3-915f-caa14df50aa9,89,,2026-06-13T20:57:41+07:00
8f71065b-9d50-42cb-ab91-b06fd14a2263,e550942d-8481-46d0-bcda-7b24917ca1c6,f1eb7eeb-a8ef-4cb0-a886-09d74d3af598,88,,2026-06-24T02:02:12+07:00
18c3c825-3dbf-4b2e-b24a-c7e66a360b7c,48943e16-8ac5-4f69-863c-35a4ebf28d33,7fd4dcb0-dc6b-4e20-86e0-79dc05bf63ce,88,,2026-06-08T22:30:25+07:00
87678f11-be84-46c7-8497-c1e2a8e5d47b,48943e16-8ac5-4f69-863c-35a4ebf28d33,10d05c09-bdb2-4253-8e44-856ad5336f34,78,,2026-06-29T03:59:20+07:00
569d1af9-d3c3-4f8f-be38-706d1d3ae572,87fe8d7d-7ec1-439e-a996-f4ed5ea8001b,88be6602-74af-4f89-b7fa-596e620aa8e4,94,,2026-06-16T13:53:47+07:00
552c7216-17f0-4e4d-a37c-fea108fa3a8b,19cc6488-d458-42ba-b8cc-9a51a276c0d5,ec2e17a2-948e-44b3-915f-caa14df50aa9,87,,2026-06-13T16:59:10+07:00
1c5e7297-c07b-464d-a3bc-39e49690e19a,19cc6488-d458-42ba-b8cc-9a51a276c0d5,46d4a03e-c262-49ec-8695-987a04d7dc4b,97,,2026-06-19T22:09:01+07:00
7a442964-7a54-4234-af0c-a8067c15828b,bdf72dc8-7072-4f5b-a994-2d10d526399d,ba952af1-6fd5-49fe-ba55-bdc465f95ca2,84,,2026-06-07T15:02:44+07:00
cfec4d3e-ba98-47c4-8f42-30904aeddce4,bdf72dc8-7072-4f5b-a994-2d10d526399d,4227322f-3efc-4249-9c82-bbd652717878,83,,2026-06-07T18:11:27+07:00
144aa8c1-3acf-468d-9067-03057bc51630,bdf72dc8-7072-4f5b-a994-2d10d526399d,1c9b4737-176c-445e-859d-330a859b0f5e,88,,2026-06-14T08:33:54+07:00
c21fc60e-e7bd-40a4-a3d1-b4a2ba68ed53,4d58e8f9-9dac-4d4b-a29c-23e9dbeed90e,461e2ef5-600f-436b-8b20-ff6b5e1c1561,95,,2026-06-13T04:47:41+07:00
27f4cce1-7745-456e-a9af-423e3d4155f3,4d58e8f9-9dac-4d4b-a29c-23e9dbeed90e,46d4a03e-c262-49ec-8695-987a04d7dc4b,84,,2026-06-14T21:56:43+07:00
4b60aac2-edd9-4592-9c1c-bbef550a50f4,e514cf07-4b28-4317-9a52-b189b3ad2492,7fd4dcb0-dc6b-4e20-86e0-79dc05bf63ce,90,,2026-06-10T10:53:10+07:00
be53ebcb-fcca-4a54-836c-6c684bf526d3,9cc511c0-5a66-4e12-9260-24abec41d292,,84,,2026-06-19T16:46:14+07:00
a4c12cea-5371-4765-9892-f60580341a3f,9cc511c0-5a66-4e12-9260-24abec41d292,4227322f-3efc-4249-9c82-bbd652717878,96,,2026-06-29T01:10:13+07:00
6c5ecb26-5f62-4566-99b7-1d0df5fb592a,7389c955-c91f-47ca-a8c1-6282fe5d5442,f1eb7eeb-a8ef-4cb0-a886-09d74d3af598,96,,2026-06-09T09:42:53+07:00
b9f03c25-8ea8-494e-8055-38a5a0787b9f,7389c955-c91f-47ca-a8c1-6282fe5d5442,88be6602-74af-4f89-b7fa-596e620aa8e4,86,,2026-06-14T11:07:41+07:00
d94ba637-c8f0-433d-91b3-3f5f025bc9a4,a84fdc65-6c87-4545-be2c-02dd41418dd9,f07af7a6-e284-4594-bf88-9240894b8c96,89,,2026-06-10T18:27:37+07:00
a0c795ac-cc85-46a2-9366-1fc79ef55c33,a84fdc65-6c87-4545-be2c-02dd41418dd9,,85,,2026-06-17T08:45:06+07:00
a641ebc5-71a4-4c63-ba9e-5d33e2c6f603,c27129f0-5b8c-4c94-84a6-6c1793f5a029,f07af7a6-e284-4594-bf88-9240894b8c96,81,,2026-06-14T23:57:50+07:00
97d91c49-8251-42c4-b833-5cd97ccef824,6630dd46-860c-4f77-a912-db423e3be99b,fcd40acc-4f8f-45c8-82df-e9d0f8206796,89,,2026-06-09T05:34:29+07:00
14f58fad-97c2-4653-bf12-0378f3971344,6630dd46-860c-4f77-a912-db423e3be99b,88be6602-74af-4f89-b7fa-596e620aa8e4,88,,2026-06-12T00:59:28+07:00
89b8c43d-1cf5-41a7-9a2d-c0a87026eccb,6630dd46-860c-4f77-a912-db423e3be99b,4227322f-3efc-4249-9c82-bbd652717878,87,,2026-06-27T12:59:20+07:00
1a7ec702-be1b-402c-9e87-09b9fb36fce9,1b1d1e95-7891-4e72-867b-3501f2d86206,1b920a71-baaf-4adc-94e8-cd83874a8d54,79,,2026-06-13T11:00:50+07:00
b61ede4f-3e25-4ce6-8e47-ff5f17713030,1b1d1e95-7891-4e72-867b-3501f2d86206,73832518-b9b2-4f5a-bff7-cd820a5da9c8,84,,2026-06-13T14:28:30+07:00
9c03299c-5e63-49bd-9fce-a996f2c05e30,1b1d1e95-7891-4e72-867b-3501f2d86206,83d2e570-56ce-4981-937c-fd58fd390509,99,,2026-06-15T09:10:00+07:00
8bb221dc-6303-4ebe-9a5c-c4ea908af9f9,1b1d1e95-7891-4e72-867b-3501f2d86206,f07af7a6-e284-4594-bf88-9240894b8c96,89,,2026-06-17T08:47:48+07:00
4b9c2739-9b4d-4153-b458-c58571f8f77c,1b1d1e95-7891-4e72-867b-3501f2d86206,6ac69667-8033-4d4c-8a2c-fb6006a2c00e,92,,2026-06-17T20:30:43+07:00
15ae3640-0221-4c61-95f1-4c472e7968d0,1f5a93a7-dfce-4d5b-8a7e-7b85349c8236,49ee8f81-45d9-4cdc-83e5-abf8f1539d56,91,,2026-06-09T04:13:41+07:00
947e9807-ed27-4e1f-a62e-04d24de0cfc1,1f5a93a7-dfce-4d5b-8a7e-7b85349c8236,,93,,2026-06-11T22:03:17+07:00
054baf88-c650-4aba-826f-bd0d553154e9,1f5a93a7-dfce-4d5b-8a7e-7b85349c8236,1c9b4737-176c-445e-859d-330a859b0f5e,79,,2026-06-24T17:02:19+07:00
b62df698-c199-48d1-a527-4b95a099b8c5,1f5a93a7-dfce-4d5b-8a7e-7b85349c8236,88be6602-74af-4f89-b7fa-596e620aa8e4,90,,2026-06-24T19:12:44+07:00
ee0af6c7-ea5e-49b0-8d12-38d0dc8370e3,1f5a93a7-dfce-4d5b-8a7e-7b85349c8236,61345fcc-db36-431c-b4cb-70b3963078a8,84,,2026-06-29T02:06:53+07:00
23577281-154c-42ea-bc46-7eb86486c01c,1f5a93a7-dfce-4d5b-8a7e-7b85349c8236,edb26a70-31be-4abe-8303-15f94d51175b,94,,2026-06-29T06:42:55+07:00
b9897b60-d161-4f53-b857-fb291bc9a1ff,1f5a93a7-dfce-4d5b-8a7e-7b85349c8236,,99,,2026-07-06T05:02:52+07:00
2680e74e-2cd2-4ad0-9c27-ac0543d60b10,44ef9e91-8150-4612-94ad-9751452687df,83d2e570-56ce-4981-937c-fd58fd390509,92,,2026-06-10T20:41:03+07:00
671c4d35-c079-46e5-a7bd-bbb9ba878837,44ef9e91-8150-4612-94ad-9751452687df,83d2e570-56ce-4981-937c-fd58fd390509,90,,2026-06-12T08:16:42+07:00
3dbf9a81-3f58-4977-9fcd-ae02f619cd01,44ef9e91-8150-4612-94ad-9751452687df,1c9b4737-176c-445e-859d-330a859b0f5e,99,,2026-06-12T21:28:51+07:00
64660535-6324-47e5-8075-ee77e9b1af14,44ef9e91-8150-4612-94ad-9751452687df,61345fcc-db36-431c-b4cb-70b3963078a8,83,,2026-06-30T02:47:35+07:00
699c3298-0bb8-479b-80ab-85be66985d7f,3e79459f-755d-440e-8a5f-bf6edc6305ab,1b18c38d-637d-4ecd-a2a1-77ed14d655bb,83,,2026-06-09T01:29:01+07:00
877ecdf1-d6a0-4b9a-a663-e632aeb6c7c0,3e79459f-755d-440e-8a5f-bf6edc6305ab,b405bb76-c190-4857-97dd-8ee547b0c179,90,,2026-07-01T08:33:28+07:00
7cf9535f-b80b-4323-a768-fa77283b45f7,3e79459f-755d-440e-8a5f-bf6edc6305ab,ba952af1-6fd5-49fe-ba55-bdc465f95ca2,84,,2026-07-03T20:15:26+07:00
529deb15-d1cc-4db8-bc04-d96c040d4f35,08934b27-cc54-427b-b509-f6bf4757e067,6ac69667-8033-4d4c-8a2c-fb6006a2c00e,85,,2026-06-11T21:00:21+07:00
dcdfb3be-903c-4d48-b4d7-65a8758958b8,08934b27-cc54-427b-b509-f6bf4757e067,73832518-b9b2-4f5a-bff7-cd820a5da9c8,82,,2026-06-13T03:04:04+07:00
8a7ec97d-2c1d-4e0f-9e1f-e86e225f48d7,08934b27-cc54-427b-b509-f6bf4757e067,46d4a03e-c262-49ec-8695-987a04d7dc4b,94,,2026-07-10T14:08:00+07:00
115116a1-c056-4e74-96af-36a1325ce4d3,3df43888-d860-435f-8059-b08a5d997020,1b920a71-baaf-4adc-94e8-cd83874a8d54,88,,2026-06-25T10:44:40+07:00
fa3e6a62-4369-4da2-aa09-269d5699e87a,3df43888-d860-435f-8059-b08a5d997020,7fd4dcb0-dc6b-4e20-86e0-79dc05bf63ce,85,,2026-07-20T04:21:05+07:00
dc946c0c-20b9-4338-8eef-cfc25f60d9d2,6ca76f80-5cab-4238-a351-9ba5cfd8d1cc,461e2ef5-600f-436b-8b20-ff6b5e1c1561,87,,2026-06-10T10:49:58+07:00
19a815ee-5f20-4a3b-8eda-0657248cec89,ae93a1d8-2b87-4a33-8674-9c38ade682e9,506eaccd-4997-418d-8a64-a67ed9a58eaa,90,,2026-06-10T01:19:35+07:00
11191f14-2d3e-400a-9a4a-ee9fcd55d96f,ae93a1d8-2b87-4a33-8674-9c38ade682e9,f07af7a6-e284-4594-bf88-9240894b8c96,91,,2026-06-11T13:37:03+07:00
382548c9-5d37-4a82-86cd-fa13fe8f0dbd,ae93a1d8-2b87-4a33-8674-9c38ade682e9,1b920a71-baaf-4adc-94e8-cd83874a8d54,76,,2026-07-03T13:42:32+07:00
890d33ce-1843-4434-a99d-3047c4fa00c2,8ea4d030-e13b-4102-8ec8-415a4a807431,f1eb7eeb-a8ef-4cb0-a886-09d74d3af598,84,,2026-06-09T22:57:09+07:00
22663b15-146f-48ee-9a62-ee51375e6a96,8ea4d030-e13b-4102-8ec8-415a4a807431,,93,,2026-06-10T00:00:59+07:00
3ab5c47f-1a52-48c9-b65a-72778ab8ab27,8ea4d030-e13b-4102-8ec8-415a4a807431,fcd40acc-4f8f-45c8-82df-e9d0f8206796,79,,2026-06-15T09:33:46+07:00
68719387-53b9-402a-9693-1434a4a78df5,5958e56b-b502-4802-a881-4998d7edadee,6ac69667-8033-4d4c-8a2c-fb6006a2c00e,90,,2026-06-10T08:59:18+07:00
85635c13-86ec-402d-8fff-0365caf9eded,5958e56b-b502-4802-a881-4998d7edadee,52e73b62-4559-490f-bc2e-7ada5e1bb367,98,,2026-06-19T08:42:47+07:00
ef2a52f5-d0ae-4d89-b310-86ba670fe9ec,5958e56b-b502-4802-a881-4998d7edadee,fcd40acc-4f8f-45c8-82df-e9d0f8206796,89,,2026-06-22T13:15:38+07:00
7dd0beb0-575a-4815-80fb-8d5524201a8c,b2942eff-f3d8-4521-8c3f-411334e22b0c,1b18c38d-637d-4ecd-a2a1-77ed14d655bb,98,,2026-06-12T07:26:53+07:00
486b9dfc-ecd1-427a-b8ce-0a6bbc5843bc,b2942eff-f3d8-4521-8c3f-411334e22b0c,f07af7a6-e284-4594-bf88-9240894b8c96,91,,2026-06-29T09:57:40+07:00
484bc13e-07cc-4d51-a0a7-466971eb0e91,aa44a27f-d541-45e2-805e-d22c23970b72,f07af7a6-e284-4594-bf88-9240894b8c96,84,,2026-06-14T13:07:39+07:00
8a8e67e8-50fb-4058-8089-63884ca0f6ed,aa44a27f-d541-45e2-805e-d22c23970b72,,86,,2026-07-03T02:05:16+07:00
ef4e63d3-e66d-4343-9e9a-248354216bea,59f10079-0e37-4ea7-8c12-e7c0db14c57b,49ee8f81-45d9-4cdc-83e5-abf8f1539d56,77,,2026-06-12T05:16:54+07:00
3919dbd1-4eef-4faa-a8a3-09826400f925,59f10079-0e37-4ea7-8c12-e7c0db14c57b,6ac69667-8033-4d4c-8a2c-fb6006a2c00e,78,,2026-06-23T09:09:42+07:00
c9432cae-a226-4fee-b3a6-0f4ad19d4744,59f10079-0e37-4ea7-8c12-e7c0db14c57b,49ee8f81-45d9-4cdc-83e5-abf8f1539d56,87,,2026-07-07T10:05:22+07:00
171d52a0-b79e-4660-bb1d-fcc4ec41e0f1,dbe8d66e-1e0a-4a8a-b302-40358cdd476c,10d05c09-bdb2-4253-8e44-856ad5336f34,95,,2026-06-10T05:22:14+07:00
340e0e30-2e99-4e51-af51-9ce635480b08,ed96cedf-efc9-4061-8e99-932408f0604b,7fd4dcb0-dc6b-4e20-86e0-79dc05bf63ce,70,,2026-06-15T22:08:30+07:00
ce7801ea-306f-4e23-90ad-1e23e27e31d4,ed96cedf-efc9-4061-8e99-932408f0604b,edb26a70-31be-4abe-8303-15f94d51175b,81,,2026-07-14T03:14:37+07:00
ab4dc4b1-f3e6-4594-909f-9441c279dfd2,294a1077-2037-4550-84bf-cb343ed0efd4,73832518-b9b2-4f5a-bff7-cd820a5da9c8,82,,2026-06-10T19:11:56+07:00
d0420c86-c81c-4ed5-8403-77e68ad3801a,294a1077-2037-4550-84bf-cb343ed0efd4,83d2e570-56ce-4981-937c-fd58fd390509,87,,2026-06-16T08:45:08+07:00
0a5daaea-9ff4-4d00-a349-ebe0b50b035d,294a1077-2037-4550-84bf-cb343ed0efd4,1b920a71-baaf-4adc-94e8-cd83874a8d54,80,,2026-06-26T04:22:26+07:00
a1605797-8ad2-4a97-8c59-d239d0c369f3,294a1077-2037-4550-84bf-cb343ed0efd4,,84,,2026-06-28T13:39:21+07:00
4994df62-8e3b-4af7-aa74-1057f487b65a,b5db82c8-39e5-4e0a-88dc-5c974d1ea9a3,f07af7a6-e284-4594-bf88-9240894b8c96,78,,2026-06-26T08:56:48+07:00
c21eb4e3-a8c2-420a-93da-6f6dd4fa9b96,399cacbc-feb5-4020-9a63-225af7f40fee,,88,,2026-06-13T02:32:23+07:00
3db3a12e-4aae-4912-b4b0-7986b1cba6f4,399cacbc-feb5-4020-9a63-225af7f40fee,028dcdfd-b509-4967-81ff-593ef33bb7ae,99,,2026-06-26T13:57:22+07:00
1ddc0a54-441e-4df6-9a8c-c722f013eb42,11592640-036d-4a66-92c8-1051d33628d5,,75,,2026-06-12T21:38:38+07:00
135d1d71-44fe-4242-b4a2-93ecc7cbd0ec,11592640-036d-4a66-92c8-1051d33628d5,73832518-b9b2-4f5a-bff7-cd820a5da9c8,90,,2026-06-14T09:17:58+07:00
5deb995c-039e-43de-82ad-f18cbcbe0b9b,3ebd04db-d96d-4029-a78c-552f041464c0,1c9b4737-176c-445e-859d-330a859b0f5e,81,,2026-06-12T15:35:02+07:00
4a2b991b-a4c8-4006-b142-8cd09231c941,3ebd04db-d96d-4029-a78c-552f041464c0,1427b036-c60b-4c81-a3c6-d573dda80136,89,,2026-06-16T17:47:00+07:00
16bbc168-9d72-479e-ac90-da4f79ccfbbf,3ebd04db-d96d-4029-a78c-552f041464c0,1b920a71-baaf-4adc-94e8-cd83874a8d54,90,,2026-07-09T05:12:39+07:00
427a60d8-70ea-43da-b01b-95175b4d32b2,080dd93d-3aea-4327-ae9e-fa9b7d135955,028dcdfd-b509-4967-81ff-593ef33bb7ae,82,,2026-06-12T11:51:41+07:00
f7da8b4f-1639-46de-b104-985fbecdb856,080dd93d-3aea-4327-ae9e-fa9b7d135955,83d2e570-56ce-4981-937c-fd58fd390509,92,,2026-06-30T02:21:52+07:00
2ef341a6-a182-4fd0-8656-2adc42a74cfa,d0db6036-67ff-48bf-b200-53765b742f67,49ee8f81-45d9-4cdc-83e5-abf8f1539d56,83,,2026-06-25T03:26:40+07:00
d66d42f9-459c-434a-af81-d63f5154b2f9,d0db6036-67ff-48bf-b200-53765b742f67,506eaccd-4997-418d-8a64-a67ed9a58eaa,94,,2026-06-30T10:48:19+07:00
af59ebaa-bc04-4de3-bdf8-e6231ca4b723,74f6b862-f0f9-4523-819f-69686566ccaf,ba952af1-6fd5-49fe-ba55-bdc465f95ca2,73,,2026-06-12T10:07:49+07:00
34bda6d0-b70b-4082-bde1-71534bfa99bf,74f6b862-f0f9-4523-819f-69686566ccaf,fcd40acc-4f8f-45c8-82df-e9d0f8206796,92,,2026-06-22T02:36:52+07:00
e32bc406-1608-4dc7-967d-bbd301be6d20,74f6b862-f0f9-4523-819f-69686566ccaf,,80,,2026-07-05T05:00:37+07:00
029bdf00-cb92-453f-b65d-214a126f5344,afa87af4-64e2-4b44-a879-f219c167a4b9,7fd4dcb0-dc6b-4e20-86e0-79dc05bf63ce,91,,2026-06-13T08:12:28+07:00
e62ce59b-c5f7-42ef-b530-ef2faee66014,afa87af4-64e2-4b44-a879-f219c167a4b9,4227322f-3efc-4249-9c82-bbd652717878,94,,2026-06-15T13:50:03+07:00
6dc6dfcd-524d-447c-987a-1df12807dfc5,afa87af4-64e2-4b44-a879-f219c167a4b9,ba952af1-6fd5-49fe-ba55-bdc465f95ca2,85,,2026-06-24T17:16:43+07:00
c77da94a-2d28-4453-a622-134867debb01,afa87af4-64e2-4b44-a879-f219c167a4b9,52e73b62-4559-490f-bc2e-7ada5e1bb367,85,,2026-06-27T11:11:15+07:00
91faa39e-76ea-4365-a854-7d654c53a6c6,afa87af4-64e2-4b44-a879-f219c167a4b9,4227322f-3efc-4249-9c82-bbd652717878,79,,2026-07-03T16:50:50+07:00
e723cb2d-ed11-4ef1-81a5-ef84023e67fb,d3da002f-d672-441a-af2d-d23d6009b37f,f07af7a6-e284-4594-bf88-9240894b8c96,92,,2026-06-13T00:00:56+07:00
98906c5b-b088-48c5-889c-1510856ae1a5,d3da002f-d672-441a-af2d-d23d6009b37f,,91,,2026-06-13T00:04:23+07:00
4db0fcd4-bd28-40d8-b528-484093bda62d,d3da002f-d672-441a-af2d-d23d6009b37f,ec2e17a2-948e-44b3-915f-caa14df50aa9,88,,2026-06-13T15:06:35+07:00
3e9b382b-d34c-429a-b6b2-5251cb201bd1,d3da002f-d672-441a-af2d-d23d6009b37f,1427b036-c60b-4c81-a3c6-d573dda80136,90,,2026-06-28T07:19:13+07:00
f14cd1cf-dbad-46c7-8853-adf2f68c1bc5,d3da002f-d672-441a-af2d-d23d6009b37f,83d2e570-56ce-4981-937c-fd58fd390509,91,,2026-07-21T09:11:34+07:00
0bfb9db4-eaaa-4342-a9e1-61d8b55dfb76,5d8a3642-3fb9-4d79-bc22-c7243a7e9950,73832518-b9b2-4f5a-bff7-cd820a5da9c8,85,,2026-06-13T17:50:26+07:00
1b13a58b-9ac6-4640-8035-af7b74fc5586,edde899d-b0ee-426e-8b3b-ea2174e542b6,88be6602-74af-4f89-b7fa-596e620aa8e4,87,,2026-06-12T00:33:38+07:00
0186b370-32af-4724-8aae-b7212ccf7e04,c6e8ea9b-e3fe-4977-ba6f-e0abed64cce1,fcd40acc-4f8f-45c8-82df-e9d0f8206796,83,,2026-06-17T13:28:00+07:00
34da0a2c-afc7-4ec1-9a2e-b4e5dba5086b,c6e8ea9b-e3fe-4977-ba6f-e0abed64cce1,fcd40acc-4f8f-45c8-82df-e9d0f8206796,83,,2026-06-20T21:02:44+07:00
c7f89c81-c848-4c11-921d-796eeb432fa5,c6e8ea9b-e3fe-4977-ba6f-e0abed64cce1,ba952af1-6fd5-49fe-ba55-bdc465f95ca2,93,,2026-06-27T14:56:02+07:00
a5d4d768-24b7-45d5-bb33-f5c22c9601ae,3fa42a0d-9d45-4296-b714-fd45cc9fc4a9,edb26a70-31be-4abe-8303-15f94d51175b,87,,2026-06-13T18:31:52+07:00
e70ad53d-40c4-4e31-aac4-8c0d2d935463,3fa42a0d-9d45-4296-b714-fd45cc9fc4a9,ec2e17a2-948e-44b3-915f-caa14df50aa9,86,,2026-06-13T18:54:07+07:00
7633a465-75c3-4be4-aa98-273e7b16926d,64a013d4-641f-4459-8f0b-29a4a56119be,49ee8f81-45d9-4cdc-83e5-abf8f1539d56,94,,2026-06-13T09:36:15+07:00
7ba515f5-6423-4a57-9f78-a6bc7b3571ee,64a013d4-641f-4459-8f0b-29a4a56119be,,90,,2026-06-18T10:37:01+07:00
aba1b3f2-6e3c-44d9-ac78-e38756e489f3,92f30315-21a8-47b4-99a8-aa97c1a089a1,461e2ef5-600f-436b-8b20-ff6b5e1c1561,86,,2026-06-16T05:20:36+07:00
9ae403ee-5102-4374-8961-05f2449c4b44,fb5802d3-e3bd-4dd0-bf3b-b13be0f3feb3,f07af7a6-e284-4594-bf88-9240894b8c96,88,,2026-06-14T12:16:42+07:00
bf3f7d81-bdb7-4b63-85f0-b1dcbb5188f9,fb5802d3-e3bd-4dd0-bf3b-b13be0f3feb3,fcd40acc-4f8f-45c8-82df-e9d0f8206796,95,,2026-06-29T07:21:09+07:00
ee02d00a-d33f-4137-b2fa-01c2620b0916,fb5802d3-e3bd-4dd0-bf3b-b13be0f3feb3,,87,,2026-07-01T22:55:25+07:00
77d7faf2-c157-4a6c-b9f3-747d5f9bb265,2c5282f9-ad33-480a-bd19-96ea6f18fe12,,86,,2026-06-14T08:18:40+07:00
6571b32b-effd-4ca7-9743-77227867043b,2c5282f9-ad33-480a-bd19-96ea6f18fe12,b405bb76-c190-4857-97dd-8ee547b0c179,84,,2026-06-26T02:07:16+07:00
b0de3a19-7eff-47ff-8130-f30a8f1bdc9f,4fe3a275-9918-4bc8-bdac-bad27fce4c40,83d2e570-56ce-4981-937c-fd58fd390509,89,,2026-06-19T05:24:32+07:00
3d1fcd1e-48d3-4780-965a-e5903684ed36,4fe3a275-9918-4bc8-bdac-bad27fce4c40,,85,,2026-06-19T13:03:19+07:00
dfea31e0-7b30-49d2-9cd8-31e27337a9f6,e9a9845e-c048-40f9-ab70-9c69377ebf9d,10d05c09-bdb2-4253-8e44-856ad5336f34,84,,2026-06-15T20:18:00+07:00
5ccf5828-8e44-40d8-b0bb-51cd06708e77,e9a9845e-c048-40f9-ab70-9c69377ebf9d,1b18c38d-637d-4ecd-a2a1-77ed14d655bb,89,,2026-06-19T02:24:56+07:00
f10efa26-1fe3-48ea-9507-f82444fa250a,e9a9845e-c048-40f9-ab70-9c69377ebf9d,52e73b62-4559-490f-bc2e-7ada5e1bb367,98,,2026-06-19T23:17:12+07:00
a1157e06-8d45-460b-8897-e63d1ac03901,e9a9845e-c048-40f9-ab70-9c69377ebf9d,49ee8f81-45d9-4cdc-83e5-abf8f1539d56,72,,2026-06-20T16:02:31+07:00
57709a51-54c6-43dd-aba6-9d13ba816449,e9a9845e-c048-40f9-ab70-9c69377ebf9d,461e2ef5-600f-436b-8b20-ff6b5e1c1561,89,,2026-06-22T15:17:44+07:00
45bbdca3-4a70-4765-8d18-a7b033c3e186,e9a9845e-c048-40f9-ab70-9c69377ebf9d,1427b036-c60b-4c81-a3c6-d573dda80136,99,,2026-06-24T06:39:31+07:00
a360d1cc-33cf-4741-8a4c-c9e8f3b2da6e,e9a9845e-c048-40f9-ab70-9c69377ebf9d,,95,,2026-06-24T22:35:01+07:00
b092762c-b4c2-49d7-8678-d355c114ab87,e9a9845e-c048-40f9-ab70-9c69377ebf9d,73832518-b9b2-4f5a-bff7-cd820a5da9c8,93,,2026-07-01T14:26:53+07:00
fa000572-63d0-43bb-aa4f-3e963acf217b,0e551bdb-309a-48b7-8a5d-d3f0288c478c,ba952af1-6fd5-49fe-ba55-bdc465f95ca2,88,,2026-06-14T16:15:51+07:00
499c0138-8f1b-4628-b55d-586f92b1dd74,0e551bdb-309a-48b7-8a5d-d3f0288c478c,1427b036-c60b-4c81-a3c6-d573dda80136,86,,2026-06-29T13:24:25+07:00
c39c8e11-cbb5-42e9-8c11-eede40dd93c9,4bc014c6-9c5e-424c-850b-131ff24f928f,edb26a70-31be-4abe-8303-15f94d51175b,84,,2026-06-17T12:31:23+07:00
921e4203-9a5c-4b83-b01b-e0141e2b1d59,4bc014c6-9c5e-424c-850b-131ff24f928f,46d4a03e-c262-49ec-8695-987a04d7dc4b,89,,2026-06-20T16:37:49+07:00
8b5ba83d-f2f5-496d-9d19-19880d42c16e,c4ea9717-6848-408e-b166-b88b1ea29b70,,85,,2026-06-14T10:32:42+07:00
2f361c46-9a2a-4917-a425-623790ef5f77,eb995fdf-437d-4222-b9fa-ff70370d515e,52e73b62-4559-490f-bc2e-7ada5e1bb367,85,,2026-06-17T00:41:28+07:00
ec668609-1316-4ed5-b8da-6e469cddbaa9,eb995fdf-437d-4222-b9fa-ff70370d515e,461e2ef5-600f-436b-8b20-ff6b5e1c1561,70,,2026-06-26T12:01:21+07:00
c4a95365-0d8c-4051-98f6-448f9b22fb59,222441cd-59bc-4751-b466-aef9f6134130,83d2e570-56ce-4981-937c-fd58fd390509,91,,2026-06-20T10:50:50+07:00
2935579f-54cc-45cb-add3-07d83d3047db,82ef9b20-33ca-4f1b-baf7-90116bd17ad3,1b18c38d-637d-4ecd-a2a1-77ed14d655bb,91,,2026-06-19T11:13:30+07:00
6f57dd04-5ca5-4435-9fd3-2eb96509c7d8,82ef9b20-33ca-4f1b-baf7-90116bd17ad3,,89,,2026-06-28T06:39:20+07:00
5c77219e-81a8-4538-ad4f-e32e529836b6,82ef9b20-33ca-4f1b-baf7-90116bd17ad3,1b920a71-baaf-4adc-94e8-cd83874a8d54,81,,2026-07-03T01:29:36+07:00
aedb9cd4-4f4a-4dc6-8d21-4eb92596b8fa,82ef9b20-33ca-4f1b-baf7-90116bd17ad3,6ac69667-8033-4d4c-8a2c-fb6006a2c00e,81,,2026-07-04T21:36:57+07:00
21449748-8dd7-4120-bdd6-a93ee7139747,0690b238-d866-4e5c-88a8-55852e071c2c,028dcdfd-b509-4967-81ff-593ef33bb7ae,87,,2026-06-20T07:41:56+07:00
eebfa3ae-f59b-44b4-9f6f-a4186eb224f0,0690b238-d866-4e5c-88a8-55852e071c2c,f07af7a6-e284-4594-bf88-9240894b8c96,87,,2026-06-24T02:59:44+07:00
9340373e-cc9d-404e-a294-572aa1abde9f,0690b238-d866-4e5c-88a8-55852e071c2c,,88,,2026-07-05T22:38:57+07:00
72cd1b1f-20db-404f-b8ab-c53a904bf696,f4bf541f-991a-4e41-bc6b-5253ff558e57,,80,,2026-06-21T00:56:44+07:00
64092838-d701-4122-9a8f-b18c04c1f139,a05f21b1-ce64-418e-90a8-993706a4c300,49ee8f81-45d9-4cdc-83e5-abf8f1539d56,86,,2026-06-14T22:36:14+07:00
f076c131-17fb-4dad-9e7a-5d7a5d6b210a,a05f21b1-ce64-418e-90a8-993706a4c300,2c00434b-be5e-45ee-8122-ed4c038e59ae,95,,2026-07-08T16:13:30+07:00
d84947c7-3f20-4e16-9c1c-4a1aa3a376b1,9504d120-b70b-42cb-8756-08501d983845,f07af7a6-e284-4594-bf88-9240894b8c96,91,,2026-06-17T06:41:19+07:00
1ea506fe-f725-4f8c-ae4c-4c212a782745,9504d120-b70b-42cb-8756-08501d983845,b405bb76-c190-4857-97dd-8ee547b0c179,93,,2026-06-18T12:34:37+07:00
7b0a5062-7649-4875-bde9-4ade7e6e0d0e,4e2d210e-f5c5-4a05-b260-9a292baeea51,7fd4dcb0-dc6b-4e20-86e0-79dc05bf63ce,88,,2026-06-24T04:19:13+07:00
8d45262c-57d8-4fcf-9418-7ac6c976d5a2,4e2d210e-f5c5-4a05-b260-9a292baeea51,88be6602-74af-4f89-b7fa-596e620aa8e4,98,,2026-06-27T16:00:47+07:00
6a659fb8-3744-4941-a6de-2d552c573295,ea8b0d1e-eac1-40a4-b783-8a8eca54fc41,fcd40acc-4f8f-45c8-82df-e9d0f8206796,81,,2026-06-15T08:25:55+07:00
208f330b-2e94-4c44-822e-07af855b0ec7,ea8b0d1e-eac1-40a4-b783-8a8eca54fc41,1c9b4737-176c-445e-859d-330a859b0f5e,74,,2026-06-15T10:00:50+07:00
4dfb0ca0-5ea4-4bbc-a705-6e065d5d06b9,ea8b0d1e-eac1-40a4-b783-8a8eca54fc41,461e2ef5-600f-436b-8b20-ff6b5e1c1561,85,,2026-06-20T12:33:26+07:00
19e99b68-19ee-44d4-a997-80135d4124cd,8e055fa1-b080-49b9-bf92-3479adf51141,,98,,2026-06-21T17:57:27+07:00
ebad4933-a402-41b6-9cb7-237a74e6cb7b,8e055fa1-b080-49b9-bf92-3479adf51141,6ac69667-8033-4d4c-8a2c-fb6006a2c00e,99,,2026-06-26T08:01:46+07:00
ddc2b395-a26e-404e-b07e-e715f08fce13,8e055fa1-b080-49b9-bf92-3479adf51141,f1eb7eeb-a8ef-4cb0-a886-09d74d3af598,90,,2026-07-19T04:38:30+07:00
83e6acb9-e05e-4328-9ad1-48d5594dcab5,b8c8e158-4a44-465b-adca-da9b218372b4,461e2ef5-600f-436b-8b20-ff6b5e1c1561,99,,2026-06-20T14:19:41+07:00
9d995ba7-d7a4-43cb-be4a-ac2ca0f1342a,b8c8e158-4a44-465b-adca-da9b218372b4,028dcdfd-b509-4967-81ff-593ef33bb7ae,94,,2026-06-24T04:59:49+07:00
7057d726-de20-4b41-aa0a-5744631ba1f4,1b038846-3bbd-4b5b-a45b-98a617711e1c,52e73b62-4559-490f-bc2e-7ada5e1bb367,81,,2026-06-25T16:17:54+07:00
e018b66d-1bf0-4915-9783-8e56dc772310,1b038846-3bbd-4b5b-a45b-98a617711e1c,1c9b4737-176c-445e-859d-330a859b0f5e,84,,2026-07-09T07:34:47+07:00
fef7cb21-633f-42ed-a7dc-c5fe5d676d95,6d777c8c-c43a-4134-9d2c-492e8ad163d8,1427b036-c60b-4c81-a3c6-d573dda80136,79,,2026-06-22T22:27:33+07:00
5e059546-8738-438b-8ce7-d3257e533ed7,6d777c8c-c43a-4134-9d2c-492e8ad163d8,1b920a71-baaf-4adc-94e8-cd83874a8d54,95,,2026-06-23T06:06:25+07:00
8e2fa74d-718f-4042-8abf-38f213c51832,306397e6-9f56-45dd-8aab-4b5b67c04308,f07af7a6-e284-4594-bf88-9240894b8c96,88,,2026-06-18T04:13:32+07:00
8a737289-9e62-47ec-8999-5a1f593abaa1,306397e6-9f56-45dd-8aab-4b5b67c04308,1427b036-c60b-4c81-a3c6-d573dda80136,84,,2026-06-26T16:40:34+07:00
3f84e67d-0a1d-4d79-a622-05dafcee01f5,bf12ad63-2d5a-4792-9b18-c7e66b64456d,028dcdfd-b509-4967-81ff-593ef33bb7ae,86,,2026-06-17T14:49:22+07:00
ee7b62ac-2c2e-4b9a-a4b0-3bca023198e6,bf12ad63-2d5a-4792-9b18-c7e66b64456d,506eaccd-4997-418d-8a64-a67ed9a58eaa,82,,2026-07-10T15:48:43+07:00
2bb3babd-3812-41fa-ae81-c29aa6bd5c29,c16b8146-c68c-4d45-a523-eb061a28fa33,461e2ef5-600f-436b-8b20-ff6b5e1c1561,91,,2026-06-16T11:04:02+07:00
1f0a57ea-c874-4a8c-901d-c48be77e4fa2,95deee8f-8fb2-42b0-b223-7bbfbab05bbf,1b920a71-baaf-4adc-94e8-cd83874a8d54,89,,2026-06-19T03:35:49+07:00
e40cc5d4-579e-4b1d-a132-8f324ccc883d,95deee8f-8fb2-42b0-b223-7bbfbab05bbf,7fd4dcb0-dc6b-4e20-86e0-79dc05bf63ce,91,,2026-06-19T07:13:21+07:00
c9b295f5-aa8e-4f57-9471-c08d452fbef9,95deee8f-8fb2-42b0-b223-7bbfbab05bbf,83d2e570-56ce-4981-937c-fd58fd390509,94,,2026-06-20T03:57:08+07:00
6fbae0f1-2fc7-4ff2-8b68-8a1bd3b1eb34,95deee8f-8fb2-42b0-b223-7bbfbab05bbf,7fd4dcb0-dc6b-4e20-86e0-79dc05bf63ce,77,,2026-06-20T08:35:24+07:00
637c80f7-d2bf-49db-8842-e687b76b8b18,95deee8f-8fb2-42b0-b223-7bbfbab05bbf,1b18c38d-637d-4ecd-a2a1-77ed14d655bb,95,,2026-06-26T09:03:33+07:00
7b0f9023-2ffa-47ea-9bff-7e6484e23694,23f6a1f3-6958-4a7c-8bc0-6b7c2b7cc326,4227322f-3efc-4249-9c82-bbd652717878,93,,2026-06-20T16:20:37+07:00
759567a4-2ee2-4aba-aa8b-43954fe6d161,23f6a1f3-6958-4a7c-8bc0-6b7c2b7cc326,7fd4dcb0-dc6b-4e20-86e0-79dc05bf63ce,88,,2026-07-15T19:26:55+07:00
73dcf25d-f1fc-4e6a-aaf8-f2bb5ccde9df,7a5079ac-b6a1-4d1d-9395-d34e980f2e08,461e2ef5-600f-436b-8b20-ff6b5e1c1561,89,,2026-06-15T19:40:29+07:00
29eb8a8e-c86c-420e-8e20-5ac34652b93b,7a5079ac-b6a1-4d1d-9395-d34e980f2e08,1b920a71-baaf-4adc-94e8-cd83874a8d54,84,,2026-06-15T21:04:41+07:00
9f7628bc-bd9a-44f7-8d6c-70ba362364a5,7a5079ac-b6a1-4d1d-9395-d34e980f2e08,73832518-b9b2-4f5a-bff7-cd820a5da9c8,82,,2026-06-16T15:45:04+07:00
f46089fd-76c3-40f8-8fb1-b6306e7c391b,7a5079ac-b6a1-4d1d-9395-d34e980f2e08,edb26a70-31be-4abe-8303-15f94d51175b,93,,2026-06-21T17:31:24+07:00
1d0a9c67-bcf5-4d16-92cb-4bbe78a94409,7d6953fc-aa8b-4ea0-b046-f1ed1eaf14a3,7fd4dcb0-dc6b-4e20-86e0-79dc05bf63ce,84,,2026-06-27T11:32:32+07:00
922bc5f4-9f57-496a-bfea-1d821d512878,20a46457-9b85-4857-91e9-74308a203ece,1427b036-c60b-4c81-a3c6-d573dda80136,82,,2026-06-17T05:37:50+07:00
fc745c08-fd62-4e2c-9e4b-207f406ab183,20a46457-9b85-4857-91e9-74308a203ece,1b920a71-baaf-4adc-94e8-cd83874a8d54,82,,2026-06-18T04:39:01+07:00
fc19a34d-84a7-429a-b38b-9a9c0552579a,20a46457-9b85-4857-91e9-74308a203ece,b405bb76-c190-4857-97dd-8ee547b0c179,90,,2026-07-04T19:40:22+07:00
4da42d09-ff0a-44f3-9e32-cbdc459a9ae0,ecdbb11e-32e0-4630-b4ca-236994b7678e,b405bb76-c190-4857-97dd-8ee547b0c179,91,,2026-06-16T16:42:21+07:00
59548e6a-1045-4b24-ad35-c99540e52ccc,ecdbb11e-32e0-4630-b4ca-236994b7678e,,85,,2026-07-23T21:59:24+07:00
60018793-481a-4f58-89f6-fa7fb122f775,ecdbb11e-32e0-4630-b4ca-236994b7678e,61345fcc-db36-431c-b4cb-70b3963078a8,89,,2026-07-26T06:01:53+07:00
dce6f053-3166-48b8-afad-aca94ad3aee4,338148c0-09f1-4956-bb1b-0c55eec19e3d,fcd40acc-4f8f-45c8-82df-e9d0f8206796,99,,2026-06-17T17:09:49+07:00
dd48aae6-4121-4c53-90b5-6bdb97d5abc2,338148c0-09f1-4956-bb1b-0c55eec19e3d,1c9b4737-176c-445e-859d-330a859b0f5e,99,,2026-06-27T10:39:40+07:00
a7e3f384-1a2c-41dd-9d77-577a3761c265,4530802c-6bba-46d4-b4be-f607a2015303,6ac69667-8033-4d4c-8a2c-fb6006a2c00e,94,,2026-06-24T03:18:50+07:00
0a2343fe-1d85-4358-90bf-97404e3975a7,4530802c-6bba-46d4-b4be-f607a2015303,506eaccd-4997-418d-8a64-a67ed9a58eaa,90,,2026-06-24T03:19:42+07:00
b3214657-0347-4184-86d6-b4def9d11401,bd650e78-49f3-4a2d-93ab-8b7c97fe0da3,506eaccd-4997-418d-8a64-a67ed9a58eaa,84,,2026-06-18T10:49:11+07:00
b757c5fd-b022-44b4-b078-40edd91d8042,bd650e78-49f3-4a2d-93ab-8b7c97fe0da3,46d4a03e-c262-49ec-8695-987a04d7dc4b,84,,2026-06-19T17:36:09+07:00
7f582d75-cd0b-4f2b-a999-0344ff36d29b,bd650e78-49f3-4a2d-93ab-8b7c97fe0da3,506eaccd-4997-418d-8a64-a67ed9a58eaa,83,,2026-07-05T13:55:41+07:00
d79e1a75-5608-4b1f-91f1-3b0dfd5a2977,fd4909ae-176b-4f87-991d-3b35595ed5db,46d4a03e-c262-49ec-8695-987a04d7dc4b,81,,2026-06-17T13:46:37+07:00
78a3ff52-1fc3-422d-a956-8cc014520400,a71f1e03-516c-48f7-9c70-56236d0d495d,fcd40acc-4f8f-45c8-82df-e9d0f8206796,89,,2026-06-20T06:17:45+07:00
27ed94a8-80ea-42ec-8ea8-2b39daba9db4,a71f1e03-516c-48f7-9c70-56236d0d495d,46d4a03e-c262-49ec-8695-987a04d7dc4b,88,,2026-07-22T19:32:19+07:00
a285bf9a-5b31-4a09-b694-0d6329cb5429,df74715e-8d51-4d30-9165-a6c0499b5b83,6ac69667-8033-4d4c-8a2c-fb6006a2c00e,81,,2026-06-17T04:34:22+07:00
90ef55fb-4631-4697-a6d8-f89507da3fe8,df74715e-8d51-4d30-9165-a6c0499b5b83,385d7299-b7a7-4793-a42a-5185f3adf474,84,,2026-07-20T00:46:19+07:00
029016ad-24f7-4cd9-8ec9-ee0dd8f35aa5,ad020253-00c0-4a0b-ab22-f950996d469a,88be6602-74af-4f89-b7fa-596e620aa8e4,95,,2026-06-20T09:14:58+07:00
dea7a608-60d0-4821-8485-bbd359c046c5,ad020253-00c0-4a0b-ab22-f950996d469a,028dcdfd-b509-4967-81ff-593ef33bb7ae,82,,2026-06-21T20:24:03+07:00
48a2ff34-fe85-4f05-8ed0-04caaba60d02,ad020253-00c0-4a0b-ab22-f950996d469a,1c9b4737-176c-445e-859d-330a859b0f5e,86,,2026-07-16T02:46:04+07:00
ff86dc74-9c94-4154-bace-79d628da7c46,65f6adcf-7ce1-4d04-b4e5-7940765946f9,fcd40acc-4f8f-45c8-82df-e9d0f8206796,95,,2026-06-23T10:37:13+07:00
0d379e07-8682-413f-bae6-4e01b5ec6b3d,65f6adcf-7ce1-4d04-b4e5-7940765946f9,4227322f-3efc-4249-9c82-bbd652717878,99,,2026-06-23T11:41:06+07:00
4d91ae3a-7ba7-43dd-9d42-209d04997c05,65f6adcf-7ce1-4d04-b4e5-7940765946f9,1427b036-c60b-4c81-a3c6-d573dda80136,91,,2026-06-25T05:55:51+07:00
5d4c39dd-e532-4ff4-a54e-8c08b87aee51,65f6adcf-7ce1-4d04-b4e5-7940765946f9,edb26a70-31be-4abe-8303-15f94d51175b,92,,2026-07-07T03:38:55+07:00
605ad33b-4a4a-4ccf-881b-21d71bf37f17,285f5c34-c8c9-4138-9fd2-8caf0638de1b,1c9b4737-176c-445e-859d-330a859b0f5e,91,,2026-06-17T00:50:08+07:00
0d06bd6e-b969-4ea9-bace-964b2ec75840,285f5c34-c8c9-4138-9fd2-8caf0638de1b,10d05c09-bdb2-4253-8e44-856ad5336f34,90,,2026-06-20T13:18:34+07:00
a1461a9e-4525-4e74-b8cb-8e6e3cf319ff,5c9fc4b7-a5b0-4156-a9df-a53fae785f52,,82,,2026-06-16T21:07:40+07:00
44886c64-c505-450e-8985-91642d2e6f31,5c9fc4b7-a5b0-4156-a9df-a53fae785f52,461e2ef5-600f-436b-8b20-ff6b5e1c1561,95,,2026-06-16T21:25:51+07:00
5b5c36b6-9704-48c1-96c3-910bb24b3dcd,5c9fc4b7-a5b0-4156-a9df-a53fae785f52,2c00434b-be5e-45ee-8122-ed4c038e59ae,80,,2026-06-20T08:49:05+07:00
e49ed015-103c-4334-95c6-126186c0f8cf,5c9fc4b7-a5b0-4156-a9df-a53fae785f52,49ee8f81-45d9-4cdc-83e5-abf8f1539d56,94,,2026-06-28T15:01:30+07:00
b7edab36-0abf-4e87-b90a-8d014a2013f8,5c9fc4b7-a5b0-4156-a9df-a53fae785f52,1b920a71-baaf-4adc-94e8-cd83874a8d54,75,,2026-07-01T06:18:58+07:00
6c45a2ef-6528-4085-8a9f-3b5a72885cb3,dc5876f2-0cbf-47b6-8a29-55792fbf1c3b,,91,,2026-07-02T22:26:54+07:00
9b87a438-dc75-4ea2-a2c6-476f3ecca0fa,8d45919d-a251-4926-b281-bc267a1e230c,83d2e570-56ce-4981-937c-fd58fd390509,86,,2026-06-18T04:53:01+07:00
539c587c-8e3e-4ba2-b5de-125984a81eee,8d45919d-a251-4926-b281-bc267a1e230c,1427b036-c60b-4c81-a3c6-d573dda80136,84,,2026-06-23T16:10:16+07:00
13f898e1-4098-42d9-bbfd-6850e6a0963f,7b6abb47-ae94-4553-9a31-3f50b314adfb,,95,,2026-06-18T06:23:56+07:00
e6b51c8f-b343-4325-9106-75793275e6e7,7b6abb47-ae94-4553-9a31-3f50b314adfb,6ac69667-8033-4d4c-8a2c-fb6006a2c00e,92,,2026-06-20T04:54:26+07:00
e6d6e9cd-6eb7-4fce-9e75-cf2a8cb62988,adae4a84-fcb4-44dc-88be-4af96f9c6a94,73832518-b9b2-4f5a-bff7-cd820a5da9c8,95,,2026-06-20T04:17:07+07:00
0b6dd927-3895-40e6-b440-d61c8093c950,adae4a84-fcb4-44dc-88be-4af96f9c6a94,edb26a70-31be-4abe-8303-15f94d51175b,92,,2026-06-27T18:59:57+07:00
91d7a8b7-697b-485a-8f17-2dd3095137b5,fc7bd005-0c0d-47a1-8f8f-619954da6ef3,2c00434b-be5e-45ee-8122-ed4c038e59ae,96,,2026-06-19T22:57:21+07:00
5578a87d-2e84-4256-afe6-0cb546771b97,fc7bd005-0c0d-47a1-8f8f-619954da6ef3,52e73b62-4559-490f-bc2e-7ada5e1bb367,88,,2026-06-20T19:24:59+07:00
342474b9-70aa-4d41-ba76-db1775ad151d,fc7bd005-0c0d-47a1-8f8f-619954da6ef3,,78,,2026-07-23T18:04:11+07:00
5a74a2c5-8d06-46fa-b0c1-3765e94e2ab4,f3ead0a4-47ed-4840-9bb2-336675c51f1a,,84,,2026-06-24T01:26:45+07:00
6c2e0682-58e6-4b62-a10a-25b95ef48497,f3ead0a4-47ed-4840-9bb2-336675c51f1a,52e73b62-4559-490f-bc2e-7ada5e1bb367,88,,2026-07-07T06:51:19+07:00
516aba48-b03c-4303-abe0-7b75aa6bbf80,f3ead0a4-47ed-4840-9bb2-336675c51f1a,edb26a70-31be-4abe-8303-15f94d51175b,92,,2026-07-17T21:55:08+07:00
3d8d3f8b-6f34-4313-8360-dbfa3af898e8,fdafb8f0-f206-4c61-8041-e7b364ff21a6,,77,,2026-06-20T16:31:41+07:00
540d4cc7-363d-4693-ae44-6a15b7ec01f1,fdafb8f0-f206-4c61-8041-e7b364ff21a6,1c9b4737-176c-445e-859d-330a859b0f5e,90,,2026-06-22T22:06:03+07:00
30f7debb-c9ec-4fce-ac34-f66c0e464e84,fdafb8f0-f206-4c61-8041-e7b364ff21a6,461e2ef5-600f-436b-8b20-ff6b5e1c1561,82,,2026-06-30T15:27:46+07:00
edd79b28-3850-4f86-a870-e674428fa001,fdafb8f0-f206-4c61-8041-e7b364ff21a6,028dcdfd-b509-4967-81ff-593ef33bb7ae,82,,2026-07-05T19:58:24+07:00
1ba58796-44ef-4c18-b8b4-7f9dd043b2eb,fdafb8f0-f206-4c61-8041-e7b364ff21a6,1427b036-c60b-4c81-a3c6-d573dda80136,83,,2026-07-20T04:12:23+07:00
f34fb47e-d60d-46b3-8c7f-f6b5d5f13b17,bf841ff6-7fb2-4d1f-b10a-14fb38a972ad,7fd4dcb0-dc6b-4e20-86e0-79dc05bf63ce,88,,2026-06-28T00:30:45+07:00
a1b74fcd-5f90-4bd2-82de-b4e24f88fad9,bf841ff6-7fb2-4d1f-b10a-14fb38a972ad,46d4a03e-c262-49ec-8695-987a04d7dc4b,84,,2026-07-04T10:53:24+07:00
3c35d9aa-f1ad-4f25-bec2-4a79efbe4c9c,768feff2-7e18-45c1-af59-b2b6c5e5a1f6,f07af7a6-e284-4594-bf88-9240894b8c96,87,,2026-06-24T02:49:21+07:00
55b08070-179a-4331-be09-0db706c0e252,dfd9d553-0e57-4c4a-9301-8e1d01789068,6ac69667-8033-4d4c-8a2c-fb6006a2c00e,92,,2026-06-18T08:30:41+07:00
75760d3c-2c24-4296-ad9d-48c7e59518e2,dfd9d553-0e57-4c4a-9301-8e1d01789068,461e2ef5-600f-436b-8b20-ff6b5e1c1561,90,,2026-06-23T18:01:20+07:00
d54638ea-abfe-4401-9d96-2bcca0c64d7b,0fa5769f-0336-4ee1-9d0b-0ca6d73bc9ed,ec2e17a2-948e-44b3-915f-caa14df50aa9,77,,2026-06-19T09:39:06+07:00
0857679b-6c34-4f66-9d33-c1454dc5fc48,0fa5769f-0336-4ee1-9d0b-0ca6d73bc9ed,f07af7a6-e284-4594-bf88-9240894b8c96,83,,2026-06-19T12:10:13+07:00
34c70fb9-519f-47cd-a0f2-894c567ccb01,0fa5769f-0336-4ee1-9d0b-0ca6d73bc9ed,,84,,2026-06-24T09:35:22+07:00
d32e8855-cbf7-4e82-b187-ea2381a37ea7,140ac1b7-6a42-4051-abe5-510a30e43761,,80,,2026-06-22T20:17:17+07:00
56a9f1e7-bcae-4393-b60f-972095e0f47c,140ac1b7-6a42-4051-abe5-510a30e43761,ec2e17a2-948e-44b3-915f-caa14df50aa9,84,,2026-07-07T08:55:16+07:00
81e02b73-1cc3-43e1-b004-635760b55060,5336cb65-5701-49a7-b611-a6f636d555df,61345fcc-db36-431c-b4cb-70b3963078a8,92,,2026-06-20T16:19:25+07:00
f030e03f-ffa7-4d1d-89c0-99837d1687c1,5336cb65-5701-49a7-b611-a6f636d555df,4227322f-3efc-4249-9c82-bbd652717878,84,,2026-07-16T00:22:57+07:00
d370c641-93ad-43c4-bb1d-54cd697eb6ac,456bd22c-8513-462d-b732-322adf1d3d70,1427b036-c60b-4c81-a3c6-d573dda80136,71,,2026-07-09T16:06:00+07:00
09751314-9acf-4f01-a1d4-494932dcfe7f,6c25d0fb-2e9e-4133-b56d-5771dc1b4165,49ee8f81-45d9-4cdc-83e5-abf8f1539d56,84,,2026-06-27T17:54:01+07:00
82852314-7aab-4cef-acc1-ff3a0f908598,6c25d0fb-2e9e-4133-b56d-5771dc1b4165,7fd4dcb0-dc6b-4e20-86e0-79dc05bf63ce,90,,2026-06-29T13:12:22+07:00
91ac4b1f-f121-4471-a70d-cb88c05550be,6c25d0fb-2e9e-4133-b56d-5771dc1b4165,,90,,2026-07-28T13:00:42+07:00
1c3c2d0a-9344-4ecc-a88b-730e82a51b13,d190d30a-fbc0-4078-99a1-132d056e924f,52e73b62-4559-490f-bc2e-7ada5e1bb367,84,,2026-06-20T08:34:27+07:00
e9d3c307-25e9-45fb-8652-a09821b493ea,8086c0c6-741d-498e-9faa-578cb2e99b15,028dcdfd-b509-4967-81ff-593ef33bb7ae,88,,2026-06-25T00:34:21+07:00
7cccb867-80cd-4e5e-8b96-453b5b051640,71730697-d5cc-45f8-b6cd-632d4ec6fef7,506eaccd-4997-418d-8a64-a67ed9a58eaa,72,,2026-07-04T15:31:55+07:00
2f7cef6c-67ca-4e86-a976-665b943e8c65,04360229-b35d-4225-8cce-4a953e53f5dc,52e73b62-4559-490f-bc2e-7ada5e1bb367,87,,2026-06-25T07:51:13+07:00
fdd85297-8dc6-41af-ae10-833377b024df,04360229-b35d-4225-8cce-4a953e53f5dc,1427b036-c60b-4c81-a3c6-d573dda80136,94,,2026-07-21T22:22:29+07:00
d9bf5aeb-4515-409a-b1f3-307f8a3c8e4b,3b350e82-9356-4963-a8e2-088634d91650,ec2e17a2-948e-44b3-915f-caa14df50aa9,88,,2026-06-30T20:33:20+07:00
60213b07-58d2-4161-9a4a-33e3a5954ef3,3b350e82-9356-4963-a8e2-088634d91650,52e73b62-4559-490f-bc2e-7ada5e1bb367,84,,2026-07-01T17:20:28+07:00
1bb834d0-8df9-491a-ad30-24b346763ada,dd2f4055-fdd4-4319-8b6f-924c0f240670,b405bb76-c190-4857-97dd-8ee547b0c179,83,,2026-06-20T13:00:17+07:00
11469b66-801b-4519-911d-9a384f5d4eb5,dd2f4055-fdd4-4319-8b6f-924c0f240670,fcd40acc-4f8f-45c8-82df-e9d0f8206796,93,,2026-06-26T20:08:24+07:00
f9518b3a-b098-4848-a5ca-a22bf47aa38d,dd2f4055-fdd4-4319-8b6f-924c0f240670,88be6602-74af-4f89-b7fa-596e620aa8e4,80,,2026-07-26T05:13:54+07:00
75485b64-592c-4e65-a818-85a00ad9b055,29558397-12df-4f52-a008-515198937358,ba952af1-6fd5-49fe-ba55-bdc465f95ca2,77,,2026-06-26T02:37:23+07:00
8f04a0d2-e4a5-4093-a261-d1f79cae79a0,29558397-12df-4f52-a008-515198937358,461e2ef5-600f-436b-8b20-ff6b5e1c1561,80,,2026-06-29T08:33:00+07:00
f2f0b5e8-a284-4db2-a9de-66e94b1f7445,236e4d28-1276-435a-81fd-d14a61345eb3,,89,,2026-06-20T14:04:13+07:00
46ecdfde-32b2-4980-bc82-a89d5b963207,236e4d28-1276-435a-81fd-d14a61345eb3,73832518-b9b2-4f5a-bff7-cd820a5da9c8,84,,2026-06-21T18:13:01+07:00
e089195c-2864-4106-8a75-f90ee7446f39,236e4d28-1276-435a-81fd-d14a61345eb3,461e2ef5-600f-436b-8b20-ff6b5e1c1561,84,,2026-06-24T19:04:40+07:00
fb5d65fd-a274-46ed-9844-ca820c1dd385,236e4d28-1276-435a-81fd-d14a61345eb3,1427b036-c60b-4c81-a3c6-d573dda80136,88,,2026-06-26T10:42:08+07:00
9926837a-06ab-47c4-984f-98b8c9f0828e,236e4d28-1276-435a-81fd-d14a61345eb3,028dcdfd-b509-4967-81ff-593ef33bb7ae,84,,2026-06-27T21:52:00+07:00
ca0b9219-ae22-4987-9904-e42d630505a7,236e4d28-1276-435a-81fd-d14a61345eb3,ec2e17a2-948e-44b3-915f-caa14df50aa9,96,,2026-06-30T15:57:00+07:00
7dce106e-4e5c-45e5-bc3d-ccfe3ef4984a,09700f78-a9fb-4b40-8b1f-1d16559210c5,1427b036-c60b-4c81-a3c6-d573dda80136,82,,2026-06-22T18:31:18+07:00
9932e9f7-f647-4a7c-878e-dd884e61fb1f,09700f78-a9fb-4b40-8b1f-1d16559210c5,461e2ef5-600f-436b-8b20-ff6b5e1c1561,84,,2026-07-21T04:56:07+07:00
4a3f8fae-e873-417b-915e-a17688724aa6,09700f78-a9fb-4b40-8b1f-1d16559210c5,52e73b62-4559-490f-bc2e-7ada5e1bb367,92,,2026-07-28T00:12:55+07:00
fb1975ff-acd0-4779-9bab-920a7aef73d9,09700f78-a9fb-4b40-8b1f-1d16559210c5,028dcdfd-b509-4967-81ff-593ef33bb7ae,88,,2026-07-28T20:28:18+07:00
beec4b62-238c-4b7f-9aa8-374316712bc3,6d77c213-b07c-4425-ba52-d8c5f9c1994a,f07af7a6-e284-4594-bf88-9240894b8c96,86,,2026-06-19T20:15:33+07:00
a18bce9d-3d70-499f-8260-7718cbaff1ba,8f659d1b-901d-4ed8-bd95-8084f1486f69,b405bb76-c190-4857-97dd-8ee547b0c179,68,,2026-06-20T16:38:36+07:00
353f058b-e8b9-49d1-a3bb-062e94b35da4,8f659d1b-901d-4ed8-bd95-8084f1486f69,1b920a71-baaf-4adc-94e8-cd83874a8d54,76,,2026-06-21T04:55:28+07:00
22258f20-5e6c-4d0b-aa4d-b09829ceea1f,8f659d1b-901d-4ed8-bd95-8084f1486f69,61345fcc-db36-431c-b4cb-70b3963078a8,87,,2026-07-01T06:57:03+07:00
c350eb33-08d0-4763-9ef5-536635016184,2ed1df59-af77-4bef-a615-2d64c5075a08,73832518-b9b2-4f5a-bff7-cd820a5da9c8,84,,2026-06-22T08:23:09+07:00
cbc26461-f482-4334-b2a8-ad3fda8753d6,fddbd7e4-8501-4642-bc72-0ec6acc33c62,028dcdfd-b509-4967-81ff-593ef33bb7ae,83,,2026-06-25T08:47:07+07:00
ae1afd2f-ed73-4f07-8565-3adf8a816e96,fddbd7e4-8501-4642-bc72-0ec6acc33c62,1427b036-c60b-4c81-a3c6-d573dda80136,98,,2026-06-26T16:06:21+07:00
d8f0a393-4f16-465f-85ac-b993719d2e2d,fddbd7e4-8501-4642-bc72-0ec6acc33c62,1427b036-c60b-4c81-a3c6-d573dda80136,86,,2026-07-02T08:32:53+07:00
9633f38a-aac8-4080-a82e-9dc1bc013775,fddbd7e4-8501-4642-bc72-0ec6acc33c62,1427b036-c60b-4c81-a3c6-d573dda80136,91,,2026-07-20T23:35:41+07:00
c1ad6cfc-2e33-43df-8b7b-e47ac343dd3b,7abeb59c-1b59-4e95-b874-00d9781e11d8,028dcdfd-b509-4967-81ff-593ef33bb7ae,88,,2026-06-25T08:04:34+07:00
f3418e82-6de3-4a32-935d-66dbe36cb82c,7abeb59c-1b59-4e95-b874-00d9781e11d8,f1eb7eeb-a8ef-4cb0-a886-09d74d3af598,91,,2026-07-01T08:39:05+07:00
84b4610c-9a77-4469-b1bf-110fa16fdedc,7abeb59c-1b59-4e95-b874-00d9781e11d8,028dcdfd-b509-4967-81ff-593ef33bb7ae,90,,2026-07-13T06:20:27+07:00
7fd52a2f-bb34-4d9f-8b04-37a95f81bdd9,3d567699-f569-41db-beab-eed105b4545d,7fd4dcb0-dc6b-4e20-86e0-79dc05bf63ce,87,,2026-06-28T03:49:30+07:00
d075b8e1-b9c2-4fad-a5e1-be351ebfdb67,0b2fa5a2-669f-4a9b-83d5-c7666aced79d,4227322f-3efc-4249-9c82-bbd652717878,94,,2026-06-29T03:07:28+07:00
98945644-bcb3-4f1e-ad97-64d9ccc43369,0b2fa5a2-669f-4a9b-83d5-c7666aced79d,10d05c09-bdb2-4253-8e44-856ad5336f34,80,,2026-07-01T18:04:57+07:00
6043a45c-e374-44d4-a792-3dbccef2ca96,0b2fa5a2-669f-4a9b-83d5-c7666aced79d,4227322f-3efc-4249-9c82-bbd652717878,94,,2026-07-05T23:16:15+07:00
5daedddd-21f0-4266-885a-97d54c09ec1c,0b2fa5a2-669f-4a9b-83d5-c7666aced79d,4227322f-3efc-4249-9c82-bbd652717878,91,,2026-08-01T07:07:13+07:00
15236428-19f6-455e-9a5b-6e999ec2fe6f,6c733cd2-b8f8-4188-996e-ff620c84141a,88be6602-74af-4f89-b7fa-596e620aa8e4,84,,2026-06-23T22:57:12+07:00
c660ec81-7003-4d54-bd67-919f8329da34,6c733cd2-b8f8-4188-996e-ff620c84141a,73832518-b9b2-4f5a-bff7-cd820a5da9c8,89,,2026-06-24T02:12:27+07:00
9a7fb9d8-5d7c-41c2-84c8-cdf64c1ec0a8,6c733cd2-b8f8-4188-996e-ff620c84141a,2c00434b-be5e-45ee-8122-ed4c038e59ae,97,,2026-07-01T03:20:56+07:00
bccc9d2f-dc6b-4bbe-a048-3da44f04a1ba,b00a932e-b264-4fbc-974f-7e5518466ffc,,78,,2026-06-23T06:51:54+07:00
68f1e62b-6262-4736-815f-dd0191351821,b00a932e-b264-4fbc-974f-7e5518466ffc,ba952af1-6fd5-49fe-ba55-bdc465f95ca2,78,,2026-06-23T09:50:03+07:00
cc7c93d3-256f-4481-bd0f-12da33f061e8,331c0ef2-897d-4577-bfc7-49ce0a4a13e6,2c00434b-be5e-45ee-8122-ed4c038e59ae,84,,2026-06-26T06:04:45+07:00
3b4c2315-8c85-4254-b98b-c3a7418f9b36,331c0ef2-897d-4577-bfc7-49ce0a4a13e6,,84,,2026-07-07T15:58:59+07:00
7447018b-34b0-4bb5-8853-7668ac2fdc36,1250fbb3-ea71-44f9-8fc3-c0a7500bcc8c,10d05c09-bdb2-4253-8e44-856ad5336f34,85,,2026-06-22T17:26:16+07:00
536173de-dd3c-457d-8425-65b74da85dac,1250fbb3-ea71-44f9-8fc3-c0a7500bcc8c,506eaccd-4997-418d-8a64-a67ed9a58eaa,96,,2026-07-23T12:31:13+07:00
3b5ad75a-b4a7-456e-b7f9-e785c3e9a9d0,5e4fdc41-2d75-44c1-8e8e-5b19f49ee62a,506eaccd-4997-418d-8a64-a67ed9a58eaa,94,,2026-07-03T23:16:40+07:00
debe4da1-7052-4886-85bb-0d2f6bb4671d,5e4fdc41-2d75-44c1-8e8e-5b19f49ee62a,6ac69667-8033-4d4c-8a2c-fb6006a2c00e,86,,2026-07-24T03:23:48+07:00
67784081-9aab-4786-bbdd-a7589bca698b,b5964394-5383-4d73-ad75-201b043c26e1,ba952af1-6fd5-49fe-ba55-bdc465f95ca2,89,,2026-06-26T01:53:01+07:00
cce24cf6-9e49-4456-adc6-e3e3b2dec957,3620117a-4972-439a-b995-5b15038128f9,ba952af1-6fd5-49fe-ba55-bdc465f95ca2,82,,2026-06-23T19:28:43+07:00
8c289f2a-b2aa-4b0d-8c28-eb8908c11072,3620117a-4972-439a-b995-5b15038128f9,73832518-b9b2-4f5a-bff7-cd820a5da9c8,81,,2026-07-08T06:52:41+07:00
2ab2bdfa-eb32-4665-8358-ca315d53ff74,bd4261f3-c3c3-4bd8-a118-3c4a3e3cd6a6,10d05c09-bdb2-4253-8e44-856ad5336f34,84,,2026-06-25T05:05:54+07:00
99640ad8-fc51-48af-93ee-dd6d9d5b31ef,8888219a-6087-4541-8f69-4171ffe7b18d,506eaccd-4997-418d-8a64-a67ed9a58eaa,80,,2026-06-26T06:17:03+07:00
e6b09f62-361c-4c3c-af15-dcf191763f8c,f310883e-048c-4206-91a5-3df087516da1,f07af7a6-e284-4594-bf88-9240894b8c96,84,,2026-06-23T02:03:18+07:00
850c5142-a3d6-4c32-b033-a548405ed1d7,39ce8c6f-c79f-432d-810d-075dfd30a236,10d05c09-bdb2-4253-8e44-856ad5336f34,81,,2026-06-23T17:13:51+07:00
317d2a1b-4fa3-49ea-9dbd-6aa64742096c,39ce8c6f-c79f-432d-810d-075dfd30a236,52e73b62-4559-490f-bc2e-7ada5e1bb367,79,,2026-06-27T15:49:11+07:00
9a8f1ebc-31f0-47e2-a117-3e79dc1b1ffb,39ce8c6f-c79f-432d-810d-075dfd30a236,88be6602-74af-4f89-b7fa-596e620aa8e4,85,,2026-07-20T04:37:37+07:00
2e3d61c6-d2e1-4d2f-9a0b-3458705693f4,f99e6bc8-d88a-4590-8dd2-9ee3493f44c6,6ac69667-8033-4d4c-8a2c-fb6006a2c00e,88,,2026-06-24T10:52:36+07:00
df708875-5689-42e7-8fe1-f25dd65982c3,f99e6bc8-d88a-4590-8dd2-9ee3493f44c6,385d7299-b7a7-4793-a42a-5185f3adf474,88,,2026-07-17T11:16:34+07:00
37c16693-c622-4df0-891c-65925d3ee421,f99e6bc8-d88a-4590-8dd2-9ee3493f44c6,506eaccd-4997-418d-8a64-a67ed9a58eaa,81,,2026-07-22T16:44:06+07:00
0468722f-1bfe-4b3c-a231-7db548edeb6c,eb50f725-9700-4fe4-be57-e40cc2ae3385,,86,,2026-06-23T08:35:59+07:00
3461e76f-fbbd-46c3-b0fc-07457d013957,eb50f725-9700-4fe4-be57-e40cc2ae3385,ec2e17a2-948e-44b3-915f-caa14df50aa9,93,,2026-07-08T03:59:03+07:00
6b45218e-f7a2-4a6b-b19a-57c1efaf7bfa,87fd37bb-cf06-4852-ad1b-82cb0b0cb01d,461e2ef5-600f-436b-8b20-ff6b5e1c1561,80,,2026-06-24T05:43:06+07:00
845be1bb-66c5-4738-b97b-797e430cf5ef,87fd37bb-cf06-4852-ad1b-82cb0b0cb01d,49ee8f81-45d9-4cdc-83e5-abf8f1539d56,94,,2026-07-19T04:32:54+07:00
79197a09-0359-4e39-808f-d698a897d0f8,87fd37bb-cf06-4852-ad1b-82cb0b0cb01d,52e73b62-4559-490f-bc2e-7ada5e1bb367,99,,2026-08-02T05:11:14+07:00
adff9aff-8090-4936-b08d-cd100f04d362,d4968ecd-2f65-4c43-a549-9481c75358bf,1c9b4737-176c-445e-859d-330a859b0f5e,90,,2026-06-23T11:54:14+07:00
bcf0e878-81bb-41fc-9575-c05bf9b23208,d4968ecd-2f65-4c43-a549-9481c75358bf,1427b036-c60b-4c81-a3c6-d573dda80136,95,,2026-06-24T01:08:01+07:00
d6a963f3-0fb8-4f52-9097-b8dd99524078,888b34ca-b270-43ae-9937-4539f644ae3b,f1eb7eeb-a8ef-4cb0-a886-09d74d3af598,81,,2026-06-24T06:47:01+07:00
8fbe0c03-8628-4e4f-b9a0-acbf18e9d023,888b34ca-b270-43ae-9937-4539f644ae3b,,87,,2026-07-02T21:01:27+07:00
dfbcff83-6776-4312-b6be-63177a5b7cab,888b34ca-b270-43ae-9937-4539f644ae3b,461e2ef5-600f-436b-8b20-ff6b5e1c1561,91,,2026-07-14T22:01:11+07:00
f5dd08ea-4008-4623-887d-556753cb5ca7,f16cfdfb-3a4e-4644-96fb-e1cdc885daeb,4227322f-3efc-4249-9c82-bbd652717878,82,,2026-06-23T15:16:21+07:00
c2c358bb-96d4-4572-9743-6c0d9d75c47e,f16cfdfb-3a4e-4644-96fb-e1cdc885daeb,,96,,2026-07-15T00:09:44+07:00
67f1b082-dccf-41eb-87c8-7387d015cf61,f16cfdfb-3a4e-4644-96fb-e1cdc885daeb,385d7299-b7a7-4793-a42a-5185f3adf474,86,,2026-07-18T20:05:03+07:00
43d8b047-9fbc-4945-ab8a-73db15d298ce,e3e4df84-2bd8-4c02-af7e-42ed57b9f6f0,83d2e570-56ce-4981-937c-fd58fd390509,89,,2026-06-23T02:44:19+07:00
11420c39-aac6-4c22-893e-3be74956dcd7,e3e4df84-2bd8-4c02-af7e-42ed57b9f6f0,f07af7a6-e284-4594-bf88-9240894b8c96,83,,2026-07-07T01:39:15+07:00
816f220e-1759-474e-b6c0-93dbe9de25ac,3919b1a0-b660-4efa-83bc-b1d22258fac7,52e73b62-4559-490f-bc2e-7ada5e1bb367,83,,2026-06-24T05:34:34+07:00
01bd7a4a-9495-43c8-ad0e-fb911ed12908,3919b1a0-b660-4efa-83bc-b1d22258fac7,f1eb7eeb-a8ef-4cb0-a886-09d74d3af598,84,,2026-06-28T02:12:52+07:00
5be2cecc-254c-42ab-b470-815eb608793a,3919b1a0-b660-4efa-83bc-b1d22258fac7,6ac69667-8033-4d4c-8a2c-fb6006a2c00e,96,,2026-08-05T15:52:10+07:00
e9a8b03d-79af-411f-9e9b-f10ee32536ea,21754bb8-b2a0-4b2c-80ed-6f95bf51b761,46d4a03e-c262-49ec-8695-987a04d7dc4b,93,,2026-06-23T14:12:07+07:00
4364a85c-bb44-4a26-ab4d-494314c117d2,21754bb8-b2a0-4b2c-80ed-6f95bf51b761,,92,,2026-07-07T08:31:21+07:00
794f4ddc-49f1-47cd-ad2e-ae61526b50e4,9bcfaf22-0e37-4872-b175-c561876f5424,ba952af1-6fd5-49fe-ba55-bdc465f95ca2,92,,2026-06-23T23:56:29+07:00
986fd872-11c5-46e7-91d0-b9b48c26c9ad,9bcfaf22-0e37-4872-b175-c561876f5424,10d05c09-bdb2-4253-8e44-856ad5336f34,88,,2026-06-30T18:12:31+07:00
94f0b519-d4d6-4b5e-a78f-77a66c5118e6,c82aec8d-3615-462e-b14d-a8f12247366d,73832518-b9b2-4f5a-bff7-cd820a5da9c8,88,,2026-06-30T12:14:47+07:00
d64c13f0-6add-4813-8adc-a249a535a23f,8f5426e1-a9f8-43a4-95f9-ed420511cd4f,4227322f-3efc-4249-9c82-bbd652717878,92,,2026-06-24T15:50:55+07:00
33a1e4f5-1111-4c24-8c16-f13cfe1576b5,8f5426e1-a9f8-43a4-95f9-ed420511cd4f,028dcdfd-b509-4967-81ff-593ef33bb7ae,84,,2026-06-25T09:24:20+07:00
0aaa0afd-8fbe-4a64-8fcb-816c8a4c580b,8f5426e1-a9f8-43a4-95f9-ed420511cd4f,61345fcc-db36-431c-b4cb-70b3963078a8,86,,2026-07-11T17:14:26+07:00
f21dbd77-0c63-4b33-aa1e-cfffdd4bcb86,bc6d03bb-6f97-4ac3-975b-24b56d760333,4227322f-3efc-4249-9c82-bbd652717878,93,,2026-06-23T19:17:44+07:00
d19c4036-536e-4cf8-b210-5070ffe9b9a5,bc6d03bb-6f97-4ac3-975b-24b56d760333,46d4a03e-c262-49ec-8695-987a04d7dc4b,95,,2026-06-25T15:25:17+07:00
6ea55fb0-513c-4b50-ab84-d3920a8d8cf3,bc6d03bb-6f97-4ac3-975b-24b56d760333,,84,,2026-07-02T17:54:59+07:00
fbeded4b-254c-4d3a-898b-abace82f9121,bc6d03bb-6f97-4ac3-975b-24b56d760333,1b920a71-baaf-4adc-94e8-cd83874a8d54,92,,2026-07-03T12:17:34+07:00
5f5fe25d-0faa-41ad-8e2d-0d63e48408f8,bc6d03bb-6f97-4ac3-975b-24b56d760333,a12b0378-6739-4162-9eba-0b93ccfdfff0,84,,2026-07-06T10:52:11+07:00
29b7df91-27af-4735-a7a8-306d1ab0f351,bc6d03bb-6f97-4ac3-975b-24b56d760333,88be6602-74af-4f89-b7fa-596e620aa8e4,81,,2026-07-13T04:24:50+07:00
760f8734-cf72-4def-9533-a74883e6e8d5,bc6d03bb-6f97-4ac3-975b-24b56d760333,028dcdfd-b509-4967-81ff-593ef33bb7ae,86,,2026-07-21T09:07:03+07:00
9e66131d-1ced-4ba9-9f33-d5a7b3967d09,bc6d03bb-6f97-4ac3-975b-24b56d760333,1b920a71-baaf-4adc-94e8-cd83874a8d54,87,,2026-07-28T07:06:03+07:00
ece39589-8076-4cbd-a316-4c7e7d3c6267,c43d8a3c-d39a-4cf8-baab-19acfa7ada65,2c00434b-be5e-45ee-8122-ed4c038e59ae,90,,2026-06-26T13:09:06+07:00
8e195829-8698-4abc-9457-63fd277ebd4f,c43d8a3c-d39a-4cf8-baab-19acfa7ada65,83d2e570-56ce-4981-937c-fd58fd390509,90,,2026-06-27T00:47:32+07:00
ba107423-268b-4c1f-b7d8-44f292836bb5,6b184867-10b1-49d6-a717-12ddb3d033db,fcd40acc-4f8f-45c8-82df-e9d0f8206796,83,,2026-06-24T16:24:24+07:00
5fb842f5-151f-4b33-bfff-2087f3acf25b,6b184867-10b1-49d6-a717-12ddb3d033db,028dcdfd-b509-4967-81ff-593ef33bb7ae,74,,2026-06-29T11:23:43+07:00
61e88e69-596b-4ffe-b4ea-20ed6cf850e2,4dbdc00e-955c-4799-8d8b-09c375500589,028dcdfd-b509-4967-81ff-593ef33bb7ae,79,,2026-06-25T12:03:54+07:00
7ed0c41c-0f57-4906-a470-3cfcb0c01941,874a3742-f1de-4767-bf6e-9e04bb5bac76,83d2e570-56ce-4981-937c-fd58fd390509,97,,2026-06-24T18:58:22+07:00
3acddb69-253a-42f5-bf60-de045d900369,874a3742-f1de-4767-bf6e-9e04bb5bac76,,96,,2026-06-30T11:11:05+07:00
074560ac-d4c5-4364-b041-50bb5a077daf,740dc1e8-de69-413c-9f48-37833b9d375d,46d4a03e-c262-49ec-8695-987a04d7dc4b,84,,2026-07-11T17:35:30+07:00
846de79f-4c05-4210-82db-5185b0c20055,740dc1e8-de69-413c-9f48-37833b9d375d,,87,,2026-07-11T18:01:38+07:00
564f7da3-f3ec-4065-80aa-c00ee3c861e2,3c2d899f-9442-4ab0-875a-b6cea0fdc2e0,4227322f-3efc-4249-9c82-bbd652717878,85,,2026-06-28T04:02:44+07:00
b872391e-f379-4e79-9c29-a7053f3851a0,3ef1b340-c184-470d-b785-09d3dda32fa7,,82,,2026-06-25T08:31:05+07:00
c603bb93-8212-4bba-b802-6dc3d5b21faa,3ef1b340-c184-470d-b785-09d3dda32fa7,,84,,2026-06-27T12:55:11+07:00
d6391346-0a6f-464c-94db-911b56cbb311,3ef1b340-c184-470d-b785-09d3dda32fa7,2c00434b-be5e-45ee-8122-ed4c038e59ae,91,,2026-06-28T01:16:03+07:00
e0feee81-f195-44a7-8f8c-9a5ca1f52841,3ef1b340-c184-470d-b785-09d3dda32fa7,b405bb76-c190-4857-97dd-8ee547b0c179,91,,2026-06-29T08:30:32+07:00
053c40e7-a50c-4754-a056-1f681c20828a,3ef1b340-c184-470d-b785-09d3dda32fa7,61345fcc-db36-431c-b4cb-70b3963078a8,87,,2026-06-29T19:33:21+07:00
9efe795e-429e-4417-a3ea-f3cbdd241cb2,3ef1b340-c184-470d-b785-09d3dda32fa7,,99,,2026-07-03T23:36:10+07:00
ea1d1240-5843-4a31-b228-64224feb3ea4,3ef1b340-c184-470d-b785-09d3dda32fa7,2c00434b-be5e-45ee-8122-ed4c038e59ae,93,,2026-07-07T15:30:03+07:00
1843f56d-a33b-494b-b954-8e21c9028a68,3ef1b340-c184-470d-b785-09d3dda32fa7,ec2e17a2-948e-44b3-915f-caa14df50aa9,88,,2026-07-10T12:28:33+07:00
248547b9-1898-4760-ae96-32e688521549,c7587286-a20f-4a2d-b448-006ce41790a7,4227322f-3efc-4249-9c82-bbd652717878,78,,2026-06-27T09:33:06+07:00
b6454f25-b613-4798-ae8c-08534719764c,c7587286-a20f-4a2d-b448-006ce41790a7,,85,,2026-06-29T15:49:06+07:00
bbb6e773-42d2-48b3-a13e-66a8f4b27cec,80ad60e8-a19f-4834-bc1f-bdf47e4553b5,edb26a70-31be-4abe-8303-15f94d51175b,88,,2026-06-26T05:01:56+07:00
b7691f16-17d2-47d1-bbfe-04e40bf4d393,80ad60e8-a19f-4834-bc1f-bdf47e4553b5,,99,,2026-06-26T11:23:56+07:00
914bef36-93c4-4f74-8663-518b913262bd,80ad60e8-a19f-4834-bc1f-bdf47e4553b5,fcd40acc-4f8f-45c8-82df-e9d0f8206796,99,,2026-07-01T15:43:50+07:00
4415d34e-125b-4b7d-a0e2-d4a5e451bbed,80ad60e8-a19f-4834-bc1f-bdf47e4553b5,fcd40acc-4f8f-45c8-82df-e9d0f8206796,86,,2026-07-09T01:07:00+07:00
c18b27ab-adaf-48b5-a09f-6d8e7db4772f,80ad60e8-a19f-4834-bc1f-bdf47e4553b5,1b920a71-baaf-4adc-94e8-cd83874a8d54,89,,2026-07-10T02:23:38+07:00
394885e6-4593-43ab-9759-5b2de9fb5400,0bfc08ae-6642-40d1-8495-90d33b68a1fe,1427b036-c60b-4c81-a3c6-d573dda80136,86,,2026-07-05T03:39:34+07:00
8e0d8713-2dca-4838-b644-bc7924539b14,d0bad506-40b6-4a66-b5ef-584d030f2969,73832518-b9b2-4f5a-bff7-cd820a5da9c8,80,,2026-06-26T03:04:06+07:00
ea9222f9-ef8e-4806-b4b5-3dbb4e3621f5,d0bad506-40b6-4a66-b5ef-584d030f2969,,79,,2026-06-26T04:54:54+07:00
3b3fe93f-17c1-42c2-ad71-365e4bce284d,d0bad506-40b6-4a66-b5ef-584d030f2969,,87,,2026-06-29T02:21:47+07:00
c6a5985a-f22f-41e7-a2e6-ac61203cb650,d0bad506-40b6-4a66-b5ef-584d030f2969,fcd40acc-4f8f-45c8-82df-e9d0f8206796,87,,2026-07-10T07:20:51+07:00
bbf938a4-0f8b-490f-83e2-3307a37991d5,d645f900-9782-46fe-b8a3-35afc41e16da,edb26a70-31be-4abe-8303-15f94d51175b,94,,2026-06-28T18:19:06+07:00
4ad08161-7b5b-4aeb-b0e6-b5fe8d9e8655,d645f900-9782-46fe-b8a3-35afc41e16da,83d2e570-56ce-4981-937c-fd58fd390509,99,,2026-06-30T13:54:25+07:00
b5662f0d-0173-44a3-b75e-879748b44484,2bbdd028-306b-43f8-b7ad-4fb498689fdc,f1eb7eeb-a8ef-4cb0-a886-09d74d3af598,99,,2026-06-26T12:46:43+07:00
75fd14ee-40b7-48d1-9527-7ee3abbcd417,2bbdd028-306b-43f8-b7ad-4fb498689fdc,,90,,2026-07-01T19:27:06+07:00
feb42ae9-e701-4aea-8cc0-1ccd065fb721,15cfc17f-367c-4923-bd18-95f4616d5ed8,46d4a03e-c262-49ec-8695-987a04d7dc4b,78,,2026-06-26T04:15:03+07:00
8f32f84c-8791-4d20-adbf-ee1701953993,15cfc17f-367c-4923-bd18-95f4616d5ed8,,84,,2026-07-22T06:39:35+07:00
cea4e7ac-07ff-4a0b-8cab-54ff3dd7b1b3,5f28831a-801c-4eb1-8704-d4d46e5b8387,1b920a71-baaf-4adc-94e8-cd83874a8d54,80,,2026-06-27T02:43:13+07:00
f951ee10-25a5-4155-b9ba-428de4483c2b,5f28831a-801c-4eb1-8704-d4d46e5b8387,f07af7a6-e284-4594-bf88-9240894b8c96,90,,2026-07-02T15:46:00+07:00
867aa5ec-8ab4-4956-a3f2-e9b4b735fa11,7b863cca-7100-423d-a3f6-7d29771346a2,52e73b62-4559-490f-bc2e-7ada5e1bb367,93,,2026-07-06T09:55:18+07:00
094427b0-e050-4c57-96e8-cf114dafe359,7b863cca-7100-423d-a3f6-7d29771346a2,506eaccd-4997-418d-8a64-a67ed9a58eaa,92,,2026-07-15T01:41:10+07:00
4b04cf6f-7656-4d67-b466-88cc27183172,7dc1f410-7ae8-454a-b5c1-b4e8288554f2,461e2ef5-600f-436b-8b20-ff6b5e1c1561,87,,2026-06-29T19:28:04+07:00
34893029-9b8d-40ec-abbc-5f78d0db04dc,7dc1f410-7ae8-454a-b5c1-b4e8288554f2,a12b0378-6739-4162-9eba-0b93ccfdfff0,98,,2026-07-15T22:18:05+07:00
3693394c-f0a7-4ac5-9f1d-607c1ac40019,cd4e1f2f-40ce-4148-8e47-8a1d3943d34d,1427b036-c60b-4c81-a3c6-d573dda80136,90,,2026-07-02T04:26:43+07:00
a49e6261-a813-4d3e-9e1b-f35b5754f60c,d9a1a844-b1f6-4748-a810-14c5a7816054,ec2e17a2-948e-44b3-915f-caa14df50aa9,82,,2026-07-09T05:47:08+07:00
4db03670-a5fa-4ea9-95dd-37407947f5b2,d9a1a844-b1f6-4748-a810-14c5a7816054,83d2e570-56ce-4981-937c-fd58fd390509,84,,2026-07-09T06:06:03+07:00
18319842-8b3f-47e3-8fab-ba05a3b6af38,ee3da1e2-ac58-45c3-b0f6-f4920ee774b2,52e73b62-4559-490f-bc2e-7ada5e1bb367,91,,2026-06-27T14:33:40+07:00
8c01772a-aeee-4387-87f2-f265c483ad06,ee3da1e2-ac58-45c3-b0f6-f4920ee774b2,1427b036-c60b-4c81-a3c6-d573dda80136,89,,2026-07-13T20:41:34+07:00
a802872d-fdb9-45fd-b534-7492dba9a9f7,b07c384a-b00a-473c-8d1b-e05e2f5b993a,4227322f-3efc-4249-9c82-bbd652717878,81,,2026-06-28T13:53:41+07:00
99a4f8e0-8dd5-4b7c-ad71-acb90a415aa0,b07c384a-b00a-473c-8d1b-e05e2f5b993a,385d7299-b7a7-4793-a42a-5185f3adf474,81,,2026-07-19T05:58:52+07:00
86295021-6c5a-4c08-a2fb-cfd34f46b3d1,11e4ead2-6d18-4808-b768-4a297a3cff9e,49ee8f81-45d9-4cdc-83e5-abf8f1539d56,77,,2026-06-28T01:53:08+07:00
d485730f-9d59-4c0d-8687-4c9978d8bcd1,11e4ead2-6d18-4808-b768-4a297a3cff9e,1427b036-c60b-4c81-a3c6-d573dda80136,76,,2026-07-11T07:50:04+07:00
5e876b7e-ebe2-46fa-b8a4-79391b32bf7c,11e4ead2-6d18-4808-b768-4a297a3cff9e,1c9b4737-176c-445e-859d-330a859b0f5e,89,,2026-07-14T14:00:12+07:00
993ced0b-5ce6-42f5-b75a-382374168c7f,9b05dbb1-a511-4746-b1c7-d6c9b5a3e8f3,ba952af1-6fd5-49fe-ba55-bdc465f95ca2,91,,2026-07-06T21:38:57+07:00
e40cb7ab-38f1-4bfe-941c-05581f3b312b,14c886eb-9bc5-4a5a-abdc-55a50ef22bd4,028dcdfd-b509-4967-81ff-593ef33bb7ae,87,,2026-06-29T16:37:58+07:00
757cb09b-5cd4-4859-9c54-74791c02612d,14c886eb-9bc5-4a5a-abdc-55a50ef22bd4,f1eb7eeb-a8ef-4cb0-a886-09d74d3af598,91,,2026-06-30T07:34:43+07:00
b92d122e-fc27-4a3e-8749-4d0034fca5e2,14c886eb-9bc5-4a5a-abdc-55a50ef22bd4,ec2e17a2-948e-44b3-915f-caa14df50aa9,90,,2026-07-24T15:57:07+07:00
d023eb8e-9f25-4931-8712-5bb3fd0455f6,eed26f84-c844-441b-98bf-1e72eddfa40e,,88,,2026-07-01T06:36:38+07:00
eff8f5d9-ecbd-4b72-9cea-386c6eeca3ad,9f681eb4-57c7-4ff5-8067-18e4c7b986a3,ba952af1-6fd5-49fe-ba55-bdc465f95ca2,83,,2026-06-27T17:40:50+07:00
2d34a970-12d6-4bec-b51f-2d5bec6a9143,9f681eb4-57c7-4ff5-8067-18e4c7b986a3,,84,,2026-07-07T04:49:14+07:00
5610e2d9-1617-4ef5-88ce-53a4c0369b71,9f681eb4-57c7-4ff5-8067-18e4c7b986a3,88be6602-74af-4f89-b7fa-596e620aa8e4,90,,2026-07-12T01:53:58+07:00
3d21178a-f732-4bc9-a05f-1c9b09e2dec3,9415b825-3ad7-4c06-a8c7-0d37f01bcea2,506eaccd-4997-418d-8a64-a67ed9a58eaa,92,,2026-06-28T01:36:44+07:00
d894ae41-43b2-440c-b492-627f71b17f27,9415b825-3ad7-4c06-a8c7-0d37f01bcea2,,94,,2026-06-28T03:01:32+07:00
95e3a495-f18d-4b57-a3a4-e5446dcdcdcf,f52f55c5-487a-4c10-9233-3901ecdbcdfa,f07af7a6-e284-4594-bf88-9240894b8c96,92,,2026-07-05T18:08:50+07:00
1eaa46d5-17ba-422f-a07f-4935414f86ea,f52f55c5-487a-4c10-9233-3901ecdbcdfa,1427b036-c60b-4c81-a3c6-d573dda80136,90,,2026-07-11T14:34:31+07:00
6b01818f-7955-4354-96a5-04c9ddcba63c,f52f55c5-487a-4c10-9233-3901ecdbcdfa,fcd40acc-4f8f-45c8-82df-e9d0f8206796,93,,2026-07-26T03:55:54+07:00
995e32aa-811e-4bd4-b01a-1c2c8e89afda,29adb6c2-ec68-4096-8bce-150254c03520,61345fcc-db36-431c-b4cb-70b3963078a8,83,,2026-06-28T05:09:14+07:00
4a8d6480-d9b0-4799-93d5-3369b8a8ddde,29adb6c2-ec68-4096-8bce-150254c03520,10d05c09-bdb2-4253-8e44-856ad5336f34,77,,2026-06-28T23:01:19+07:00
26f51355-543a-4c84-858b-b8d9eab14267,29adb6c2-ec68-4096-8bce-150254c03520,,99,,2026-07-02T18:25:16+07:00
24f3a4a8-8318-4f94-bfe4-d32dc79d057b,29adb6c2-ec68-4096-8bce-150254c03520,88be6602-74af-4f89-b7fa-596e620aa8e4,93,,2026-07-21T21:23:19+07:00
90c93065-7d04-4565-acf1-6e6ff40cb509,4a8215e6-3f50-4662-b929-bc1584ddfb2d,f07af7a6-e284-4594-bf88-9240894b8c96,93,,2026-06-28T15:36:18+07:00
01e565c5-7cc1-4c92-84e5-c7d168045ef7,4a8215e6-3f50-4662-b929-bc1584ddfb2d,61345fcc-db36-431c-b4cb-70b3963078a8,84,,2026-07-07T18:05:29+07:00
4f2785e9-88d5-44e7-9ff9-8948f72f8cf6,4a8215e6-3f50-4662-b929-bc1584ddfb2d,52e73b62-4559-490f-bc2e-7ada5e1bb367,87,,2026-07-11T17:13:39+07:00
5db65b57-7209-466e-81b8-d9887233fff6,ef16f66d-d361-40e9-978d-0eba49e909d6,,94,,2026-06-30T10:10:50+07:00
5c243e8b-87d6-47a6-af71-a6db66ef4837,ef16f66d-d361-40e9-978d-0eba49e909d6,61345fcc-db36-431c-b4cb-70b3963078a8,89,,2026-07-15T08:17:27+07:00
52c7b053-4de8-4655-b74d-188da5624949,e1e62fac-0a44-48e3-aeab-dea53f20cfe0,2c00434b-be5e-45ee-8122-ed4c038e59ae,87,,2026-06-27T19:55:59+07:00
7974da16-1444-4e17-ab98-d8fa4ace0fa8,e1e62fac-0a44-48e3-aeab-dea53f20cfe0,ba952af1-6fd5-49fe-ba55-bdc465f95ca2,80,,2026-07-09T10:57:33+07:00
b29aaf02-f083-4339-972b-417b25cf4968,d6d59c11-890d-409e-bf01-9a37e1ffb3fa,fcd40acc-4f8f-45c8-82df-e9d0f8206796,77,,2026-06-30T14:12:57+07:00
eec91738-50b3-41c9-8cdb-156172c473c3,d6d59c11-890d-409e-bf01-9a37e1ffb3fa,83d2e570-56ce-4981-937c-fd58fd390509,79,,2026-07-01T08:47:25+07:00
907bc5bf-e38c-4c09-ac91-887ccd040a62,d6d59c11-890d-409e-bf01-9a37e1ffb3fa,ec2e17a2-948e-44b3-915f-caa14df50aa9,84,,2026-07-12T17:57:50+07:00
260308d4-ef50-409a-920a-91b365c6ed1a,b9cd515f-18dc-42fb-a9b8-8c1fea20f3d8,1b18c38d-637d-4ecd-a2a1-77ed14d655bb,82,,2026-06-30T00:36:13+07:00
9f29e8b8-aff6-421d-92f6-778d372173ab,b9cd515f-18dc-42fb-a9b8-8c1fea20f3d8,ba952af1-6fd5-49fe-ba55-bdc465f95ca2,91,,2026-07-03T09:29:00+07:00
08efa62d-1ad5-4ad0-a55e-e255cc589634,b9cd515f-18dc-42fb-a9b8-8c1fea20f3d8,1427b036-c60b-4c81-a3c6-d573dda80136,91,,2026-07-03T15:48:46+07:00
529d8bce-5d46-40ac-b5ff-7bf7ce34511b,b9cd515f-18dc-42fb-a9b8-8c1fea20f3d8,,92,,2026-07-05T01:47:39+07:00
59bda073-629f-4311-80eb-a5c34d873acc,b9cd515f-18dc-42fb-a9b8-8c1fea20f3d8,f07af7a6-e284-4594-bf88-9240894b8c96,99,,2026-07-05T04:18:08+07:00
6132d86f-c050-413f-8c6d-47e7b8cc3758,b9cd515f-18dc-42fb-a9b8-8c1fea20f3d8,1427b036-c60b-4c81-a3c6-d573dda80136,88,,2026-07-07T14:36:31+07:00
42faa3e3-c2e0-45d3-bdc0-9eba2bc2cb78,b9cd515f-18dc-42fb-a9b8-8c1fea20f3d8,61345fcc-db36-431c-b4cb-70b3963078a8,86,,2026-07-15T00:46:23+07:00
fa017afa-1954-401c-8d3a-bed7b8019b77,b9cd515f-18dc-42fb-a9b8-8c1fea20f3d8,f1eb7eeb-a8ef-4cb0-a886-09d74d3af598,97,,2026-07-15T12:21:18+07:00
6778b014-a968-449f-b316-01a9e2455c36,ea0f298f-f48d-4e68-bbf1-50437db35160,7fd4dcb0-dc6b-4e20-86e0-79dc05bf63ce,89,,2026-06-30T16:18:35+07:00
cf5d9caf-9a1a-4f1c-9133-5c59232a639e,ea0f298f-f48d-4e68-bbf1-50437db35160,b405bb76-c190-4857-97dd-8ee547b0c179,94,,2026-07-01T20:16:30+07:00
2deb567a-190c-4a8f-b8c2-b58f8716124c,ea0f298f-f48d-4e68-bbf1-50437db35160,b405bb76-c190-4857-97dd-8ee547b0c179,97,,2026-07-04T20:39:55+07:00
aa6a83e1-e3d6-4116-ac38-74b5fbfc13bf,98060ddc-c842-4837-b9b9-6f60fce47154,7fd4dcb0-dc6b-4e20-86e0-79dc05bf63ce,78,,2026-06-30T11:04:41+07:00
f1c84c8a-22e0-4163-8609-4bf9d3a6b7d2,73544767-0f83-47f9-bf41-0a9628db8a95,1427b036-c60b-4c81-a3c6-d573dda80136,87,,2026-07-09T08:06:20+07:00
ace269ef-fcc5-4100-af96-30bcf59c25e2,73544767-0f83-47f9-bf41-0a9628db8a95,,93,,2026-07-12T01:39:16+07:00
060839fd-82bd-49b3-a4d3-b4bec3154167,bb8e8e2e-c0d6-4e71-9eca-b12eea37511f,83d2e570-56ce-4981-937c-fd58fd390509,81,,2026-07-14T23:54:35+07:00
0cfb323d-3b4b-4cc6-9377-4a0df67af8d8,bb8e8e2e-c0d6-4e71-9eca-b12eea37511f,a12b0378-6739-4162-9eba-0b93ccfdfff0,84,,2026-07-27T10:36:21+07:00
5acc0314-19e6-4542-8226-6faaf7c1d1b5,bb8e8e2e-c0d6-4e71-9eca-b12eea37511f,49ee8f81-45d9-4cdc-83e5-abf8f1539d56,87,,2026-08-08T18:53:09+07:00
39f388d7-9f62-4c02-801b-6cf103822b81,31c839aa-808f-4856-9d47-75586dadbca3,,91,,2026-06-30T06:13:58+07:00
2b0b70e1-a6b8-4eb7-8949-6d1e20e4532b,31c839aa-808f-4856-9d47-75586dadbca3,,90,,2026-07-04T20:56:11+07:00
c196fd2b-aef4-4bf3-b2f7-e044fafa6544,468ee899-5938-4b63-984c-731d4fe4fe6f,,84,,2026-07-01T11:48:54+07:00
9dc23e81-9249-4f7d-b7a7-ef4f4f9a6cc5,468ee899-5938-4b63-984c-731d4fe4fe6f,028dcdfd-b509-4967-81ff-593ef33bb7ae,75,,2026-07-02T02:01:40+07:00
db290ea1-1012-4c39-994b-b5c41f4507ad,fc3b08ed-dcc9-41e3-bb33-c6fcacd20266,f07af7a6-e284-4594-bf88-9240894b8c96,99,,2026-07-01T05:24:15+07:00
ad1aa587-8213-4aa7-a4a3-ecfc61bc8162,fc3b08ed-dcc9-41e3-bb33-c6fcacd20266,1427b036-c60b-4c81-a3c6-d573dda80136,89,,2026-07-27T23:38:01+07:00
3975a16d-392d-4f51-b0e8-641f8e89e396,b1b5d4f8-1191-4f85-9658-014e206145e6,fcd40acc-4f8f-45c8-82df-e9d0f8206796,87,,2026-06-30T22:37:36+07:00
ee9c05e0-fe62-4257-8d72-4aeddafe28b1,b1b5d4f8-1191-4f85-9658-014e206145e6,2c00434b-be5e-45ee-8122-ed4c038e59ae,86,,2026-07-12T16:19:33+07:00
e56c4182-3f86-4b5c-9482-9c412662315a,273dadd6-be03-4002-8764-6cbf6e15757b,a12b0378-6739-4162-9eba-0b93ccfdfff0,88,,2026-07-02T04:49:08+07:00
58338810-d5ad-46ae-a64d-90747b559a7c,273dadd6-be03-4002-8764-6cbf6e15757b,b405bb76-c190-4857-97dd-8ee547b0c179,85,,2026-07-02T06:52:05+07:00
8fd25ea6-45d5-4f9a-a5c6-1772a5c7300c,08d75db5-b348-42e0-9d52-e176984b893b,f1eb7eeb-a8ef-4cb0-a886-09d74d3af598,89,,2026-06-30T11:56:53+07:00
6db3e0b6-52e2-4ec0-8315-43f3a975251e,08d75db5-b348-42e0-9d52-e176984b893b,46d4a03e-c262-49ec-8695-987a04d7dc4b,82,,2026-07-06T08:13:49+07:00
f2bb6b49-74fa-4fa0-80bb-e11d634f7700,08d75db5-b348-42e0-9d52-e176984b893b,,91,,2026-07-09T12:38:00+07:00
81697bb8-667c-4760-af0e-2021ca80264e,08d75db5-b348-42e0-9d52-e176984b893b,6ac69667-8033-4d4c-8a2c-fb6006a2c00e,84,,2026-07-14T14:26:23+07:00
6d6c9384-95ba-4e4e-a2bc-ff8a0c97af5e,08d75db5-b348-42e0-9d52-e176984b893b,7fd4dcb0-dc6b-4e20-86e0-79dc05bf63ce,86,,2026-07-20T21:28:05+07:00
05852557-f0ee-4e1e-b841-112ac9e13b71,a73982f4-4e43-4fd2-9c04-493350e69942,1c9b4737-176c-445e-859d-330a859b0f5e,84,,2026-06-30T00:52:19+07:00
ecb630ba-4a74-4d3a-9066-6d5c8ee67523,a73982f4-4e43-4fd2-9c04-493350e69942,028dcdfd-b509-4967-81ff-593ef33bb7ae,73,,2026-06-30T01:05:28+07:00
6162b756-9a41-47ed-a51e-b3e9b7d35be3,a73982f4-4e43-4fd2-9c04-493350e69942,2c00434b-be5e-45ee-8122-ed4c038e59ae,82,,2026-06-30T13:30:00+07:00
5acfac38-4b42-4272-af01-63bb6c1bbf32,a73982f4-4e43-4fd2-9c04-493350e69942,7fd4dcb0-dc6b-4e20-86e0-79dc05bf63ce,81,,2026-07-06T00:05:41+07:00
c34316df-b8aa-4e57-9ea7-aa6560e20407,da012cc1-222a-4020-bd13-149dc36b7260,3d6b328b-442b-40b7-8f09-18653f0b20a1,99,,2026-07-02T02:18:42+07:00
4841a6a6-7e38-43fa-bd50-c55e4e24173c,da012cc1-222a-4020-bd13-149dc36b7260,49ee8f81-45d9-4cdc-83e5-abf8f1539d56,90,,2026-07-08T12:15:38+07:00
4dcf0bfd-b83f-4112-b623-f97e4e1e18e6,6c422f1e-6bab-4c21-a92d-fb872b9d0222,edb26a70-31be-4abe-8303-15f94d51175b,92,,2026-07-07T01:41:05+07:00
2e7b14cd-49be-48f8-82f5-cee8a96b0264,0027488c-32a5-48a1-a383-ecccad62eaf4,3d6b328b-442b-40b7-8f09-18653f0b20a1,83,,2026-07-01T21:28:49+07:00
f076cac4-13f8-4c42-9841-3bae0001a383,0027488c-32a5-48a1-a383-ecccad62eaf4,028dcdfd-b509-4967-81ff-593ef33bb7ae,79,,2026-07-03T11:35:31+07:00
9d418624-ab6a-4bb1-b689-2b16922f73ab,0027488c-32a5-48a1-a383-ecccad62eaf4,1427b036-c60b-4c81-a3c6-d573dda80136,86,,2026-07-11T02:49:59+07:00
ac8f220b-14cc-45cd-aeeb-54b4445d7f51,e79a9e13-11b2-4cd3-ac30-af69bc9f6254,46d4a03e-c262-49ec-8695-987a04d7dc4b,99,,2026-07-07T23:43:50+07:00
4d8ae304-9ceb-4b4f-b97b-3bb49af0b78d,e79a9e13-11b2-4cd3-ac30-af69bc9f6254,,89,,2026-07-10T02:34:49+07:00
b1bdce04-ca12-45ea-b923-c9a9aa8290e9,fbc0c154-ec84-45d9-8a66-36ca0b465b23,,93,,2026-06-30T05:37:29+07:00
829256e9-477c-4556-adaf-98c594e9ce19,fbc0c154-ec84-45d9-8a66-36ca0b465b23,2c00434b-be5e-45ee-8122-ed4c038e59ae,93,,2026-07-15T13:49:00+07:00
d00b272a-fc01-4631-bae2-a39e6d222a6c,2935a77b-fa19-4508-b08d-b6c45d358d41,ec2e17a2-948e-44b3-915f-caa14df50aa9,83,,2026-06-30T13:17:16+07:00
56ef7236-6cd6-467b-bbb4-2317ce3394d8,39df7c6a-0b54-4346-9343-0a4e467ed549,3d6b328b-442b-40b7-8f09-18653f0b20a1,86,,2026-07-04T19:29:43+07:00
5d620a1e-147c-431c-95c9-3c44f5e65c1e,39df7c6a-0b54-4346-9343-0a4e467ed549,1b920a71-baaf-4adc-94e8-cd83874a8d54,89,,2026-07-06T07:59:02+07:00
9ee25d72-502f-4c67-9a69-5267eba91127,511c6526-ce7b-4194-9552-027148a9326b,49ee8f81-45d9-4cdc-83e5-abf8f1539d56,83,,2026-06-30T11:33:15+07:00
cb888cbc-71a1-46bf-a54d-c458a911608f,a77553d1-0501-4380-9de0-0aa5e7eb8b13,,92,,2026-06-30T09:11:25+07:00
4ad5bc4d-72b4-4b86-bd1d-4c88e81676e6,a77553d1-0501-4380-9de0-0aa5e7eb8b13,4227322f-3efc-4249-9c82-bbd652717878,97,,2026-06-30T10:28:03+07:00
bba0c27d-f9a7-49fd-bf89-77977f91b543,a77553d1-0501-4380-9de0-0aa5e7eb8b13,4227322f-3efc-4249-9c82-bbd652717878,97,,2026-07-01T14:06:19+07:00
a90c6632-90eb-41d4-844f-2efd47733a64,a77553d1-0501-4380-9de0-0aa5e7eb8b13,,87,,2026-07-03T21:43:13+07:00
64292a85-8f85-4c1e-905b-aaf51a6b8402,a77553d1-0501-4380-9de0-0aa5e7eb8b13,7fd4dcb0-dc6b-4e20-86e0-79dc05bf63ce,87,,2026-07-04T12:44:10+07:00
4e362370-12ad-43e3-9480-0d1db05dd7bd,a77553d1-0501-4380-9de0-0aa5e7eb8b13,028dcdfd-b509-4967-81ff-593ef33bb7ae,91,,2026-07-05T14:44:36+07:00
21a8615b-b66a-4b2b-a6a2-0a2a6b37978e,ead17d1d-56b1-49b5-9b67-b62421bfc422,2c00434b-be5e-45ee-8122-ed4c038e59ae,79,,2026-07-10T00:44:14+07:00
4d26b3a9-c3a9-4a06-bcef-cae0e17eab6b,278e1f32-7a69-4b55-8ab6-00e701b2a802,,89,,2026-07-01T11:46:52+07:00
cbd72d10-3dd1-4c20-8cc1-03a7c8dad35e,278e1f32-7a69-4b55-8ab6-00e701b2a802,1c9b4737-176c-445e-859d-330a859b0f5e,84,,2026-07-03T18:41:27+07:00
ce955d72-feb0-4825-9be7-c7b4ccb6ea09,08626da3-7f4c-413a-8315-084b45de5eaa,ec2e17a2-948e-44b3-915f-caa14df50aa9,83,,2026-07-01T21:34:40+07:00
c0f4c2b7-82ca-49e4-abdb-59cf7f3ceb49,08626da3-7f4c-413a-8315-084b45de5eaa,6ac69667-8033-4d4c-8a2c-fb6006a2c00e,81,,2026-07-12T02:57:24+07:00
c7f547b5-cd52-41c8-ae6e-997f4e69531e,30f319ef-5080-459b-9758-a66d56339028,7fd4dcb0-dc6b-4e20-86e0-79dc05bf63ce,84,,2026-07-01T09:58:10+07:00
f3141e9a-ea06-42c6-842b-5b8b50895c00,30f319ef-5080-459b-9758-a66d56339028,2c00434b-be5e-45ee-8122-ed4c038e59ae,86,,2026-07-01T12:18:58+07:00
74496d6d-e13a-4a80-82b8-0ec9821e64aa,30f319ef-5080-459b-9758-a66d56339028,fcd40acc-4f8f-45c8-82df-e9d0f8206796,78,,2026-07-11T10:10:02+07:00
1b9e592a-61c2-4e59-b6cb-41b7f0bf5041,8926ecd4-69f2-40eb-bca5-20d5e1a5d957,,99,,2026-06-30T20:05:11+07:00
0b32674b-e889-47e8-965f-d20cddde97d4,0ca20d8f-93af-49dc-9936-ac02baeaf318,6ac69667-8033-4d4c-8a2c-fb6006a2c00e,69,,2026-07-01T01:49:02+07:00
b63b3ddd-f035-455f-ab03-35eea64b184e,0ca20d8f-93af-49dc-9936-ac02baeaf318,1b18c38d-637d-4ecd-a2a1-77ed14d655bb,84,,2026-07-02T13:18:06+07:00
bc72435c-7051-4120-9d4a-39584165c893,0ca20d8f-93af-49dc-9936-ac02baeaf318,4227322f-3efc-4249-9c82-bbd652717878,77,,2026-07-03T14:00:50+07:00
be8af2d0-d7e9-4327-9f7f-dee409fbd70d,0ca20d8f-93af-49dc-9936-ac02baeaf318,61345fcc-db36-431c-b4cb-70b3963078a8,79,,2026-07-07T12:49:19+07:00
1e1a8e8e-5c72-4dd5-b47d-62d6239f40c8,18f73a90-5373-4408-8dad-cd00aba7348a,ba952af1-6fd5-49fe-ba55-bdc465f95ca2,91,,2026-07-01T15:26:23+07:00
6c302923-3793-4a97-a8fb-901454ede87e,18f73a90-5373-4408-8dad-cd00aba7348a,506eaccd-4997-418d-8a64-a67ed9a58eaa,92,,2026-07-07T15:24:12+07:00
ff1b966a-d7eb-4582-bf04-8bc1a621bd5a,18f73a90-5373-4408-8dad-cd00aba7348a,fcd40acc-4f8f-45c8-82df-e9d0f8206796,88,,2026-07-14T09:39:39+07:00
be87b16a-9630-4803-9327-e6c05e51f2cd,d0c6aa7e-88ab-406a-ab72-e8bc4ab8f92b,edb26a70-31be-4abe-8303-15f94d51175b,78,,2026-07-06T10:09:32+07:00
a9be56ff-d038-468c-bdad-717bd81cfd04,d0c6aa7e-88ab-406a-ab72-e8bc4ab8f92b,b405bb76-c190-4857-97dd-8ee547b0c179,77,,2026-07-08T11:30:53+07:00
f5b92209-434c-4692-add4-0889fb6236d7,d0c6aa7e-88ab-406a-ab72-e8bc4ab8f92b,,87,,2026-07-30T15:39:36+07:00
a8a9b73e-fb27-4621-a9cb-c0bd1d16890f,ced695c3-3488-4836-a22a-cb5aae063798,4227322f-3efc-4249-9c82-bbd652717878,84,,2026-07-02T12:18:01+07:00
c71746ac-1e34-4485-8a19-141b41a8cd7a,ced695c3-3488-4836-a22a-cb5aae063798,f07af7a6-e284-4594-bf88-9240894b8c96,82,,2026-07-11T00:25:22+07:00
363196e5-8402-4a18-8cd5-37cc8d7c9060,ced695c3-3488-4836-a22a-cb5aae063798,fcd40acc-4f8f-45c8-82df-e9d0f8206796,92,,2026-07-26T03:56:43+07:00
d6fa79a5-7b69-46ec-86a8-34ac5af063a6,02c9759b-967a-4900-bcd4-4dd5b4f8a4fc,,89,,2026-07-01T09:02:03+07:00
22db3ee0-7895-49cf-8520-1f3225c09d63,02c9759b-967a-4900-bcd4-4dd5b4f8a4fc,f07af7a6-e284-4594-bf88-9240894b8c96,92,,2026-07-13T03:02:12+07:00
05e78760-3077-4bef-93c5-ede365d1082c,2ac18aed-1a69-48cb-94a5-59b1cd217c9d,,92,,2026-07-04T02:45:40+07:00
21d04a7b-71bd-4e0d-b79d-493f41a54d9e,2ac18aed-1a69-48cb-94a5-59b1cd217c9d,6ac69667-8033-4d4c-8a2c-fb6006a2c00e,82,,2026-07-04T07:22:19+07:00
9a8a498d-773d-49c9-98d1-3a24bbdae739,40dc968f-014e-4669-9b01-66ead55efc98,385d7299-b7a7-4793-a42a-5185f3adf474,82,,2026-07-08T01:03:33+07:00
c632372c-ba2c-4da1-980f-968501bf8871,40dc968f-014e-4669-9b01-66ead55efc98,385d7299-b7a7-4793-a42a-5185f3adf474,77,,2026-07-09T10:08:35+07:00
c431c406-c6f3-476c-8ac2-79644d3aaea4,3a96aa56-1930-4989-8352-f34fb058d480,83d2e570-56ce-4981-937c-fd58fd390509,73,,2026-07-04T08:27:11+07:00
b6ed5e6e-a85d-43d2-b631-d2d08ffe2396,3a96aa56-1930-4989-8352-f34fb058d480,6ac69667-8033-4d4c-8a2c-fb6006a2c00e,90,,2026-07-13T18:53:19+07:00
28cb651f-a83e-42cf-8f70-97a0eab82b70,38ab1739-bd89-4105-a0fb-806abf2b346e,7fd4dcb0-dc6b-4e20-86e0-79dc05bf63ce,78,,2026-07-02T15:55:27+07:00
6b7a420e-10d3-4271-83d9-ee53e12701b1,38ab1739-bd89-4105-a0fb-806abf2b346e,61345fcc-db36-431c-b4cb-70b3963078a8,75,,2026-07-07T18:23:35+07:00
d061bdf0-d6b1-447e-a505-a5fdb2e35201,07213ab9-9fac-4769-a9ae-2812f4d27074,2c00434b-be5e-45ee-8122-ed4c038e59ae,92,,2026-07-03T08:59:58+07:00
14f98c34-097b-4a02-8772-016930b654df,07213ab9-9fac-4769-a9ae-2812f4d27074,83d2e570-56ce-4981-937c-fd58fd390509,89,,2026-07-09T04:01:48+07:00
0633418b-b665-44e6-8ca9-9bfc73514866,be4d97a0-aade-4588-9fd2-1c341dfc4e23,461e2ef5-600f-436b-8b20-ff6b5e1c1561,94,,2026-07-11T01:47:39+07:00
6bf0cc95-6bf1-4af1-8545-bd2feec06f44,be4d97a0-aade-4588-9fd2-1c341dfc4e23,10d05c09-bdb2-4253-8e44-856ad5336f34,88,,2026-08-12T17:40:29+07:00
10110de8-7f77-41ae-a862-e49e7256a7ab,8d8bbf8d-bf63-4732-b102-28c0e6b9ec73,2c00434b-be5e-45ee-8122-ed4c038e59ae,93,,2026-07-08T13:02:09+07:00
7608a6a3-2ebb-485f-afed-1115ca3b9436,8d8bbf8d-bf63-4732-b102-28c0e6b9ec73,461e2ef5-600f-436b-8b20-ff6b5e1c1561,85,,2026-07-08T13:05:57+07:00
492e72b1-a4a5-4c58-906f-b0d7bddd71fb,bd971295-dbfe-4fea-843f-46403bf0e2be,f1eb7eeb-a8ef-4cb0-a886-09d74d3af598,84,,2026-07-02T21:41:36+07:00
9af7b8bb-c844-4279-bf3b-2d00f3724182,bd971295-dbfe-4fea-843f-46403bf0e2be,1b18c38d-637d-4ecd-a2a1-77ed14d655bb,87,,2026-07-04T23:05:15+07:00
6519d404-0c93-4b91-8363-4290d1f7ebe1,bd971295-dbfe-4fea-843f-46403bf0e2be,,89,,2026-07-05T20:49:42+07:00
887659e7-1fb9-4ba7-be4d-332200e53bd2,bd971295-dbfe-4fea-843f-46403bf0e2be,10d05c09-bdb2-4253-8e44-856ad5336f34,85,,2026-07-08T01:20:59+07:00
842c6ad8-5e5d-45bb-b974-0efc7bb2c6d0,bd971295-dbfe-4fea-843f-46403bf0e2be,6ac69667-8033-4d4c-8a2c-fb6006a2c00e,88,,2026-07-19T14:39:21+07:00
015df51b-743c-4896-82fb-6908475fa5de,6eb2b7bc-099c-42f4-b4e8-f7c8fe43bff0,f1eb7eeb-a8ef-4cb0-a886-09d74d3af598,99,,2026-07-10T01:07:29+07:00
de5f0b8c-8dd2-477a-84e0-e3f93eba45dc,6eb2b7bc-099c-42f4-b4e8-f7c8fe43bff0,028dcdfd-b509-4967-81ff-593ef33bb7ae,77,,2026-08-03T17:14:26+07:00
e29e1205-79cc-4f6e-85d2-0696eca03009,5a46aa96-0af6-440b-b619-f1237f55fa78,46d4a03e-c262-49ec-8695-987a04d7dc4b,90,,2026-07-05T11:25:22+07:00
a7b5878f-bc67-4a26-8a6a-6533b8fc1d5b,5a46aa96-0af6-440b-b619-f1237f55fa78,7fd4dcb0-dc6b-4e20-86e0-79dc05bf63ce,97,,2026-07-07T02:45:47+07:00
28ff737a-a1ed-4025-9752-7a2c83486178,5a46aa96-0af6-440b-b619-f1237f55fa78,fcd40acc-4f8f-45c8-82df-e9d0f8206796,88,,2026-07-12T23:19:38+07:00
e67ed0da-cf50-40a8-b72a-6baa91465270,a3fd1d14-85fb-459b-aaca-c2291c9c3a9c,3d6b328b-442b-40b7-8f09-18653f0b20a1,87,,2026-07-02T23:28:03+07:00
7da265d5-acf4-4ef8-be88-52f46e13fe5a,a3fd1d14-85fb-459b-aaca-c2291c9c3a9c,2c00434b-be5e-45ee-8122-ed4c038e59ae,84,,2026-07-03T18:28:28+07:00
a59223f2-cce2-4b41-8892-be4d1bd1555e,a3fd1d14-85fb-459b-aaca-c2291c9c3a9c,ec2e17a2-948e-44b3-915f-caa14df50aa9,88,,2026-07-05T06:35:07+07:00
80cf342d-3193-4dad-99a7-73be4360d4ca,a3fd1d14-85fb-459b-aaca-c2291c9c3a9c,f07af7a6-e284-4594-bf88-9240894b8c96,94,,2026-07-19T11:34:35+07:00
8e7c9ee2-2513-4bf6-84cd-c043dcb2d571,8b099ed5-81a1-4ccd-a0dc-63a5e1af45f5,52e73b62-4559-490f-bc2e-7ada5e1bb367,74,,2026-07-02T15:35:01+07:00
e1fc69e7-4c65-4acc-90b0-a46718515590,8b099ed5-81a1-4ccd-a0dc-63a5e1af45f5,,76,,2026-07-05T10:49:31+07:00
4aa44df7-8570-4589-a200-dbc5a7d0f7cf,8b099ed5-81a1-4ccd-a0dc-63a5e1af45f5,edb26a70-31be-4abe-8303-15f94d51175b,85,,2026-07-13T13:54:38+07:00
a7821eb7-cbbe-4245-a202-a569db7e7444,8b099ed5-81a1-4ccd-a0dc-63a5e1af45f5,,84,,2026-07-25T14:37:31+07:00
5efda7eb-aa6a-4a0e-b08f-18e45018821b,8b099ed5-81a1-4ccd-a0dc-63a5e1af45f5,ec2e17a2-948e-44b3-915f-caa14df50aa9,78,,2026-08-03T16:02:00+07:00
e0549764-8e0d-4d2d-b3e5-85052b5530d0,8b099ed5-81a1-4ccd-a0dc-63a5e1af45f5,83d2e570-56ce-4981-937c-fd58fd390509,77,,2026-08-04T04:04:16+07:00
1438fb23-afb9-4fcc-b0e9-de1b4fefedad,8b099ed5-81a1-4ccd-a0dc-63a5e1af45f5,a12b0378-6739-4162-9eba-0b93ccfdfff0,83,,2026-08-08T06:53:24+07:00
0c9e77c1-dd0d-4120-ad57-c76ace9722da,5b856fb2-d709-4aba-b356-38640e718a9a,1b18c38d-637d-4ecd-a2a1-77ed14d655bb,77,,2026-07-05T19:34:09+07:00
c596e097-bdc7-468b-9e85-555983fd4086,5b856fb2-d709-4aba-b356-38640e718a9a,3d6b328b-442b-40b7-8f09-18653f0b20a1,88,,2026-07-21T13:21:40+07:00
8d6ea735-6c1d-4fce-8888-73fd879fca0e,5b856fb2-d709-4aba-b356-38640e718a9a,9d3a744a-0add-4abc-9dee-e537ac062393,86,,2026-08-11T21:28:15+07:00
d7a4026d-2398-40bb-b60e-beb4e783a2a9,3b493667-323b-4cb6-8c69-8e919af50f8f,3d6b328b-442b-40b7-8f09-18653f0b20a1,88,,2026-07-04T12:44:55+07:00
e52b219c-a8bb-42fe-b721-31419e980270,3b493667-323b-4cb6-8c69-8e919af50f8f,83d2e570-56ce-4981-937c-fd58fd390509,96,,2026-07-04T22:35:28+07:00
49c1fb24-a8f9-47ac-a443-185c003f28a4,82c82baa-2ae9-4a62-9c25-4f0f17fa150c,a12b0378-6739-4162-9eba-0b93ccfdfff0,86,,2026-07-03T17:48:18+07:00
1170dac0-f07f-4ca7-92ea-7725aeae35b0,82c82baa-2ae9-4a62-9c25-4f0f17fa150c,edb26a70-31be-4abe-8303-15f94d51175b,91,,2026-07-21T03:40:58+07:00
ec91148e-9d36-4c7b-83fc-c474e35fb40b,46a42e18-1b42-42e1-9318-a99e88db1859,2c00434b-be5e-45ee-8122-ed4c038e59ae,88,,2026-07-04T23:23:18+07:00
4fcbc2fd-e2b5-4701-8af0-05c1c56bf0bd,46a42e18-1b42-42e1-9318-a99e88db1859,,87,,2026-07-25T15:37:27+07:00
6de927fe-3f73-437a-971c-12bfdeeeba61,9e784c1d-ba94-4d15-838e-e24d1095f36b,ba952af1-6fd5-49fe-ba55-bdc465f95ca2,80,,2026-07-03T14:24:27+07:00
99d78eef-7161-49f8-8870-e058af44731f,9e784c1d-ba94-4d15-838e-e24d1095f36b,1c9b4737-176c-445e-859d-330a859b0f5e,89,,2026-07-04T07:16:46+07:00
297ef5af-201b-4582-b426-a008e34d16ff,9e784c1d-ba94-4d15-838e-e24d1095f36b,ba952af1-6fd5-49fe-ba55-bdc465f95ca2,88,,2026-07-14T04:37:51+07:00
fc3a61ae-3299-4479-896e-5885f52cec29,820a6ec4-6d47-4b39-9719-fc8dfee2c50e,385d7299-b7a7-4793-a42a-5185f3adf474,98,,2026-07-09T07:08:51+07:00
5c149ff3-a6f0-4b45-a6d0-5b922c01d8f8,820a6ec4-6d47-4b39-9719-fc8dfee2c50e,88be6602-74af-4f89-b7fa-596e620aa8e4,88,,2026-07-09T19:12:36+07:00
25378af1-3d50-4702-abff-1fae551cee2d,820a6ec4-6d47-4b39-9719-fc8dfee2c50e,1427b036-c60b-4c81-a3c6-d573dda80136,88,,2026-07-10T20:38:34+07:00
d06d11f7-eacc-48a1-a033-414a234a7fba,0c648b9b-bd8b-4159-ad53-17eb404f9077,10d05c09-bdb2-4253-8e44-856ad5336f34,88,,2026-07-04T11:22:07+07:00
cb4a908e-7f24-4305-84ce-4870e5c73c24,0c648b9b-bd8b-4159-ad53-17eb404f9077,461e2ef5-600f-436b-8b20-ff6b5e1c1561,82,,2026-07-22T14:10:36+07:00
f2e02d81-d0cd-434b-9816-d4a72a6c64ac,0c648b9b-bd8b-4159-ad53-17eb404f9077,1b920a71-baaf-4adc-94e8-cd83874a8d54,83,,2026-07-23T04:28:56+07:00
01018ae3-dbda-447d-bf25-6b89a192390b,0c648b9b-bd8b-4159-ad53-17eb404f9077,88be6602-74af-4f89-b7fa-596e620aa8e4,85,,2026-07-23T11:00:41+07:00
e2dfde23-5bde-40fe-8815-5d15f38c8abb,0c648b9b-bd8b-4159-ad53-17eb404f9077,4227322f-3efc-4249-9c82-bbd652717878,86,,2026-07-23T11:18:45+07:00
17c92ac5-59ff-4b14-bd3f-84ec3f2cd965,9f5fa7fa-a1fa-404f-abae-affb28c84bd1,edb26a70-31be-4abe-8303-15f94d51175b,84,,2026-07-10T17:21:38+07:00
dd5a5acc-e725-4737-af87-f70b0295e359,9f5fa7fa-a1fa-404f-abae-affb28c84bd1,a12b0378-6739-4162-9eba-0b93ccfdfff0,99,,2026-07-11T19:07:29+07:00
6fa6c02d-7452-44d3-92f5-f9e23d33c5dd,2bc12507-c02e-4e31-a0e0-d375e5d1bb2a,fcd40acc-4f8f-45c8-82df-e9d0f8206796,77,,2026-07-07T09:09:01+07:00
4a2cad1e-806a-4334-89ae-94e2535e2092,2bc12507-c02e-4e31-a0e0-d375e5d1bb2a,3d6b328b-442b-40b7-8f09-18653f0b20a1,84,,2026-07-08T18:44:40+07:00
df3a5c3b-39a4-4649-85db-b24e0a5574b6,1738789c-eb69-4195-8462-ddd0cd416f8c,3d6b328b-442b-40b7-8f09-18653f0b20a1,76,,2026-07-03T01:42:24+07:00
48629534-b3e0-4f3c-a914-f01ba5bf6fce,1738789c-eb69-4195-8462-ddd0cd416f8c,52e73b62-4559-490f-bc2e-7ada5e1bb367,84,,2026-07-13T23:15:04+07:00
eb80c9ed-76bc-43b0-82c4-c0e3a285227e,ff8bece0-3f70-491e-b66c-5e8c1b2473c7,ec2e17a2-948e-44b3-915f-caa14df50aa9,91,,2026-07-03T14:44:42+07:00
b33b2c33-aa46-4e6f-9e84-7a7e36506c0f,ff8bece0-3f70-491e-b66c-5e8c1b2473c7,ba952af1-6fd5-49fe-ba55-bdc465f95ca2,87,,2026-07-25T21:00:16+07:00
ef7acbcb-7fc5-4dcc-a2cf-23bc351413fe,60c547fe-87df-4cef-9243-5db0561e1433,ba952af1-6fd5-49fe-ba55-bdc465f95ca2,81,,2026-07-04T13:24:06+07:00
b9772875-d9d5-4e09-8383-bc9a8dac255b,60c547fe-87df-4cef-9243-5db0561e1433,b405bb76-c190-4857-97dd-8ee547b0c179,94,,2026-07-19T13:47:12+07:00
3fd61dc1-5d12-477e-8895-1b21ed74e04e,f42352da-988b-4c18-a684-46a13b79ece5,385d7299-b7a7-4793-a42a-5185f3adf474,84,,2026-07-04T12:28:20+07:00
8e5c300e-e20c-4d9e-b6bd-224f4b92e079,f42352da-988b-4c18-a684-46a13b79ece5,46d4a03e-c262-49ec-8695-987a04d7dc4b,77,,2026-07-05T20:12:32+07:00
57363e0e-e395-466e-8982-c10df47207da,f42352da-988b-4c18-a684-46a13b79ece5,fcd40acc-4f8f-45c8-82df-e9d0f8206796,92,,2026-07-13T20:27:32+07:00
080cd925-8b86-40d8-91c9-2448041f9268,9e1233cb-72c9-41b3-af3e-66c6e80729ec,385d7299-b7a7-4793-a42a-5185f3adf474,87,,2026-07-04T19:07:49+07:00
83d164eb-79b6-433e-aad0-accb38d422ed,9e1233cb-72c9-41b3-af3e-66c6e80729ec,7fd4dcb0-dc6b-4e20-86e0-79dc05bf63ce,95,,2026-07-11T06:17:40+07:00
df71aa67-ba81-4874-9af4-2d878a2597ef,4da52671-7d68-418b-b8c5-77921cbe0db4,edb26a70-31be-4abe-8303-15f94d51175b,99,,2026-07-03T04:16:36+07:00
a67074d2-9781-4e1c-8ba6-49944eabc31c,4da52671-7d68-418b-b8c5-77921cbe0db4,028dcdfd-b509-4967-81ff-593ef33bb7ae,90,,2026-07-04T06:32:20+07:00
7317d59a-3574-48b6-b6fd-5f5c87568747,4da52671-7d68-418b-b8c5-77921cbe0db4,028dcdfd-b509-4967-81ff-593ef33bb7ae,82,,2026-07-06T01:46:30+07:00
5625396d-b8de-462e-9e77-e64e197c0469,c01593a3-c0bf-449f-be1e-d0b7a97d7167,028dcdfd-b509-4967-81ff-593ef33bb7ae,90,,2026-07-04T02:07:01+07:00
b707def2-4a52-4645-ade9-46150d42590b,c01593a3-c0bf-449f-be1e-d0b7a97d7167,,79,,2026-07-09T07:26:16+07:00
96a5d840-e91a-456c-a6ac-4b946ff7d113,c01593a3-c0bf-449f-be1e-d0b7a97d7167,7fd4dcb0-dc6b-4e20-86e0-79dc05bf63ce,72,,2026-07-26T00:31:40+07:00
6616bbc0-bcbc-45b5-be74-121c1415755a,9a49c1f0-c0f5-4818-967d-2e959183c374,385d7299-b7a7-4793-a42a-5185f3adf474,90,,2026-07-04T12:41:40+07:00
66ee4ffc-2da8-4a2f-9681-de27dde80a79,9a49c1f0-c0f5-4818-967d-2e959183c374,6ac69667-8033-4d4c-8a2c-fb6006a2c00e,90,,2026-07-08T04:48:34+07:00
a149252a-8cd6-48c2-b8ad-b9a2bc569397,9a49c1f0-c0f5-4818-967d-2e959183c374,2c00434b-be5e-45ee-8122-ed4c038e59ae,86,,2026-07-10T20:12:12+07:00
ab40d6d1-393f-4337-a83f-729631b31cc3,2b305bb3-13c9-41c2-a8d0-e5d7e7ed267f,52e73b62-4559-490f-bc2e-7ada5e1bb367,81,,2026-07-11T21:13:04+07:00
a4e3fce9-b133-4dc8-a099-af62db2c75a6,2b305bb3-13c9-41c2-a8d0-e5d7e7ed267f,9d3a744a-0add-4abc-9dee-e537ac062393,85,,2026-08-03T21:32:04+07:00
2ac1f60c-ed84-48d7-882a-0e1bdafda41a,03295af4-4f86-49cb-ba13-ca9489855f2e,461e2ef5-600f-436b-8b20-ff6b5e1c1561,84,,2026-07-04T23:08:52+07:00
1c185757-2da1-4732-8f9d-057f4da9eee9,03295af4-4f86-49cb-ba13-ca9489855f2e,,85,,2026-07-12T15:00:44+07:00
eb36ed4e-984e-4507-8a82-c6d6dd708569,7512ce8f-7888-4aef-92b7-597daf6fad72,f07af7a6-e284-4594-bf88-9240894b8c96,94,,2026-07-05T17:33:47+07:00
993fbfd7-e393-4f51-b736-07d2799a9158,7512ce8f-7888-4aef-92b7-597daf6fad72,1c9b4737-176c-445e-859d-330a859b0f5e,87,,2026-07-18T20:15:27+07:00
2002179b-a36c-45cb-8df6-957f384ae3e9,6ab291e2-d737-4125-b7c3-6f74e80b3cd7,3d6b328b-442b-40b7-8f09-18653f0b20a1,90,,2026-07-11T19:20:38+07:00
8321ecd8-0626-4b1f-aef8-48f6a254bd4c,6ab291e2-d737-4125-b7c3-6f74e80b3cd7,1c9b4737-176c-445e-859d-330a859b0f5e,87,,2026-07-12T21:03:09+07:00
ea40833e-ae94-4ebe-9805-b85d25d75929,6ab291e2-d737-4125-b7c3-6f74e80b3cd7,88be6602-74af-4f89-b7fa-596e620aa8e4,96,,2026-07-23T04:24:37+07:00
da425ebc-6b98-4c0a-8ed8-b73929f18d3e,4a082802-24d7-40f1-989f-59e33c9749ba,2c00434b-be5e-45ee-8122-ed4c038e59ae,85,,2026-07-06T18:03:02+07:00
56838c28-cd11-48e7-a57d-a1d829309793,4a082802-24d7-40f1-989f-59e33c9749ba,ec2e17a2-948e-44b3-915f-caa14df50aa9,80,,2026-08-07T14:55:46+07:00
67c4c17f-a3bf-4693-b948-46d597ae4b23,2b771385-e6d2-4f28-abba-741e05909917,,83,,2026-07-12T05:24:14+07:00
2d6b8ff1-7928-4275-95b3-8dbaac07c0ee,2b771385-e6d2-4f28-abba-741e05909917,edb26a70-31be-4abe-8303-15f94d51175b,91,,2026-07-18T05:25:43+07:00
342a62da-0d64-4996-9c26-0c0c10ffe41e,50612791-616e-43e0-b543-5361e376fb5c,52e73b62-4559-490f-bc2e-7ada5e1bb367,84,,2026-07-04T17:46:44+07:00
b67b2e2b-cc58-429b-b8b5-ef2beb135836,50612791-616e-43e0-b543-5361e376fb5c,61345fcc-db36-431c-b4cb-70b3963078a8,93,,2026-07-10T19:01:49+07:00
e6e29b9d-5891-471e-ae63-14fca16162e5,50612791-616e-43e0-b543-5361e376fb5c,ba952af1-6fd5-49fe-ba55-bdc465f95ca2,91,,2026-07-10T20:32:29+07:00
a68a3532-557a-45ad-9707-9a4719ab1272,50612791-616e-43e0-b543-5361e376fb5c,385d7299-b7a7-4793-a42a-5185f3adf474,92,,2026-07-14T10:45:09+07:00
79f63923-77ab-4010-a71e-b7038cd7b229,50612791-616e-43e0-b543-5361e376fb5c,028dcdfd-b509-4967-81ff-593ef33bb7ae,93,,2026-07-26T09:42:55+07:00
a70598d3-5dbb-4217-92f9-d828dc06bee9,50612791-616e-43e0-b543-5361e376fb5c,ec2e17a2-948e-44b3-915f-caa14df50aa9,82,,2026-07-28T14:30:52+07:00
0856dcb8-5862-4621-8e9a-b9f7230d8b60,50612791-616e-43e0-b543-5361e376fb5c,73832518-b9b2-4f5a-bff7-cd820a5da9c8,90,,2026-08-01T03:22:38+07:00
019b8a57-6f5e-40ec-9477-bd6d7af7fb1f,50612791-616e-43e0-b543-5361e376fb5c,1b18c38d-637d-4ecd-a2a1-77ed14d655bb,91,,2026-08-05T02:51:43+07:00
ad044ad4-9b8d-45f5-a4e2-08dcc3b1a909,50612791-616e-43e0-b543-5361e376fb5c,b405bb76-c190-4857-97dd-8ee547b0c179,86,,2026-08-05T17:14:52+07:00
616d17e9-fd0f-451e-9565-f5fbe9e9895d,50612791-616e-43e0-b543-5361e376fb5c,7fd4dcb0-dc6b-4e20-86e0-79dc05bf63ce,92,,2026-08-11T18:19:30+07:00
0553ee53-9426-45e5-8e78-e23e1e3d04ed,b65d6136-4d26-4eaa-bd14-030838d0fdab,506eaccd-4997-418d-8a64-a67ed9a58eaa,90,,2026-07-08T05:55:02+07:00
ad4900e8-8ddc-4ff9-bb22-55872fa5c5fb,b65d6136-4d26-4eaa-bd14-030838d0fdab,028dcdfd-b509-4967-81ff-593ef33bb7ae,90,,2026-07-08T06:00:28+07:00
bf7fa628-984b-4bd9-8ac6-059a0bdcf187,b65d6136-4d26-4eaa-bd14-030838d0fdab,f07af7a6-e284-4594-bf88-9240894b8c96,86,,2026-07-14T05:26:26+07:00
74388352-5b32-4ed4-acfd-3370d81ba4e5,8c56833b-431a-4758-a59a-918ed4f9a794,ba952af1-6fd5-49fe-ba55-bdc465f95ca2,88,,2026-07-08T09:17:45+07:00
7288c693-9ce6-4571-b67d-e1a6d348717c,8c56833b-431a-4758-a59a-918ed4f9a794,028dcdfd-b509-4967-81ff-593ef33bb7ae,83,,2026-07-09T10:36:37+07:00
a6c208ee-4b7c-4925-b356-5bbc2ef7e28d,4b8e5f8b-ddc7-4927-b6f6-01d316ac1b13,1b920a71-baaf-4adc-94e8-cd83874a8d54,99,,2026-07-13T12:36:51+07:00
14f569fd-a3ab-44e8-9d19-bdcc1331be5d,4b8e5f8b-ddc7-4927-b6f6-01d316ac1b13,506eaccd-4997-418d-8a64-a67ed9a58eaa,85,,2026-07-16T10:40:17+07:00
e621768d-1328-4fd5-a627-03fcbcff5bcf,4b8e5f8b-ddc7-4927-b6f6-01d316ac1b13,49ee8f81-45d9-4cdc-83e5-abf8f1539d56,89,,2026-07-31T02:01:46+07:00
6221eabb-4942-4408-ba33-dd315a2facad,65451c64-b970-4538-a5d9-b1450649ba9a,46d4a03e-c262-49ec-8695-987a04d7dc4b,96,,2026-07-07T01:54:31+07:00
8ef26588-39bf-4b91-ae4a-613f33c48975,65451c64-b970-4538-a5d9-b1450649ba9a,1b18c38d-637d-4ecd-a2a1-77ed14d655bb,94,,2026-07-07T02:20:41+07:00
92b6f8e5-8f61-4071-a79f-fcda9f6a26fe,10e94200-5e8b-4640-804c-5319b2b31349,88be6602-74af-4f89-b7fa-596e620aa8e4,76,,2026-07-06T14:20:34+07:00
5ca52f2b-af5a-44a3-a481-5bb906834089,10e94200-5e8b-4640-804c-5319b2b31349,49ee8f81-45d9-4cdc-83e5-abf8f1539d56,85,,2026-07-13T04:00:52+07:00
ed11a747-b30d-4c42-8180-cd4189aa54da,10e94200-5e8b-4640-804c-5319b2b31349,7fd4dcb0-dc6b-4e20-86e0-79dc05bf63ce,80,,2026-08-01T10:47:54+07:00
5c6704da-0fc9-42eb-aa3f-c90c242fd698,01ca10dc-839f-45d3-828d-746b3dc8394e,4227322f-3efc-4249-9c82-bbd652717878,79,,2026-07-09T13:32:34+07:00
b593b3b5-d71b-49f1-8e4f-3dbf0e9a20bc,01ca10dc-839f-45d3-828d-746b3dc8394e,f1eb7eeb-a8ef-4cb0-a886-09d74d3af598,85,,2026-07-14T06:57:26+07:00
8a77a92a-80fe-46ed-8ea9-2dde9b80e657,8d506a9d-40b6-46ad-a58b-aec313000d67,1b18c38d-637d-4ecd-a2a1-77ed14d655bb,85,,2026-07-10T23:46:58+07:00
64e5391c-9751-4e13-b509-c227ed578934,8d506a9d-40b6-46ad-a58b-aec313000d67,88be6602-74af-4f89-b7fa-596e620aa8e4,83,,2026-07-28T16:20:04+07:00
2a4ea884-c870-4884-b4a0-754c285fa043,8d506a9d-40b6-46ad-a58b-aec313000d67,6ac69667-8033-4d4c-8a2c-fb6006a2c00e,83,,2026-08-09T11:58:42+07:00
55ca6a4d-6779-416a-8545-af9320474b91,3ec8b90a-f6b2-4697-b47f-b41fa0723676,3d6b328b-442b-40b7-8f09-18653f0b20a1,93,,2026-07-17T17:26:45+07:00
fe74056c-61e4-4ff1-a405-1c383b0fb391,ed751fb3-431b-4832-84af-0361e5b2021f,edb26a70-31be-4abe-8303-15f94d51175b,96,,2026-07-06T17:11:13+07:00
6afb902f-b20b-4dd5-82c8-619b6e1ef246,ed751fb3-431b-4832-84af-0361e5b2021f,49ee8f81-45d9-4cdc-83e5-abf8f1539d56,85,,2026-07-13T00:35:56+07:00
1e3f3e0f-f91f-4a36-af3b-9bab2aec134b,ed751fb3-431b-4832-84af-0361e5b2021f,49ee8f81-45d9-4cdc-83e5-abf8f1539d56,93,,2026-07-14T21:41:56+07:00
3afb5d62-1de0-4119-a3a2-5766611cc2f1,ed751fb3-431b-4832-84af-0361e5b2021f,52e73b62-4559-490f-bc2e-7ada5e1bb367,93,,2026-07-15T04:12:18+07:00
adb5f6e1-6d94-4b3d-8ae7-fa1f7edfa6c8,ed751fb3-431b-4832-84af-0361e5b2021f,ba952af1-6fd5-49fe-ba55-bdc465f95ca2,83,,2026-07-21T02:06:35+07:00
16496cfe-80fb-4f98-a5f4-08ff193fa762,ed751fb3-431b-4832-84af-0361e5b2021f,6ac69667-8033-4d4c-8a2c-fb6006a2c00e,87,,2026-07-30T19:16:23+07:00
001c9a19-4c7b-468b-940d-26584fb564ee,ed751fb3-431b-4832-84af-0361e5b2021f,52e73b62-4559-490f-bc2e-7ada5e1bb367,93,,2026-08-04T14:26:54+07:00
3ec558d2-e57e-452d-a059-9db4c043c4ef,3dec84cc-5819-46eb-883d-c035533292df,,83,,2026-07-09T05:28:34+07:00
ee6f1883-9148-4371-98fe-ffe2d82d4836,3dec84cc-5819-46eb-883d-c035533292df,fcd40acc-4f8f-45c8-82df-e9d0f8206796,96,,2026-07-16T23:16:07+07:00
507c8014-f835-497e-8579-242f6f575d6a,dea54839-2f73-4ee6-8954-9881fb7052d4,46d4a03e-c262-49ec-8695-987a04d7dc4b,87,,2026-07-07T12:41:57+07:00
b656b27c-0ba5-4617-988c-83a1ba52cfc7,dea54839-2f73-4ee6-8954-9881fb7052d4,f1eb7eeb-a8ef-4cb0-a886-09d74d3af598,86,,2026-07-10T21:01:23+07:00
46c822d4-d462-4fc3-867f-338c077bb367,93f53edf-4472-4ad9-9375-f6725f4ef187,385d7299-b7a7-4793-a42a-5185f3adf474,90,,2026-07-07T07:15:34+07:00
24cf3671-6fd0-4a38-8aea-c4c8ff16cf10,13d73f73-11df-4485-8f35-043bf936f650,61345fcc-db36-431c-b4cb-70b3963078a8,92,,2026-07-10T08:47:08+07:00
7cd47523-6daa-477d-bda5-5c5cffb272c7,13d73f73-11df-4485-8f35-043bf936f650,52e73b62-4559-490f-bc2e-7ada5e1bb367,82,,2026-07-12T19:58:35+07:00
b5643e4d-442e-49b8-8f2d-56cef50b337b,4e1a8a33-a98c-46e6-ac7c-bb6c58fb1cae,83d2e570-56ce-4981-937c-fd58fd390509,87,,2026-07-07T08:40:41+07:00
0b44d542-4a8f-442d-94a5-f70e6b510e2d,4e1a8a33-a98c-46e6-ac7c-bb6c58fb1cae,385d7299-b7a7-4793-a42a-5185f3adf474,84,,2026-07-12T11:54:02+07:00
51daa3c9-be7b-4ae7-900a-f446c9ada528,b6f21e1f-43fa-42ba-80f6-20ec52459614,49ee8f81-45d9-4cdc-83e5-abf8f1539d56,94,,2026-07-08T01:17:49+07:00
8360ec2d-331b-42ab-8f7a-b290ab3d039d,b6f21e1f-43fa-42ba-80f6-20ec52459614,52e73b62-4559-490f-bc2e-7ada5e1bb367,90,,2026-07-09T03:01:41+07:00
43713bd2-f67f-4bff-a738-c0a36575c262,b6f21e1f-43fa-42ba-80f6-20ec52459614,edb26a70-31be-4abe-8303-15f94d51175b,85,,2026-07-28T00:16:09+07:00
de9179f7-7f3f-4069-bd2b-7e44b3b1afa6,c48217c2-287b-4824-a10f-91c0745c374d,,93,,2026-07-17T01:39:59+07:00
d85a3b1a-3ca0-46a1-8756-9030c3ec98f3,273ba9a8-c743-46fc-a319-a05e0e7f73e1,88be6602-74af-4f89-b7fa-596e620aa8e4,82,,2026-07-14T21:28:27+07:00
ee460bfa-cacf-44cf-ba07-70f3c8dfbf4f,273ba9a8-c743-46fc-a319-a05e0e7f73e1,1b920a71-baaf-4adc-94e8-cd83874a8d54,94,,2026-07-25T20:50:37+07:00
143af4ef-81c0-42f8-a7c7-3c57fae05757,72d5faf3-3164-49a9-b872-c6c84b8cbf3d,edb26a70-31be-4abe-8303-15f94d51175b,86,,2026-07-09T13:14:50+07:00
003f1cef-e340-4ca4-accf-a2f9232f593c,72d5faf3-3164-49a9-b872-c6c84b8cbf3d,028dcdfd-b509-4967-81ff-593ef33bb7ae,99,,2026-07-09T16:23:18+07:00
662545f3-c928-4137-bc61-ab7de95d949b,72d5faf3-3164-49a9-b872-c6c84b8cbf3d,1b18c38d-637d-4ecd-a2a1-77ed14d655bb,92,,2026-07-18T14:39:38+07:00
4b276501-6636-4563-bc34-423389e8fdd4,1a1b9305-ac3e-4ac5-9b71-451dcca1e8d1,fcd40acc-4f8f-45c8-82df-e9d0f8206796,98,,2026-07-09T03:04:04+07:00
50f4239f-8d8a-4e8f-ba0b-4984968e0bc0,1a1b9305-ac3e-4ac5-9b71-451dcca1e8d1,edb26a70-31be-4abe-8303-15f94d51175b,88,,2026-07-21T10:14:48+07:00
b99c8a67-7163-4bec-af2c-fc55fd616ff5,1a1b9305-ac3e-4ac5-9b71-451dcca1e8d1,f1eb7eeb-a8ef-4cb0-a886-09d74d3af598,91,,2026-07-29T23:12:52+07:00
9aeaab9f-6557-487e-aae4-b56dc06cdaa4,1a1b9305-ac3e-4ac5-9b71-451dcca1e8d1,,98,,2026-08-16T07:28:31+07:00
bee3cdb9-a0e8-4a78-985c-37b79a6fcffd,26f1745f-4caa-45d0-b6a4-7bc7e0d9e58c,,86,,2026-07-07T05:27:56+07:00
391b4a7d-8d54-4fc7-ac13-23f317804b70,26f1745f-4caa-45d0-b6a4-7bc7e0d9e58c,,85,,2026-07-20T17:12:53+07:00
dda5509a-ad54-4390-93b8-0694f2c92580,20b99c7e-6970-46a2-999e-1bcb69fecfdc,88be6602-74af-4f89-b7fa-596e620aa8e4,87,,2026-07-11T09:16:55+07:00
b2e0dd38-e193-4016-9df0-923c065bf997,20b99c7e-6970-46a2-999e-1bcb69fecfdc,10d05c09-bdb2-4253-8e44-856ad5336f34,84,,2026-08-09T12:46:55+07:00
93143a10-367d-455d-8edf-76094181e017,a60bb39f-2635-4d0a-82f7-3d94e4e3a2be,,95,,2026-07-07T07:30:46+07:00
487c30e5-8923-44dd-bee0-2816bc020f47,a60bb39f-2635-4d0a-82f7-3d94e4e3a2be,f1eb7eeb-a8ef-4cb0-a886-09d74d3af598,84,,2026-07-07T08:27:15+07:00
aaec8383-ddce-41d1-97a2-86396bee2865,a60bb39f-2635-4d0a-82f7-3d94e4e3a2be,ba952af1-6fd5-49fe-ba55-bdc465f95ca2,92,,2026-07-15T20:01:23+07:00
6e218f3a-53d7-4a3f-8343-c32826bc6b1d,a60bb39f-2635-4d0a-82f7-3d94e4e3a2be,028dcdfd-b509-4967-81ff-593ef33bb7ae,92,,2026-07-16T23:58:51+07:00
aa199e89-125f-4c75-8036-b952c284c692,f3a0bb02-8b06-437e-abdd-2a7bc655df6c,f07af7a6-e284-4594-bf88-9240894b8c96,93,,2026-07-07T09:38:42+07:00
8ff2f881-0ebf-4dda-b991-2dbf9a8263af,f3a0bb02-8b06-437e-abdd-2a7bc655df6c,ba952af1-6fd5-49fe-ba55-bdc465f95ca2,86,,2026-07-10T16:08:34+07:00
dcb14cbf-8332-4ca5-aecf-d8097aa1ab7d,f3a0bb02-8b06-437e-abdd-2a7bc655df6c,4227322f-3efc-4249-9c82-bbd652717878,83,,2026-07-24T12:53:11+07:00
8cab3932-9eb7-4e5c-b025-f01501766137,cb41c8b3-16c5-4857-ad63-4e446d8c8c19,2c00434b-be5e-45ee-8122-ed4c038e59ae,83,,2026-07-08T09:43:31+07:00
bcdd2d05-39bc-4c58-b89e-a79d06177c60,cb41c8b3-16c5-4857-ad63-4e446d8c8c19,61345fcc-db36-431c-b4cb-70b3963078a8,84,,2026-08-13T17:03:16+07:00
d84705cd-416d-44c8-bdb8-431e155360f0,82ceec81-0543-44fe-87dc-d4e37eb4e0bd,ba952af1-6fd5-49fe-ba55-bdc465f95ca2,92,,2026-07-09T13:05:20+07:00
7aaed4f9-ca68-48fe-b797-2f9160a4041a,82ceec81-0543-44fe-87dc-d4e37eb4e0bd,f07af7a6-e284-4594-bf88-9240894b8c96,91,,2026-07-13T01:07:52+07:00
027afc8e-6ba8-4b66-87b2-ce053a804eed,82ceec81-0543-44fe-87dc-d4e37eb4e0bd,46d4a03e-c262-49ec-8695-987a04d7dc4b,89,,2026-07-17T23:09:03+07:00
1fc290bb-dda8-4000-a85d-ec6e18d7b0d3,5cef50c6-05e8-4ff1-8717-a78f87ebe0c0,028dcdfd-b509-4967-81ff-593ef33bb7ae,79,,2026-07-09T09:24:38+07:00
f2022424-f0a5-419a-9d90-be3fc46bc5a6,5cef50c6-05e8-4ff1-8717-a78f87ebe0c0,46d4a03e-c262-49ec-8695-987a04d7dc4b,95,,2026-07-09T17:58:41+07:00
ea06172e-e692-4056-bfcd-3c3950a29981,81975b14-b750-4b63-8e21-27685f8254b4,461e2ef5-600f-436b-8b20-ff6b5e1c1561,83,,2026-07-11T12:34:27+07:00
ec348ebd-793b-47b3-b3ec-323cc87a67f2,81975b14-b750-4b63-8e21-27685f8254b4,1c9b4737-176c-445e-859d-330a859b0f5e,84,,2026-07-24T13:34:58+07:00
f25e8b98-6ea6-4e82-a5aa-ff581c7c8bb6,81975b14-b750-4b63-8e21-27685f8254b4,3d6b328b-442b-40b7-8f09-18653f0b20a1,83,,2026-07-25T03:00:14+07:00
ed0ccf35-0a18-4c48-968a-8e1feaa564d2,a5a2da4e-3354-4e44-a3c6-d98efc901598,49ee8f81-45d9-4cdc-83e5-abf8f1539d56,84,,2026-07-09T04:41:20+07:00
527d9f20-ab36-44c6-a052-5f9cba497941,a5a2da4e-3354-4e44-a3c6-d98efc901598,ec2e17a2-948e-44b3-915f-caa14df50aa9,93,,2026-07-24T11:47:16+07:00
1f7009fd-ed60-4e42-b56d-b6090474857e,a5a2da4e-3354-4e44-a3c6-d98efc901598,506eaccd-4997-418d-8a64-a67ed9a58eaa,80,,2026-08-03T20:58:20+07:00
d641b67b-0470-4286-9890-427a0d6d1acf,3ab5759c-6d77-4de1-a4aa-f9e5ab270273,3d6b328b-442b-40b7-8f09-18653f0b20a1,84,,2026-07-08T17:31:50+07:00
ff8984b9-b07f-4ac7-9146-350afbc74440,3ab5759c-6d77-4de1-a4aa-f9e5ab270273,ba952af1-6fd5-49fe-ba55-bdc465f95ca2,84,,2026-07-10T05:42:20+07:00
7b672611-0d74-4da1-b0a1-a7635db18b26,3ab5759c-6d77-4de1-a4aa-f9e5ab270273,edb26a70-31be-4abe-8303-15f94d51175b,90,,2026-07-12T21:28:24+07:00
0db453db-56ff-4c66-801a-0078d76cfdee,688cfb8b-68cc-4f80-9f0f-e2072153da65,,91,,2026-07-13T08:04:53+07:00
e499c86f-5de7-44df-abc3-39bfd5452892,688cfb8b-68cc-4f80-9f0f-e2072153da65,,87,,2026-07-16T20:31:28+07:00
02c5c0a6-c8a3-4e0d-99be-e6547979f680,aafb20df-922c-4273-aec2-f4bffb1c6b50,7fd4dcb0-dc6b-4e20-86e0-79dc05bf63ce,89,,2026-07-09T03:19:54+07:00
68b00eb2-95b7-41c3-bd26-54109db1c6a0,aafb20df-922c-4273-aec2-f4bffb1c6b50,b405bb76-c190-4857-97dd-8ee547b0c179,94,,2026-07-11T23:53:46+07:00
555f1c45-6a88-4b19-8661-3c4e80c45efd,aafb20df-922c-4273-aec2-f4bffb1c6b50,a12b0378-6739-4162-9eba-0b93ccfdfff0,97,,2026-07-22T11:48:50+07:00
010f6521-2275-478b-99aa-9e6f7ce29a5a,ee572dd1-06b4-41ad-b7c1-634ccc0370ac,1c9b4737-176c-445e-859d-330a859b0f5e,91,,2026-07-11T17:52:52+07:00
06438d63-d428-4111-bd15-3e9c4a5aa896,ee572dd1-06b4-41ad-b7c1-634ccc0370ac,b405bb76-c190-4857-97dd-8ee547b0c179,87,,2026-07-21T00:06:32+07:00
e8ea0021-0efd-4049-98f8-6e80da7945e1,ee572dd1-06b4-41ad-b7c1-634ccc0370ac,f07af7a6-e284-4594-bf88-9240894b8c96,90,,2026-07-21T11:48:47+07:00
295f786c-6e22-4628-ad7f-cc54f103ae68,66d87996-fc05-410b-96f9-9e0035a42f45,10d05c09-bdb2-4253-8e44-856ad5336f34,86,,2026-07-09T15:31:44+07:00
d9e72681-bd76-42cf-b98f-edc759224611,66d87996-fc05-410b-96f9-9e0035a42f45,83d2e570-56ce-4981-937c-fd58fd390509,78,,2026-07-10T04:51:39+07:00
a1825fcd-8e78-4ca5-bdc2-fd74581b4072,66d87996-fc05-410b-96f9-9e0035a42f45,f1eb7eeb-a8ef-4cb0-a886-09d74d3af598,89,,2026-07-11T20:24:47+07:00
b0cffb69-8392-4993-82ec-b4a514a4697a,cc839b0a-9df9-4b7f-bbb8-1720a65e0142,,94,,2026-07-15T01:11:36+07:00
973d0114-6c5c-43ff-a9c0-627102dcf5e1,cc839b0a-9df9-4b7f-bbb8-1720a65e0142,ec2e17a2-948e-44b3-915f-caa14df50aa9,83,,2026-07-19T09:20:22+07:00
039e88bb-3efc-48f3-82bf-e4e5d439235a,28fda0f4-0eef-496e-8177-d08271c21fba,028dcdfd-b509-4967-81ff-593ef33bb7ae,84,,2026-07-09T08:09:05+07:00
bf6b1803-7a19-460c-90af-39f6d151493d,28fda0f4-0eef-496e-8177-d08271c21fba,f07af7a6-e284-4594-bf88-9240894b8c96,86,,2026-07-18T04:17:23+07:00
390c8496-d7c4-42d8-8e5d-793ad1622df4,28fda0f4-0eef-496e-8177-d08271c21fba,52e73b62-4559-490f-bc2e-7ada5e1bb367,80,,2026-07-19T13:06:13+07:00
f8820f09-b116-40f8-955a-cf54a98aa5b4,28fda0f4-0eef-496e-8177-d08271c21fba,028dcdfd-b509-4967-81ff-593ef33bb7ae,85,,2026-07-22T14:04:07+07:00
03f9b417-9fd5-4e2e-a9f7-0509eb78e753,70eff0ff-e8d2-4c8c-b58b-29e95f6ca8e4,7fd4dcb0-dc6b-4e20-86e0-79dc05bf63ce,94,,2026-07-14T02:51:13+07:00
f19f8923-e35b-41f3-bd44-625b4263f569,70eff0ff-e8d2-4c8c-b58b-29e95f6ca8e4,1b920a71-baaf-4adc-94e8-cd83874a8d54,89,,2026-07-29T15:35:33+07:00
ab1f8a8f-1d13-4157-8e3f-5028c30c083c,ed4bc330-b09e-4a90-940c-36fdff68dca0,385d7299-b7a7-4793-a42a-5185f3adf474,93,,2026-07-09T19:03:33+07:00
559b935d-dc94-4dfa-8ba9-4f2be49b0e90,ed4bc330-b09e-4a90-940c-36fdff68dca0,6ac69667-8033-4d4c-8a2c-fb6006a2c00e,99,,2026-07-18T11:50:54+07:00
cfc92fe6-89b8-44a6-936f-1c8721bacdcd,c9e25ae0-a9bb-47ea-b129-8901f9ccc307,fcd40acc-4f8f-45c8-82df-e9d0f8206796,98,,2026-07-13T00:08:10+07:00
c3d8abb5-b2b7-4f39-bbb0-725bdc734c2a,c9e25ae0-a9bb-47ea-b129-8901f9ccc307,,87,,2026-07-17T01:27:41+07:00
071b90ea-98f6-4bad-a916-7d12ab818d70,c9e25ae0-a9bb-47ea-b129-8901f9ccc307,7fd4dcb0-dc6b-4e20-86e0-79dc05bf63ce,88,,2026-07-21T12:35:48+07:00
ae3bea5c-8706-424c-8b3d-31aae9249940,c16aec7e-87c3-4e11-9868-3bb2ca7b2b97,,78,,2026-07-14T12:56:44+07:00
51bbdde5-50e3-40c6-bef3-7daeadfcbd78,c16aec7e-87c3-4e11-9868-3bb2ca7b2b97,1c9b4737-176c-445e-859d-330a859b0f5e,85,,2026-07-26T18:10:01+07:00
b74ba1be-803c-4267-bbaf-86a0611e6c11,5fb773e0-bbd6-4541-bf17-651abfeeb9b8,f1eb7eeb-a8ef-4cb0-a886-09d74d3af598,84,,2026-07-15T12:29:24+07:00
e3e0d102-d88e-408b-bfb2-2faec09eb759,5fb773e0-bbd6-4541-bf17-651abfeeb9b8,,87,,2026-07-18T21:12:37+07:00
9caea649-c687-4c5c-a99b-b8b51b11145a,aeab102c-7bd3-4eec-9018-5e4de59d9037,52e73b62-4559-490f-bc2e-7ada5e1bb367,81,,2026-07-09T13:29:43+07:00
b71e6347-32b7-497e-9dc4-4c7a7a357d68,3af23cae-7f7e-4da4-b0de-29cafbdc0f36,,84,,2026-07-10T02:12:03+07:00
c11f45f4-f16d-41d3-b2fa-5b0957b10a0f,3af23cae-7f7e-4da4-b0de-29cafbdc0f36,3d6b328b-442b-40b7-8f09-18653f0b20a1,93,,2026-07-15T04:55:50+07:00
6448a66a-f26b-4018-aacf-07ae85fb6518,3af23cae-7f7e-4da4-b0de-29cafbdc0f36,,90,,2026-07-17T10:33:59+07:00
2e87bbfb-7b1b-4955-befb-a8a77f98b15a,3af23cae-7f7e-4da4-b0de-29cafbdc0f36,61345fcc-db36-431c-b4cb-70b3963078a8,92,,2026-07-18T17:49:57+07:00
8c15d82c-0279-42d9-9668-0523f515421d,3af23cae-7f7e-4da4-b0de-29cafbdc0f36,46d4a03e-c262-49ec-8695-987a04d7dc4b,88,,2026-07-26T12:47:23+07:00
f61725a1-d8e5-4993-9fe4-9f6c0c451bc2,3af23cae-7f7e-4da4-b0de-29cafbdc0f36,4227322f-3efc-4249-9c82-bbd652717878,84,,2026-07-29T18:21:17+07:00
d3c123f8-21bd-4653-8ebb-340be1cc0af8,3af23cae-7f7e-4da4-b0de-29cafbdc0f36,83d2e570-56ce-4981-937c-fd58fd390509,90,,2026-08-09T01:23:18+07:00
79bde313-fdcb-40f8-8488-a1a11d204bc4,027e8bb9-483c-4775-94a8-07434b880e9c,edb26a70-31be-4abe-8303-15f94d51175b,83,,2026-07-10T19:04:24+07:00
d6c376b2-690a-45bd-9ef9-2d4d57050845,027e8bb9-483c-4775-94a8-07434b880e9c,ba952af1-6fd5-49fe-ba55-bdc465f95ca2,94,,2026-07-30T00:16:11+07:00
37ce4d44-4833-45c5-b4f9-aceb19b8b3aa,45c907e4-5449-47c9-8d68-8381ffa99d35,73832518-b9b2-4f5a-bff7-cd820a5da9c8,83,,2026-07-12T00:30:31+07:00
ebedc35c-cf5a-48d0-b893-03d4e05bf101,45c907e4-5449-47c9-8d68-8381ffa99d35,a12b0378-6739-4162-9eba-0b93ccfdfff0,81,,2026-07-14T04:48:21+07:00
5df74485-9ba2-4928-a342-16f2d00c88b6,45c907e4-5449-47c9-8d68-8381ffa99d35,,79,,2026-07-22T08:36:04+07:00
2a763413-e493-4261-998a-21495c4c254c,68770c63-02c3-4ae3-9081-3d0d507375d0,1427b036-c60b-4c81-a3c6-d573dda80136,84,,2026-07-09T14:08:45+07:00
6dbfcfd1-2660-4bea-9630-7ee9aa047201,68770c63-02c3-4ae3-9081-3d0d507375d0,028dcdfd-b509-4967-81ff-593ef33bb7ae,93,,2026-07-11T01:44:43+07:00
1ff086b9-5b7a-4a6d-b26f-b42360570214,68770c63-02c3-4ae3-9081-3d0d507375d0,506eaccd-4997-418d-8a64-a67ed9a58eaa,88,,2026-07-12T19:49:38+07:00
8e42739c-8db7-44ba-a160-8999dbc13bbe,68770c63-02c3-4ae3-9081-3d0d507375d0,3d6b328b-442b-40b7-8f09-18653f0b20a1,88,,2026-07-12T21:59:34+07:00
6c946587-db84-4b8f-84b1-d09bd6dd04b3,68770c63-02c3-4ae3-9081-3d0d507375d0,83d2e570-56ce-4981-937c-fd58fd390509,85,,2026-07-16T07:30:27+07:00
61b6c247-fb8d-4d3a-bd3b-80e765687873,c68f8ff5-f6b0-4a54-b34f-17e6f4e26278,506eaccd-4997-418d-8a64-a67ed9a58eaa,99,,2026-07-11T18:23:13+07:00
159246f3-4a09-4f5a-88f7-1cc5d491090b,c68f8ff5-f6b0-4a54-b34f-17e6f4e26278,1b920a71-baaf-4adc-94e8-cd83874a8d54,84,,2026-07-13T03:18:07+07:00
a6481375-571a-4f38-81f0-5b99d10999e3,c68f8ff5-f6b0-4a54-b34f-17e6f4e26278,edb26a70-31be-4abe-8303-15f94d51175b,90,,2026-07-24T07:35:25+07:00
2dfe02ff-322b-4239-9d9d-7a7a16b8cb6b,cb58e4cc-ea2c-46ba-b22b-ae4121e8a616,4227322f-3efc-4249-9c82-bbd652717878,92,,2026-07-12T08:50:49+07:00
3acbd335-5c35-4bc2-b44e-49968e7e970a,cb58e4cc-ea2c-46ba-b22b-ae4121e8a616,028dcdfd-b509-4967-81ff-593ef33bb7ae,94,,2026-07-12T13:41:37+07:00
3468762e-2ded-41a7-84f4-f3fb27a848f3,cb58e4cc-ea2c-46ba-b22b-ae4121e8a616,edb26a70-31be-4abe-8303-15f94d51175b,84,,2026-07-20T19:25:15+07:00
f4d73ab4-bf27-43c2-b211-4816768b8f4b,fdaf9099-af50-4c7b-85fc-ba5a52bc4ef8,fcd40acc-4f8f-45c8-82df-e9d0f8206796,89,,2026-07-13T20:02:28+07:00
b338582e-228e-467a-b55e-a897b9f4eadb,fdaf9099-af50-4c7b-85fc-ba5a52bc4ef8,,85,,2026-07-17T16:47:16+07:00
6cd9907b-6507-421a-bc43-4b2ded55bcdd,fdaf9099-af50-4c7b-85fc-ba5a52bc4ef8,,84,,2026-07-28T10:44:48+07:00
98fb647a-ccb3-457e-8e38-4ad2d1c4b684,fdaf9099-af50-4c7b-85fc-ba5a52bc4ef8,028dcdfd-b509-4967-81ff-593ef33bb7ae,90,,2026-08-11T04:11:23+07:00
3f3dcb9e-084c-497f-a297-c91fa790bba7,52869c06-0027-4168-955e-4012eed61325,6ac69667-8033-4d4c-8a2c-fb6006a2c00e,94,,2026-07-10T05:30:57+07:00
43fb361b-2726-4cca-8958-17440f1c9b6a,52869c06-0027-4168-955e-4012eed61325,a12b0378-6739-4162-9eba-0b93ccfdfff0,93,,2026-07-13T07:45:56+07:00
3410f5a4-55a9-44e2-852a-5952fc387148,52869c06-0027-4168-955e-4012eed61325,edb26a70-31be-4abe-8303-15f94d51175b,89,,2026-07-25T08:40:14+07:00
f9b88825-3eb7-4601-ba14-35feba704bff,c347445d-f956-4168-87b6-92650a737abb,83d2e570-56ce-4981-937c-fd58fd390509,89,,2026-07-13T09:36:02+07:00
9cfdf35f-033b-4202-9e4d-0ce678c753ac,c347445d-f956-4168-87b6-92650a737abb,ba952af1-6fd5-49fe-ba55-bdc465f95ca2,88,,2026-07-17T06:21:48+07:00
c87e375b-0526-42ee-b8f0-cc8be3a6f215,d6afaefb-09ad-4863-9500-1227659770e3,ec2e17a2-948e-44b3-915f-caa14df50aa9,94,,2026-07-10T17:59:56+07:00
5d9b67ea-97ac-4f31-ac8c-df94b322f444,d6afaefb-09ad-4863-9500-1227659770e3,1b18c38d-637d-4ecd-a2a1-77ed14d655bb,92,,2026-07-11T11:01:03+07:00
7316428a-5193-4578-856a-abc0e46f8771,d6afaefb-09ad-4863-9500-1227659770e3,,99,,2026-07-13T07:59:01+07:00
bcd9375c-61a2-4345-b87c-a4b677d3f3e7,d6afaefb-09ad-4863-9500-1227659770e3,ba952af1-6fd5-49fe-ba55-bdc465f95ca2,90,,2026-07-13T10:46:43+07:00
8fe57486-e747-43c8-a207-851f2c3a3bd5,d6afaefb-09ad-4863-9500-1227659770e3,b405bb76-c190-4857-97dd-8ee547b0c179,86,,2026-07-18T19:20:22+07:00
d0351c47-61d5-4216-b163-fe45be53ed15,d6afaefb-09ad-4863-9500-1227659770e3,ba952af1-6fd5-49fe-ba55-bdc465f95ca2,89,,2026-07-19T06:06:01+07:00
28c3d9a4-af14-4dde-be6a-f53e708d5bfe,d6afaefb-09ad-4863-9500-1227659770e3,,95,,2026-07-19T18:11:17+07:00
f642d850-43ee-425d-ba11-898ab9bbbcd3,d6afaefb-09ad-4863-9500-1227659770e3,a12b0378-6739-4162-9eba-0b93ccfdfff0,95,,2026-07-27T00:48:06+07:00
e5c84d05-aa61-4e86-b4d1-30d6c7b317ae,d6afaefb-09ad-4863-9500-1227659770e3,b405bb76-c190-4857-97dd-8ee547b0c179,85,,2026-08-02T04:42:15+07:00
e1c5b26f-e00d-41db-852a-c323feb527a0,d6afaefb-09ad-4863-9500-1227659770e3,1b920a71-baaf-4adc-94e8-cd83874a8d54,95,,2026-08-05T16:41:32+07:00
b9468193-aec6-43b5-9fa2-03e5910176da,5dc2c8d2-25db-4bba-9d8b-2af9d4951284,3d6b328b-442b-40b7-8f09-18653f0b20a1,90,,2026-07-12T00:36:12+07:00
bdb3559d-753e-45e8-9782-a2d4dc5b3884,5dc2c8d2-25db-4bba-9d8b-2af9d4951284,461e2ef5-600f-436b-8b20-ff6b5e1c1561,78,,2026-07-12T10:40:55+07:00
1aa09d7f-1725-4aff-8d50-b3a4d3397e22,5dc2c8d2-25db-4bba-9d8b-2af9d4951284,10d05c09-bdb2-4253-8e44-856ad5336f34,84,,2026-07-15T14:42:14+07:00
71e4b7b3-d8d1-4ec8-ad3f-b108f7367728,5dc2c8d2-25db-4bba-9d8b-2af9d4951284,385d7299-b7a7-4793-a42a-5185f3adf474,85,,2026-07-19T00:39:58+07:00
f5e2be65-8150-40e3-9248-e08e7862d8e5,90dbde3b-183b-4023-a89f-b7af1b9599a3,506eaccd-4997-418d-8a64-a67ed9a58eaa,89,,2026-07-12T11:17:59+07:00
065e3371-3dd0-42b2-a0bd-4c77198a56ed,90dbde3b-183b-4023-a89f-b7af1b9599a3,49ee8f81-45d9-4cdc-83e5-abf8f1539d56,88,,2026-07-13T02:23:43+07:00
cdabb24c-04a6-428c-a1d1-cd89d0c39a4d,ad52ef41-9a63-4490-94b8-796e24c1f436,385d7299-b7a7-4793-a42a-5185f3adf474,85,,2026-07-09T18:56:36+07:00
e276590d-d32f-4f41-a67a-252420c7ef85,ad52ef41-9a63-4490-94b8-796e24c1f436,461e2ef5-600f-436b-8b20-ff6b5e1c1561,89,,2026-07-12T07:46:58+07:00
e5956653-786f-4bdf-ab2e-8717510dce64,ad52ef41-9a63-4490-94b8-796e24c1f436,7fd4dcb0-dc6b-4e20-86e0-79dc05bf63ce,84,,2026-07-17T22:17:09+07:00
5a8a3714-4427-407d-8f7e-2329954e3279,ad52ef41-9a63-4490-94b8-796e24c1f436,4227322f-3efc-4249-9c82-bbd652717878,84,,2026-07-31T15:10:09+07:00
817347e5-2308-4526-85be-27ebeda233e5,27fd04d1-726d-46ee-ac10-2b3ddc686e63,f1eb7eeb-a8ef-4cb0-a886-09d74d3af598,79,,2026-07-12T02:17:39+07:00
ca97ebc6-dd76-430c-b246-1b60e13c1fae,27fd04d1-726d-46ee-ac10-2b3ddc686e63,a12b0378-6739-4162-9eba-0b93ccfdfff0,75,,2026-07-12T07:58:05+07:00
7a5900a4-8bb6-4b85-bb99-b4cb551447ee,27fd04d1-726d-46ee-ac10-2b3ddc686e63,,89,,2026-07-30T09:58:22+07:00
3f319957-6d9d-4f2a-a543-5f92ae1e7c4b,060c5ffa-8c9b-41ed-859f-8e9ee7a3b114,88be6602-74af-4f89-b7fa-596e620aa8e4,97,,2026-07-16T01:55:14+07:00
35ed86b4-0f6f-41b8-9f4f-5b1890a19a00,060c5ffa-8c9b-41ed-859f-8e9ee7a3b114,49ee8f81-45d9-4cdc-83e5-abf8f1539d56,86,,2026-07-19T16:02:27+07:00
3da4df1b-0136-40cb-bf4b-5d52ee3dac10,060c5ffa-8c9b-41ed-859f-8e9ee7a3b114,10d05c09-bdb2-4253-8e44-856ad5336f34,91,,2026-07-27T06:41:18+07:00
fc46ff65-01c1-4324-befa-0b53c0e8f789,060c5ffa-8c9b-41ed-859f-8e9ee7a3b114,83d2e570-56ce-4981-937c-fd58fd390509,94,,2026-08-08T22:23:28+07:00
24b7f2b0-29a2-4878-b8d8-db1d00e1f22f,74762a15-444e-4c66-8302-ab96965d4987,7fd4dcb0-dc6b-4e20-86e0-79dc05bf63ce,98,,2026-07-13T04:18:56+07:00
568d582d-fb67-4987-9a3c-18ae4c6951c1,18dfc497-9804-4f97-aa26-f453d709797c,028dcdfd-b509-4967-81ff-593ef33bb7ae,75,,2026-07-11T22:15:49+07:00
f7668972-461e-487f-8de5-76cd97f46e9f,18dfc497-9804-4f97-aa26-f453d709797c,a12b0378-6739-4162-9eba-0b93ccfdfff0,76,,2026-07-11T22:37:05+07:00
ab00e535-e526-4b65-b7b3-d4bbc363301d,8402b719-37c3-412a-8729-01fafea6be24,49ee8f81-45d9-4cdc-83e5-abf8f1539d56,81,,2026-07-11T19:34:17+07:00
fbaa6e06-2e88-4a53-8d3e-e75c18ffbfb4,8402b719-37c3-412a-8729-01fafea6be24,461e2ef5-600f-436b-8b20-ff6b5e1c1561,79,,2026-07-14T08:18:07+07:00
500cf972-3a56-4807-9151-78745589b7f1,8402b719-37c3-412a-8729-01fafea6be24,461e2ef5-600f-436b-8b20-ff6b5e1c1561,76,,2026-08-01T18:56:01+07:00
60e29878-037f-4b50-9930-f6384cea16a6,67a6f695-f787-4fe2-a6a4-595ae1de694c,7fd4dcb0-dc6b-4e20-86e0-79dc05bf63ce,91,,2026-07-13T12:31:00+07:00
37fe9569-1fc9-42e8-8abf-0a46e24eaf4c,67a6f695-f787-4fe2-a6a4-595ae1de694c,f1eb7eeb-a8ef-4cb0-a886-09d74d3af598,89,,2026-07-27T15:28:45+07:00
9e0bc948-69af-4506-8bb2-8a29aea19757,81a51865-5e6a-4abf-8848-c119ba5784ad,3d6b328b-442b-40b7-8f09-18653f0b20a1,84,,2026-07-11T23:38:30+07:00
9e01209f-202e-40ba-b9c2-47da68aaabbd,81a51865-5e6a-4abf-8848-c119ba5784ad,1b920a71-baaf-4adc-94e8-cd83874a8d54,90,,2026-07-16T03:54:41+07:00
141fea1a-4fe4-4b59-929c-1107c13d1124,9b9ad031-043b-440b-bd7a-7b33e0e14d49,,87,,2026-07-11T13:36:52+07:00
a0ea3c31-4d26-4153-b49b-c3b924f9452b,9b9ad031-043b-440b-bd7a-7b33e0e14d49,f1eb7eeb-a8ef-4cb0-a886-09d74d3af598,89,,2026-07-11T20:48:07+07:00
0a9d4125-cefd-420b-934f-a92567f57ed3,9b9ad031-043b-440b-bd7a-7b33e0e14d49,f1eb7eeb-a8ef-4cb0-a886-09d74d3af598,99,,2026-07-12T12:36:37+07:00
ad82bbc4-8c76-48ac-aca9-5f446f7ceb10,9b9ad031-043b-440b-bd7a-7b33e0e14d49,10d05c09-bdb2-4253-8e44-856ad5336f34,83,,2026-07-13T20:24:03+07:00
20557ab3-7119-4930-9f2b-70a76984282d,9b9ad031-043b-440b-bd7a-7b33e0e14d49,ba952af1-6fd5-49fe-ba55-bdc465f95ca2,92,,2026-07-14T12:21:14+07:00
01a2e009-5d37-413c-b450-854a18eb872c,9b9ad031-043b-440b-bd7a-7b33e0e14d49,fcd40acc-4f8f-45c8-82df-e9d0f8206796,90,,2026-07-15T08:41:21+07:00
bbfd6bf1-9e65-48a2-b4d5-2e722a7eb2f7,9b9ad031-043b-440b-bd7a-7b33e0e14d49,fcd40acc-4f8f-45c8-82df-e9d0f8206796,94,,2026-07-17T07:53:27+07:00
233f87dc-b0bf-4188-8746-db61e55f03d7,9b9ad031-043b-440b-bd7a-7b33e0e14d49,6ac69667-8033-4d4c-8a2c-fb6006a2c00e,98,,2026-07-28T15:51:57+07:00
e0357d2b-b75d-49be-b36c-57c1f384e2bb,9b9ad031-043b-440b-bd7a-7b33e0e14d49,ba952af1-6fd5-49fe-ba55-bdc465f95ca2,96,,2026-07-29T11:26:03+07:00
f936cabd-a435-416c-a901-3d8891b60dc9,2f4dd8c7-dbca-48f2-a6f2-5404be3cbd6e,506eaccd-4997-418d-8a64-a67ed9a58eaa,84,,2026-07-14T17:05:53+07:00
c823d8d6-a9fc-41ff-b23d-43a5abbb9c8a,b230e61a-5cd4-47c3-81fd-0cb55babd9fd,49ee8f81-45d9-4cdc-83e5-abf8f1539d56,85,,2026-07-11T18:17:17+07:00
6a931b0b-4b67-483c-9883-24670e2f5c1a,b230e61a-5cd4-47c3-81fd-0cb55babd9fd,1427b036-c60b-4c81-a3c6-d573dda80136,99,,2026-07-23T06:22:59+07:00
55b8904a-b1d8-48e2-98e0-4fe31ae40072,e6e8d37f-097b-473f-be59-76c3969e3b30,f1eb7eeb-a8ef-4cb0-a886-09d74d3af598,91,,2026-07-15T00:47:18+07:00
2304dda8-a79e-4e8e-a805-1f816b48d7af,b1c013da-9ba9-4be2-811a-b09c91ec7f22,b405bb76-c190-4857-97dd-8ee547b0c179,86,,2026-07-13T15:51:24+07:00
65e4fba7-1e6d-4096-8c78-3608c7c9ef31,b1c013da-9ba9-4be2-811a-b09c91ec7f22,1427b036-c60b-4c81-a3c6-d573dda80136,86,,2026-07-13T15:51:25+07:00
657aef41-3e45-43bc-8534-5778d539ff03,b1c013da-9ba9-4be2-811a-b09c91ec7f22,7fd4dcb0-dc6b-4e20-86e0-79dc05bf63ce,88,,2026-07-18T02:16:49+07:00
fe4e11bf-1aa9-4c79-aee6-7275ab01daa0,b1c013da-9ba9-4be2-811a-b09c91ec7f22,ba952af1-6fd5-49fe-ba55-bdc465f95ca2,93,,2026-08-07T10:39:53+07:00
288fd1e1-43d9-47ba-ae9f-0ac14fc10441,b1c013da-9ba9-4be2-811a-b09c91ec7f22,83d2e570-56ce-4981-937c-fd58fd390509,89,,2026-08-09T04:24:04+07:00
e8216d76-ce7a-4575-84c7-cff75748ac9d,b1c013da-9ba9-4be2-811a-b09c91ec7f22,f1eb7eeb-a8ef-4cb0-a886-09d74d3af598,99,,2026-08-13T07:20:54+07:00
f4ed6f23-b385-41c1-adee-92554e205096,b1c013da-9ba9-4be2-811a-b09c91ec7f22,,95,,2026-08-17T22:04:02+07:00
ce11868b-a5b6-4a4c-8093-973d0a3d2ddc,a8776c3e-0774-41f0-9eb8-86873bed1e73,1b920a71-baaf-4adc-94e8-cd83874a8d54,89,,2026-07-18T12:47:39+07:00
66cdcac9-d4f3-4fdf-b6e6-c8a8417d4596,a8776c3e-0774-41f0-9eb8-86873bed1e73,385d7299-b7a7-4793-a42a-5185f3adf474,84,,2026-07-27T21:37:01+07:00
4fef3eb5-7604-4a9d-89f1-048252a73006,7a9869f6-6c3e-4bc9-bb92-4aa0ddebd472,b405bb76-c190-4857-97dd-8ee547b0c179,92,,2026-07-12T04:45:15+07:00
565dda4e-ce33-429d-a130-dad024726e3f,7a9869f6-6c3e-4bc9-bb92-4aa0ddebd472,73832518-b9b2-4f5a-bff7-cd820a5da9c8,88,,2026-07-27T02:57:43+07:00
1fc4147e-efc8-4796-8fb8-22ee3fe870e4,4710697e-48a4-4a57-b2fc-426ba87191aa,1b18c38d-637d-4ecd-a2a1-77ed14d655bb,84,,2026-07-18T00:39:27+07:00
3a18ec32-13af-45d3-baae-961d976ba329,7cc2b3bf-253c-415a-811f-18819a23daed,83d2e570-56ce-4981-937c-fd58fd390509,81,,2026-07-23T02:20:26+07:00
0381d784-3d8a-4ed5-88dc-615929d5ee62,7cc2b3bf-253c-415a-811f-18819a23daed,61345fcc-db36-431c-b4cb-70b3963078a8,82,,2026-08-02T05:11:25+07:00
08132aad-d3b6-4657-aeb2-446f68b2f122,20cc9bb0-6a86-498a-9336-9280b4dbfb74,385d7299-b7a7-4793-a42a-5185f3adf474,80,,2026-07-17T10:04:53+07:00
eaa64278-211d-4d56-9bac-72bf5677343d,20cc9bb0-6a86-498a-9336-9280b4dbfb74,88be6602-74af-4f89-b7fa-596e620aa8e4,83,,2026-07-17T16:06:57+07:00
a1d967c7-2c1c-4a22-8692-b2a0b694dd4c,20cc9bb0-6a86-498a-9336-9280b4dbfb74,1c9b4737-176c-445e-859d-330a859b0f5e,84,,2026-07-19T10:30:04+07:00
f55f1962-9ebc-421b-85b2-44e693beee95,b1eaec42-03a7-4da3-b7ad-e868af3132e4,49ee8f81-45d9-4cdc-83e5-abf8f1539d56,90,,2026-07-15T13:36:59+07:00
85fa19c1-f607-435c-9d42-47bbae1d6f87,b1eaec42-03a7-4da3-b7ad-e868af3132e4,88be6602-74af-4f89-b7fa-596e620aa8e4,86,,2026-07-17T13:30:27+07:00
4c385711-0586-4c79-ba55-6c0f9725448b,b1eaec42-03a7-4da3-b7ad-e868af3132e4,ba952af1-6fd5-49fe-ba55-bdc465f95ca2,91,,2026-07-31T02:52:29+07:00
436aed58-43c8-46f6-b762-1d9212b50b31,4246a6c6-7701-42e7-ac91-14224e7b9c4d,52e73b62-4559-490f-bc2e-7ada5e1bb367,84,,2026-07-25T19:18:37+07:00
02444d71-4090-4bf5-a912-5d05095285c9,4246a6c6-7701-42e7-ac91-14224e7b9c4d,ba952af1-6fd5-49fe-ba55-bdc465f95ca2,87,,2026-08-11T17:40:21+07:00
03c8404c-86f2-4f20-a026-55357e30f203,5333c9e1-8a15-4863-83d1-59b5f2f6d6cc,ec2e17a2-948e-44b3-915f-caa14df50aa9,91,,2026-07-16T20:54:50+07:00
83445721-5825-4ecf-83ec-88b7e52f27b3,5333c9e1-8a15-4863-83d1-59b5f2f6d6cc,52dd34ca-96f4-4b5c-b960-b9886b7f2605,82,,2026-08-09T05:00:16+07:00
c1a1a187-6111-44f1-9263-70ffd64a08b4,f5b3aa8b-147e-4fcc-9e73-822474873340,6ac69667-8033-4d4c-8a2c-fb6006a2c00e,77,,2026-07-15T15:10:45+07:00
9cf5b21e-a4dd-4c77-a96d-6f29345465a7,f5b3aa8b-147e-4fcc-9e73-822474873340,52e73b62-4559-490f-bc2e-7ada5e1bb367,83,,2026-07-17T16:05:12+07:00
921ed26c-7226-4350-8ed8-b35ba183ca68,9402ba34-0d8e-4830-b03c-0d64fdc7e227,ba952af1-6fd5-49fe-ba55-bdc465f95ca2,86,,2026-07-15T03:50:14+07:00
b00ebdc3-0ce6-4d44-b56b-ab74328d62f1,9402ba34-0d8e-4830-b03c-0d64fdc7e227,9d3a744a-0add-4abc-9dee-e537ac062393,89,,2026-08-01T12:51:25+07:00
137286cb-53d8-4a8e-8bb2-161cea6f1576,590ff14b-2ce2-42a9-9e05-5db5312410af,4227322f-3efc-4249-9c82-bbd652717878,89,,2026-07-14T19:02:00+07:00
e22d074a-a545-47f6-a6c6-31ef9199a6ab,2098df41-2a6f-493a-b287-0396a03751ed,4227322f-3efc-4249-9c82-bbd652717878,85,,2026-07-16T20:14:42+07:00
4fc9f964-1f4b-47ce-bd89-6cd7c4b282b4,2098df41-2a6f-493a-b287-0396a03751ed,1b18c38d-637d-4ecd-a2a1-77ed14d655bb,88,,2026-07-23T09:17:57+07:00
838243a3-8a27-4ac2-9826-6744168924c8,08e25e1f-dba8-45fa-b031-09f0c5cb20ca,1b18c38d-637d-4ecd-a2a1-77ed14d655bb,84,,2026-07-16T15:31:58+07:00
50400398-6d17-4382-847f-c70f87e69223,08e25e1f-dba8-45fa-b031-09f0c5cb20ca,f07af7a6-e284-4594-bf88-9240894b8c96,97,,2026-07-24T14:46:11+07:00
4b68ac37-ce47-4bbd-933d-a8626c927c87,08e25e1f-dba8-45fa-b031-09f0c5cb20ca,1427b036-c60b-4c81-a3c6-d573dda80136,99,,2026-08-17T10:52:24+07:00
f229ebd3-5a05-4f46-80cb-a33fd544bbd3,282e931c-9ff1-4760-bb04-add8eb51e1e8,edb26a70-31be-4abe-8303-15f94d51175b,84,,2026-07-17T03:20:58+07:00
6692bffd-315f-40fd-8011-e44fdc930b40,282e931c-9ff1-4760-bb04-add8eb51e1e8,,93,,2026-08-03T01:02:00+07:00
5371a8ff-7f25-4456-a602-f274335dc188,08754080-e0ef-42d9-946b-5032b13a698a,ba952af1-6fd5-49fe-ba55-bdc465f95ca2,79,,2026-07-14T15:34:59+07:00
b2c7dce7-f196-4618-9a25-96fc15323cd8,2349f9d8-b62f-4e62-a058-3903442685ab,6ac69667-8033-4d4c-8a2c-fb6006a2c00e,94,,2026-07-16T05:12:08+07:00
8387d53d-6378-44db-819a-1923046a23fb,cee9cb77-c884-4092-8593-df835f3a65a9,52e73b62-4559-490f-bc2e-7ada5e1bb367,85,,2026-07-18T14:50:43+07:00
095ecd58-7460-417a-bc63-522582329ab8,cee9cb77-c884-4092-8593-df835f3a65a9,4227322f-3efc-4249-9c82-bbd652717878,97,,2026-07-22T07:29:35+07:00
856f63a6-e16a-474e-9b15-0c29d46f81eb,3caa3492-f9ab-4de3-92bc-ff9bb45bdbcc,52e73b62-4559-490f-bc2e-7ada5e1bb367,91,,2026-07-14T23:56:47+07:00
af1c744b-345f-48c3-b67b-1e6c5c95ef62,3caa3492-f9ab-4de3-92bc-ff9bb45bdbcc,,81,,2026-07-16T15:33:25+07:00
d0c9d188-bb4f-49fd-a02a-03cfc45b6753,58d5db3f-e084-4788-9647-fd9820d44cbb,b405bb76-c190-4857-97dd-8ee547b0c179,93,,2026-07-14T07:25:13+07:00
b75702e3-eb21-4ca5-aa2a-6da551309c05,58d5db3f-e084-4788-9647-fd9820d44cbb,f07af7a6-e284-4594-bf88-9240894b8c96,96,,2026-07-14T13:41:08+07:00
fc415679-2389-4312-81e8-34961cf06f8e,58d5db3f-e084-4788-9647-fd9820d44cbb,,83,,2026-07-16T16:36:23+07:00
4c9647ee-abb6-4be9-ae57-a53458c61376,58d5db3f-e084-4788-9647-fd9820d44cbb,461e2ef5-600f-436b-8b20-ff6b5e1c1561,89,,2026-07-19T19:00:21+07:00
74c222ad-5c90-41cd-8b63-2c415686fce9,58d5db3f-e084-4788-9647-fd9820d44cbb,9d3a744a-0add-4abc-9dee-e537ac062393,99,,2026-07-25T12:20:11+07:00
c5c8b8b8-9a43-42fa-88ca-6608aaa99484,58d5db3f-e084-4788-9647-fd9820d44cbb,3d6b328b-442b-40b7-8f09-18653f0b20a1,91,,2026-07-25T12:45:03+07:00
0921fb49-0579-4f70-bef9-23abc0542375,58d5db3f-e084-4788-9647-fd9820d44cbb,385d7299-b7a7-4793-a42a-5185f3adf474,90,,2026-07-27T21:21:57+07:00
b6529762-fa5e-418f-9b67-0c75bbcb7023,58d5db3f-e084-4788-9647-fd9820d44cbb,1b18c38d-637d-4ecd-a2a1-77ed14d655bb,84,,2026-07-28T20:23:42+07:00
ead263fd-8bcd-4e46-a622-466f986f2622,58d5db3f-e084-4788-9647-fd9820d44cbb,506eaccd-4997-418d-8a64-a67ed9a58eaa,86,,2026-08-01T08:22:35+07:00
ccdcfd7a-ffb9-4e4e-90d0-17bd6184ba26,58d5db3f-e084-4788-9647-fd9820d44cbb,,96,,2026-08-09T01:53:30+07:00
cf5cb6de-b99b-45eb-ab8f-5d8994a32711,58d5db3f-e084-4788-9647-fd9820d44cbb,6ac69667-8033-4d4c-8a2c-fb6006a2c00e,99,,2026-08-09T16:30:52+07:00
0e097151-72d8-4b83-84fa-00267d800c1c,58d5db3f-e084-4788-9647-fd9820d44cbb,385d7299-b7a7-4793-a42a-5185f3adf474,95,,2026-08-12T05:46:31+07:00
bc62967a-8291-4263-af21-f37696b95d32,58d5db3f-e084-4788-9647-fd9820d44cbb,52dd34ca-96f4-4b5c-b960-b9886b7f2605,85,,2026-08-23T09:16:15+07:00
281cfa0f-fd89-496b-8e9f-28daf06a0e26,d96b5a48-6e33-4d73-9057-f8b0a3dfc750,506eaccd-4997-418d-8a64-a67ed9a58eaa,79,,2026-07-19T14:59:47+07:00
fc93a462-df30-4fb1-ba03-ae402b1380f7,a74793e6-9c47-4e07-85fc-f3a7d753234f,6ac69667-8033-4d4c-8a2c-fb6006a2c00e,76,,2026-07-14T14:25:44+07:00
222b714e-6b90-40c1-9e85-f44b226fb1e7,a74793e6-9c47-4e07-85fc-f3a7d753234f,,94,,2026-07-14T23:07:18+07:00
04e973d2-e4e4-4e5c-9ca8-2b1793885def,de12e1b3-ef31-47ed-a208-06bcc7a5fabd,1b18c38d-637d-4ecd-a2a1-77ed14d655bb,86,,2026-07-18T09:07:35+07:00
55909f80-45b2-40c9-8765-377abb7b80fc,de12e1b3-ef31-47ed-a208-06bcc7a5fabd,,86,,2026-07-18T22:18:45+07:00
76ebf6df-ca40-487e-8f90-974efda0a4da,d40d73df-eb46-4e4e-aad7-982fe6759965,73832518-b9b2-4f5a-bff7-cd820a5da9c8,87,,2026-07-19T19:07:06+07:00
408c2fda-7f0d-4b2d-accd-0069b0d8f27b,d40d73df-eb46-4e4e-aad7-982fe6759965,88be6602-74af-4f89-b7fa-596e620aa8e4,93,,2026-08-09T18:06:32+07:00
36211462-92fa-4b10-81be-97740622a9f4,c27e7e87-f365-4747-bcce-4330b6ceaf9d,506eaccd-4997-418d-8a64-a67ed9a58eaa,94,,2026-07-15T06:34:43+07:00
7e524948-14df-4da0-b2a5-95901073ddfa,78cc21d2-fec0-42b7-a317-fe37b5cdf36f,46d4a03e-c262-49ec-8695-987a04d7dc4b,86,,2026-07-18T14:41:16+07:00
deedd72e-a4a0-46e2-a3f5-2709cbf7eee9,78cc21d2-fec0-42b7-a317-fe37b5cdf36f,028dcdfd-b509-4967-81ff-593ef33bb7ae,93,,2026-08-01T18:55:36+07:00
f9e84718-eae5-4ea4-b7f4-e29d2ece896e,9e28046e-4aa9-4e8c-9e3e-81b8cafaacfd,49ee8f81-45d9-4cdc-83e5-abf8f1539d56,78,,2026-07-16T20:42:12+07:00
c45772e1-b375-46ac-91d7-bb8c49f581a7,9e28046e-4aa9-4e8c-9e3e-81b8cafaacfd,a12b0378-6739-4162-9eba-0b93ccfdfff0,84,,2026-07-25T08:16:48+07:00
9ee58c7c-7fef-4370-b3bb-19e204978e45,8a784261-3561-4a5f-baa3-3adbde12551a,52e73b62-4559-490f-bc2e-7ada5e1bb367,93,,2026-07-19T03:51:06+07:00
c437f275-89a1-43d7-aefe-84a624c547aa,8a784261-3561-4a5f-baa3-3adbde12551a,1b18c38d-637d-4ecd-a2a1-77ed14d655bb,96,,2026-07-25T14:57:33+07:00
b809bbb3-3942-4085-a23a-61952e6bdb9f,8a784261-3561-4a5f-baa3-3adbde12551a,4227322f-3efc-4249-9c82-bbd652717878,90,,2026-08-17T23:23:26+07:00
8c3c518c-c549-4709-b0a0-0536e57aa446,e21cdba9-f0f5-4e5e-ace1-61baf42cf3ad,b405bb76-c190-4857-97dd-8ee547b0c179,89,,2026-07-17T07:40:21+07:00
b0cad04d-9638-464d-9889-f3af98bc2f41,e21cdba9-f0f5-4e5e-ace1-61baf42cf3ad,73832518-b9b2-4f5a-bff7-cd820a5da9c8,89,,2026-08-06T22:55:22+07:00
ee03409e-a48b-497d-8657-5466304eb619,a35e1c09-1464-4f6a-9ca2-394acf3131d0,61345fcc-db36-431c-b4cb-70b3963078a8,90,,2026-07-16T11:49:44+07:00
6df47a89-d923-4de5-a738-88a05289e8fc,a35e1c09-1464-4f6a-9ca2-394acf3131d0,3d6b328b-442b-40b7-8f09-18653f0b20a1,88,,2026-07-23T18:45:10+07:00
e6aba0e1-397b-45a6-9cd8-33a7c537ea53,42694c11-a8c0-484e-b55f-e8c7e69d7ca5,ba952af1-6fd5-49fe-ba55-bdc465f95ca2,90,,2026-07-16T07:58:43+07:00
f69b423d-0ea4-4cc1-aec9-d8f35e75c5e7,42694c11-a8c0-484e-b55f-e8c7e69d7ca5,b405bb76-c190-4857-97dd-8ee547b0c179,84,,2026-07-19T02:38:43+07:00
ff610931-fcf2-48e0-92de-9b3b2113ea6d,42694c11-a8c0-484e-b55f-e8c7e69d7ca5,ec2e17a2-948e-44b3-915f-caa14df50aa9,93,,2026-07-27T11:01:08+07:00
98cfe04a-404a-43de-a93f-1bb3bfafa22e,3533cbdb-00bc-4663-b453-7d4188141c28,f1eb7eeb-a8ef-4cb0-a886-09d74d3af598,84,,2026-07-16T19:49:42+07:00
c9b1ca2a-45d4-4d63-ae81-08ceb6ad8102,3533cbdb-00bc-4663-b453-7d4188141c28,,84,,2026-07-23T07:54:16+07:00
b00c504a-0c39-497b-8e5d-2bcca5147d93,541b8e1c-3615-45ca-a965-83b40ca95fcc,ec2e17a2-948e-44b3-915f-caa14df50aa9,83,,2026-07-15T18:06:19+07:00
5db8ef32-920a-4598-8fed-3defaf8a1e91,541b8e1c-3615-45ca-a965-83b40ca95fcc,,87,,2026-08-01T05:44:23+07:00
429825d4-3c9b-4dea-9cba-2469bc94ba9a,37098b25-743e-4b1e-abfc-2ca67645ad0b,,97,,2026-07-18T19:57:55+07:00
f7ebb14a-8c32-415f-bd6b-28c9c2db2fd9,9c2601f7-07d4-454c-a7f0-093652ae4af0,52e73b62-4559-490f-bc2e-7ada5e1bb367,83,,2026-07-15T05:41:00+07:00
4bd4197d-0245-4071-8bc3-b0a904b8965d,9c2601f7-07d4-454c-a7f0-093652ae4af0,6ac69667-8033-4d4c-8a2c-fb6006a2c00e,84,,2026-07-15T06:03:59+07:00
09e2762d-678c-464a-b27c-88e50d058b70,e02c82fc-3e46-482b-b7ab-8f1044d28136,,90,,2026-07-18T11:08:23+07:00
4ed222ca-3a65-4b35-b167-dfcb417db922,e02c82fc-3e46-482b-b7ab-8f1044d28136,7fd4dcb0-dc6b-4e20-86e0-79dc05bf63ce,99,,2026-07-18T12:05:26+07:00
9e3ac464-4b82-48bf-b60d-0da096f59525,1cfae51f-f0d7-4143-a6e7-be0bd66f469a,028dcdfd-b509-4967-81ff-593ef33bb7ae,88,,2026-07-16T14:37:56+07:00
81e2eebb-46ed-4913-8ea9-8466bbd6d0e9,1cfae51f-f0d7-4143-a6e7-be0bd66f469a,52dd34ca-96f4-4b5c-b960-b9886b7f2605,93,,2026-08-06T09:52:33+07:00
2d7bb1a3-d29c-4768-8e9b-3a4e2ae30661,1cfae51f-f0d7-4143-a6e7-be0bd66f469a,385d7299-b7a7-4793-a42a-5185f3adf474,88,,2026-08-14T15:54:40+07:00
b0ab2c84-adea-4661-8a0a-959e818f767c,a0833fc6-eb99-49fc-8c4c-974f4cffb1c4,f1eb7eeb-a8ef-4cb0-a886-09d74d3af598,93,,2026-07-24T20:19:01+07:00
c0810208-fc90-45d4-8c56-20ac88d3f1dd,a0833fc6-eb99-49fc-8c4c-974f4cffb1c4,f07af7a6-e284-4594-bf88-9240894b8c96,94,,2026-07-25T08:16:32+07:00
f6e91e53-1b5f-4f99-8f15-37d5c2b570a3,a0833fc6-eb99-49fc-8c4c-974f4cffb1c4,,85,,2026-08-01T03:28:39+07:00
0cfcfbb5-b685-4c97-ad95-53015ee32485,e6c17aed-084b-4aa7-bbda-6c736a68fe45,10d05c09-bdb2-4253-8e44-856ad5336f34,89,,2026-07-16T05:29:11+07:00
4fd35a56-32f0-4963-8bf0-47a7fca54e06,e6c17aed-084b-4aa7-bbda-6c736a68fe45,9d3a744a-0add-4abc-9dee-e537ac062393,89,,2026-07-21T12:11:49+07:00
c73f72ac-cd0e-4140-8214-95b98784f49c,e6c17aed-084b-4aa7-bbda-6c736a68fe45,461e2ef5-600f-436b-8b20-ff6b5e1c1561,90,,2026-08-04T14:20:18+07:00
4e6b7bbc-c38b-4bca-90a7-905555f9cde6,23c966e1-3575-4ba1-8a6d-99081e00bb6f,83d2e570-56ce-4981-937c-fd58fd390509,84,,2026-07-20T04:04:59+07:00
2c54cb9a-6b1d-40c6-bf2c-b6c624b2f615,23c966e1-3575-4ba1-8a6d-99081e00bb6f,61345fcc-db36-431c-b4cb-70b3963078a8,84,,2026-08-04T20:28:18+07:00
001cbf88-3068-4a4c-a487-37d1518417f1,7051133c-6a47-4a74-b53c-7e3dd3db0428,6ac69667-8033-4d4c-8a2c-fb6006a2c00e,88,,2026-07-16T14:47:29+07:00
ff594409-203f-4b07-b88c-633caea88906,7051133c-6a47-4a74-b53c-7e3dd3db0428,b405bb76-c190-4857-97dd-8ee547b0c179,93,,2026-08-01T00:20:58+07:00
776cd7dc-31e9-4067-a7b0-b70b947be207,7051133c-6a47-4a74-b53c-7e3dd3db0428,49ee8f81-45d9-4cdc-83e5-abf8f1539d56,91,,2026-08-07T15:52:37+07:00
82be853e-cc73-4c60-a43f-a40dcfbeaae0,7051133c-6a47-4a74-b53c-7e3dd3db0428,,90,,2026-08-09T15:44:51+07:00
40ed606c-a9bc-4b0f-a44b-7dd4dd21059b,7051133c-6a47-4a74-b53c-7e3dd3db0428,b405bb76-c190-4857-97dd-8ee547b0c179,94,,2026-08-13T00:54:17+07:00
eb670359-ee2a-446b-a666-9901837ec85c,7051133c-6a47-4a74-b53c-7e3dd3db0428,c337fe45-7f56-472a-8155-a61796ad3a76,84,,2026-08-17T23:29:07+07:00
6ca5c02d-e0bc-4584-91ad-40de8f0c9f90,7051133c-6a47-4a74-b53c-7e3dd3db0428,461e2ef5-600f-436b-8b20-ff6b5e1c1561,99,,2026-08-20T02:36:16+07:00
3a273caa-881b-4e26-9f84-6586f325f59e,7051133c-6a47-4a74-b53c-7e3dd3db0428,506eaccd-4997-418d-8a64-a67ed9a58eaa,91,,2026-08-20T17:37:24+07:00
85920e66-1f20-44b8-aad0-f9a7a855b547,d47a0465-cbc2-4422-a69b-8d62c2154473,,83,,2026-07-15T18:59:26+07:00
313d14fa-6464-49ab-a698-af2d78b43bd7,d47a0465-cbc2-4422-a69b-8d62c2154473,a12b0378-6739-4162-9eba-0b93ccfdfff0,90,,2026-08-01T03:07:50+07:00
85bebf66-f887-4de7-815d-d28c9f3d54e8,bb34fa94-09df-4463-be08-678f7f9cfe4d,1427b036-c60b-4c81-a3c6-d573dda80136,81,,2026-07-17T00:47:42+07:00
045dd8ce-e61a-4620-a953-cfb072eb53e9,bb34fa94-09df-4463-be08-678f7f9cfe4d,461e2ef5-600f-436b-8b20-ff6b5e1c1561,73,,2026-07-25T16:25:11+07:00
6ac8eeee-5d0e-409e-9071-228fb203085a,bb34fa94-09df-4463-be08-678f7f9cfe4d,1427b036-c60b-4c81-a3c6-d573dda80136,85,,2026-08-16T02:23:52+07:00
6e4c29e2-df8e-4540-aba2-c3c29b302302,064e873e-d421-4ebf-bca6-33e87766ea46,7fd4dcb0-dc6b-4e20-86e0-79dc05bf63ce,85,,2026-07-17T19:58:15+07:00
176f6fb0-c6e6-481d-bf16-5882882eb979,064e873e-d421-4ebf-bca6-33e87766ea46,49ee8f81-45d9-4cdc-83e5-abf8f1539d56,90,,2026-07-28T04:33:08+07:00
f2e881c8-c36e-428a-ba03-6d436822a83d,064e873e-d421-4ebf-bca6-33e87766ea46,61345fcc-db36-431c-b4cb-70b3963078a8,84,,2026-08-07T06:15:06+07:00
e1c4fcc3-999b-44e9-85de-f218dd1461e2,af83ff25-a565-4dcc-82f0-1b83357ea151,52e73b62-4559-490f-bc2e-7ada5e1bb367,92,,2026-07-18T17:21:34+07:00
cb47c88a-b794-4a3a-8218-a2cccbafa12c,35c1e9aa-0034-496a-8b67-fe518a6b0c45,3d6b328b-442b-40b7-8f09-18653f0b20a1,87,,2026-07-18T10:50:48+07:00
f575496e-c014-49c8-9936-fe3b9f00a471,35c1e9aa-0034-496a-8b67-fe518a6b0c45,1c9b4737-176c-445e-859d-330a859b0f5e,86,,2026-07-19T04:10:59+07:00
a1e5373f-7b82-47fe-8997-fa85dd81c12c,35c1e9aa-0034-496a-8b67-fe518a6b0c45,,95,,2026-07-19T19:59:48+07:00
a98b503a-7e92-444e-91f0-1106450041da,35c1e9aa-0034-496a-8b67-fe518a6b0c45,88be6602-74af-4f89-b7fa-596e620aa8e4,94,,2026-07-19T22:24:19+07:00
4893435f-f7b8-4225-a228-e58ec086af45,262fa5d9-e601-49ae-9fa8-9b02d3ada8ea,61345fcc-db36-431c-b4cb-70b3963078a8,80,,2026-07-18T05:48:13+07:00
21329929-04a6-4c2a-b0ca-b02e1da638b7,262fa5d9-e601-49ae-9fa8-9b02d3ada8ea,028dcdfd-b509-4967-81ff-593ef33bb7ae,91,,2026-07-28T05:08:02+07:00
5deb50fe-5f1b-4b41-a0cc-39200f89912d,262fa5d9-e601-49ae-9fa8-9b02d3ada8ea,1c9b4737-176c-445e-859d-330a859b0f5e,81,,2026-08-02T10:56:10+07:00
84acc338-f82d-4d75-99c1-7a469356682c,eb197692-df21-4cfb-8712-a8586d4ca0a2,49ee8f81-45d9-4cdc-83e5-abf8f1539d56,87,,2026-07-17T07:38:09+07:00
5ab772d4-03c8-42dd-bfbe-5621409d0c49,ba6a65d4-3618-47c2-891b-58d6742976bf,46d4a03e-c262-49ec-8695-987a04d7dc4b,92,,2026-07-20T09:11:11+07:00
3819b9fe-13ca-417b-b16c-3bb63df218a3,ba6a65d4-3618-47c2-891b-58d6742976bf,506eaccd-4997-418d-8a64-a67ed9a58eaa,96,,2026-07-28T01:38:36+07:00
0ba56a47-3184-427e-8a67-b38a4a36791e,aa0faafc-68d3-48bd-b456-a1ccb736b48b,f1eb7eeb-a8ef-4cb0-a886-09d74d3af598,86,,2026-07-17T07:04:05+07:00
95ba1655-004a-4a8d-8bb1-c2f2ca917016,aa0faafc-68d3-48bd-b456-a1ccb736b48b,3d6b328b-442b-40b7-8f09-18653f0b20a1,82,,2026-07-22T23:37:31+07:00
95ee0dec-6323-45f2-8567-dcbb0535781a,46ebfb9a-8389-484e-8389-662fa6bceed3,3d6b328b-442b-40b7-8f09-18653f0b20a1,84,,2026-07-17T21:41:23+07:00
69bd1785-47a5-447d-a96f-6685099d4ac1,46ebfb9a-8389-484e-8389-662fa6bceed3,10d05c09-bdb2-4253-8e44-856ad5336f34,79,,2026-08-06T02:35:49+07:00
30b11b40-4108-47d9-a5fe-b1b5fb71670b,966e9655-096d-4a16-b67b-12be4550f4da,ba952af1-6fd5-49fe-ba55-bdc465f95ca2,89,,2026-07-16T23:25:57+07:00
dafd3be6-209b-4cc9-8e11-502bd8a4d1cd,966e9655-096d-4a16-b67b-12be4550f4da,a12b0378-6739-4162-9eba-0b93ccfdfff0,87,,2026-07-31T02:58:48+07:00
5d3a7138-593a-46ed-b737-1f7c7d24d2c7,10970f8b-9b4a-42ad-80c7-cff2a3cc9426,,77,,2026-07-18T09:19:27+07:00
ebe8a6bd-5a36-40bc-aafd-f66d069a29c9,e98ee88f-019f-47d1-9a69-dab372e53849,b405bb76-c190-4857-97dd-8ee547b0c179,84,,2026-07-17T14:10:31+07:00
778a499a-abe3-4fee-8b5d-926328e463b4,e98ee88f-019f-47d1-9a69-dab372e53849,461e2ef5-600f-436b-8b20-ff6b5e1c1561,93,,2026-07-18T12:40:48+07:00
264f872e-cf24-4ba0-8d96-35bb5fb20826,e98ee88f-019f-47d1-9a69-dab372e53849,1b920a71-baaf-4adc-94e8-cd83874a8d54,96,,2026-07-27T17:22:58+07:00
b201f355-90d2-4496-bdac-61795ae9bdd3,1e50e874-ca10-48c9-9eb9-384d942bd849,506eaccd-4997-418d-8a64-a67ed9a58eaa,87,,2026-07-26T09:05:21+07:00
ac535996-4c37-44ad-9e35-c8d9863b9f55,1e50e874-ca10-48c9-9eb9-384d942bd849,d2c29091-0e3c-43d4-916f-76666e797354,81,,2026-08-10T06:00:54+07:00
b2ae31da-fdf8-4400-9be4-2c42ffcb4344,c66d99ae-4cc1-4418-b6d0-d090fc2be81f,10d05c09-bdb2-4253-8e44-856ad5336f34,84,,2026-07-18T06:43:57+07:00
83e883f8-0b84-4a61-9930-207842625462,c66d99ae-4cc1-4418-b6d0-d090fc2be81f,edb26a70-31be-4abe-8303-15f94d51175b,88,,2026-07-20T02:54:15+07:00
d7072e6b-84d4-44d5-a115-290a43a0e101,c66d99ae-4cc1-4418-b6d0-d090fc2be81f,,81,,2026-07-27T01:58:13+07:00
69613feb-90dc-4c16-a3d3-b3a208b56dd8,c66d99ae-4cc1-4418-b6d0-d090fc2be81f,3d6b328b-442b-40b7-8f09-18653f0b20a1,84,,2026-07-29T05:06:34+07:00
efeec195-3c84-4e57-9e02-bee331d5c05c,918be2fa-868a-4516-9744-a43dc17014ee,f1eb7eeb-a8ef-4cb0-a886-09d74d3af598,97,,2026-07-19T01:01:11+07:00
0e26e53f-004e-4a9d-a89f-1c1060d87b3e,918be2fa-868a-4516-9744-a43dc17014ee,1b18c38d-637d-4ecd-a2a1-77ed14d655bb,81,,2026-08-15T21:45:56+07:00
0067d0ba-8c2b-42c6-bb49-0633f39fbd41,206cb5f0-e430-44f4-af06-0ac5959a19f2,88be6602-74af-4f89-b7fa-596e620aa8e4,80,,2026-07-18T21:40:49+07:00
5da355c9-65dd-4a31-8212-81c14018f268,206cb5f0-e430-44f4-af06-0ac5959a19f2,10d05c09-bdb2-4253-8e44-856ad5336f34,87,,2026-07-20T16:57:50+07:00
d02f46fa-4338-466a-9424-17950aa17c3e,206cb5f0-e430-44f4-af06-0ac5959a19f2,52e73b62-4559-490f-bc2e-7ada5e1bb367,75,,2026-07-22T06:24:48+07:00
dcd97ed4-1d9d-4e66-b2a9-aa92736cc2cb,206cb5f0-e430-44f4-af06-0ac5959a19f2,385d7299-b7a7-4793-a42a-5185f3adf474,96,,2026-08-05T04:39:49+07:00
a6cdfe97-14e4-443d-b2d9-aef5253aa7c4,206cb5f0-e430-44f4-af06-0ac5959a19f2,f1eb7eeb-a8ef-4cb0-a886-09d74d3af598,79,,2026-08-08T03:09:01+07:00
00d37cde-382a-429f-b08b-2f43b1bb574c,206cb5f0-e430-44f4-af06-0ac5959a19f2,3d6b328b-442b-40b7-8f09-18653f0b20a1,84,,2026-08-22T02:18:01+07:00
9f2e305b-8e65-43ed-a725-56b80d4f8549,206cb5f0-e430-44f4-af06-0ac5959a19f2,1b920a71-baaf-4adc-94e8-cd83874a8d54,91,,2026-08-24T10:10:01+07:00
ac809ead-deea-4774-bcdb-b1278b765ca1,08733abf-09c8-45c2-9a4f-3fb280e1b880,a12b0378-6739-4162-9eba-0b93ccfdfff0,85,,2026-07-18T16:15:56+07:00
a8410965-b648-42d4-aad7-78b8b8d51129,08733abf-09c8-45c2-9a4f-3fb280e1b880,1427b036-c60b-4c81-a3c6-d573dda80136,88,,2026-07-20T00:07:43+07:00
3e70ef65-abcb-48ef-b59e-a9c600286d4b,08733abf-09c8-45c2-9a4f-3fb280e1b880,88be6602-74af-4f89-b7fa-596e620aa8e4,85,,2026-07-20T08:05:57+07:00
1096f488-8c2b-4653-8193-35cafa258bbb,08733abf-09c8-45c2-9a4f-3fb280e1b880,1b920a71-baaf-4adc-94e8-cd83874a8d54,93,,2026-07-25T14:39:28+07:00
b4fb774e-9abd-42cf-9d5d-08b5a4a03974,08733abf-09c8-45c2-9a4f-3fb280e1b880,,95,,2026-07-31T20:13:02+07:00
19500fa9-f17f-41cf-97e5-535015ad6a4c,9c04d360-d2dd-4db2-b7cb-a8c8cc47fa98,49ee8f81-45d9-4cdc-83e5-abf8f1539d56,97,,2026-07-17T21:57:06+07:00
8ae7ca8b-9854-42aa-a21c-3a51b9984503,9c04d360-d2dd-4db2-b7cb-a8c8cc47fa98,10d05c09-bdb2-4253-8e44-856ad5336f34,94,,2026-07-21T04:43:42+07:00
48243406-9c9a-4386-9428-b3fdddf94d55,9c04d360-d2dd-4db2-b7cb-a8c8cc47fa98,ec2e17a2-948e-44b3-915f-caa14df50aa9,99,,2026-07-28T03:41:52+07:00
b9a394e4-6563-4308-ae9e-cf892f566a94,9c04d360-d2dd-4db2-b7cb-a8c8cc47fa98,2c00434b-be5e-45ee-8122-ed4c038e59ae,86,,2026-08-03T00:08:23+07:00
3371d901-9fec-4fdf-86a6-daca5e954163,7af220c1-c1a9-47c4-8dac-c73a7fc7eae8,,93,,2026-07-19T05:09:44+07:00
4cb3f8e5-6455-4329-bbbd-62538279a914,7af220c1-c1a9-47c4-8dac-c73a7fc7eae8,1b18c38d-637d-4ecd-a2a1-77ed14d655bb,93,,2026-07-28T11:59:32+07:00
774a641a-a695-45af-b0be-cb4c0e4da029,cd8f0d34-b9db-4927-8326-9acf57ba6385,edb26a70-31be-4abe-8303-15f94d51175b,87,,2026-07-19T11:31:10+07:00
3a886ef6-f06a-435a-a4c1-30d5702a37df,cd8f0d34-b9db-4927-8326-9acf57ba6385,1427b036-c60b-4c81-a3c6-d573dda80136,84,,2026-07-23T06:32:32+07:00
c5899056-a46d-4d5f-8fe2-8535cc1b5d2c,71acc017-6790-4eb6-8daf-52b5adf0c6de,ba952af1-6fd5-49fe-ba55-bdc465f95ca2,88,,2026-07-18T08:37:07+07:00
ead13677-487b-4a36-b6e6-5452019d3eca,71acc017-6790-4eb6-8daf-52b5adf0c6de,,94,,2026-07-20T14:32:34+07:00
f22cfdca-3f94-489c-a066-b861ddf0cdb8,71acc017-6790-4eb6-8daf-52b5adf0c6de,4227322f-3efc-4249-9c82-bbd652717878,85,,2026-07-22T01:05:16+07:00
72b487b3-496e-4a9d-9295-9f2bccdd0ae3,71acc017-6790-4eb6-8daf-52b5adf0c6de,9d3a744a-0add-4abc-9dee-e537ac062393,92,,2026-08-02T11:59:52+07:00
a54bb65a-b790-42a4-a043-c46e12caf64c,71acc017-6790-4eb6-8daf-52b5adf0c6de,52e73b62-4559-490f-bc2e-7ada5e1bb367,86,,2026-08-22T06:36:09+07:00
cf0206cf-9ffd-4e35-8fae-b7c36651fb0e,28eb7440-6f10-4325-9d92-3f34420810eb,46d4a03e-c262-49ec-8695-987a04d7dc4b,87,,2026-07-24T13:16:34+07:00
049d8b78-7deb-4569-a0b0-efce3d1c4bcf,4a13808a-16d5-4b2f-b668-d16f731f7f8f,,83,,2026-07-18T02:45:12+07:00
b349c53d-400b-41b4-ab9e-e8a2e983f476,4a13808a-16d5-4b2f-b668-d16f731f7f8f,52dd34ca-96f4-4b5c-b960-b9886b7f2605,93,,2026-07-23T10:35:18+07:00
0c61d86e-1fd5-40a8-976f-591b544930cb,4a13808a-16d5-4b2f-b668-d16f731f7f8f,f07af7a6-e284-4594-bf88-9240894b8c96,95,,2026-07-27T08:40:23+07:00
8713c327-4d5d-4ad2-9fc7-daa0cc356f2c,4a13808a-16d5-4b2f-b668-d16f731f7f8f,,83,,2026-08-08T10:31:47+07:00
2793b3c3-bf56-459f-82ec-1635803daf9a,dce14c0b-74fc-42ec-8ee5-c0929beec984,,95,,2026-07-23T03:07:05+07:00
5c72f2cf-8277-4ec1-8f00-1e14612f96b7,dce14c0b-74fc-42ec-8ee5-c0929beec984,b405bb76-c190-4857-97dd-8ee547b0c179,87,,2026-07-28T02:39:32+07:00
fb00fe7f-004d-4bda-992f-d2025573de79,814ea4c8-894d-4de5-ad83-cee6cdefb878,fcd40acc-4f8f-45c8-82df-e9d0f8206796,92,,2026-07-23T09:47:11+07:00
cba57e9a-0916-420f-ba8a-3a5ae707b093,814ea4c8-894d-4de5-ad83-cee6cdefb878,9d3a744a-0add-4abc-9dee-e537ac062393,80,,2026-07-31T07:01:50+07:00
68a4eaf3-7416-45ab-9b7d-c2b0db43ff2f,814ea4c8-894d-4de5-ad83-cee6cdefb878,1b18c38d-637d-4ecd-a2a1-77ed14d655bb,85,,2026-08-06T06:06:57+07:00
9a830c19-0608-49fc-af5f-8c7a014146a7,814ea4c8-894d-4de5-ad83-cee6cdefb878,9d3a744a-0add-4abc-9dee-e537ac062393,77,,2026-08-11T04:42:21+07:00
7a3a381a-3e2f-416a-8a31-8a0e844dadd8,97894787-751c-491f-8d2e-0f2f6445ac9d,46d4a03e-c262-49ec-8695-987a04d7dc4b,92,,2026-07-19T16:03:49+07:00
e7e8e9f5-2e46-4fdf-8814-132cd05f2a96,97894787-751c-491f-8d2e-0f2f6445ac9d,fcd40acc-4f8f-45c8-82df-e9d0f8206796,87,,2026-08-05T01:19:32+07:00
023bdc2f-26eb-4696-8fe6-a9cc9967405c,7e6b2c92-990e-49bf-abc9-dc7ec708a59a,10d05c09-bdb2-4253-8e44-856ad5336f34,84,,2026-07-22T04:53:13+07:00
403e1a1f-d611-425c-8eb5-694af2520364,7e6b2c92-990e-49bf-abc9-dc7ec708a59a,88be6602-74af-4f89-b7fa-596e620aa8e4,85,,2026-07-28T01:02:00+07:00
58108d53-103c-4970-85e8-9b2e731db84b,0abfd748-0382-424e-969b-05ff32497719,ba952af1-6fd5-49fe-ba55-bdc465f95ca2,85,,2026-07-22T06:57:59+07:00
71f44c7a-919d-4192-b66e-97cf0715fb8a,7715ae09-d98a-4903-8eb5-62b2133eabda,3d6b328b-442b-40b7-8f09-18653f0b20a1,84,,2026-07-22T03:24:44+07:00
8c728e49-6428-4452-8682-c6646e943778,7715ae09-d98a-4903-8eb5-62b2133eabda,f07af7a6-e284-4594-bf88-9240894b8c96,89,,2026-07-29T18:48:06+07:00
8c15e58c-e761-49e3-94f6-f97acca9dc82,7715ae09-d98a-4903-8eb5-62b2133eabda,49ee8f81-45d9-4cdc-83e5-abf8f1539d56,87,,2026-08-12T17:43:21+07:00
e062f0b1-ca1d-4162-82f5-82b7532a8ede,137383f8-87ab-4bc5-a0ee-3fc36b84bda2,edb26a70-31be-4abe-8303-15f94d51175b,88,,2026-07-22T23:47:07+07:00
8a122313-10d6-4ed6-9452-363f03d51c27,137383f8-87ab-4bc5-a0ee-3fc36b84bda2,1427b036-c60b-4c81-a3c6-d573dda80136,89,,2026-07-29T00:29:20+07:00
60c1cbc3-7ce3-462f-a21a-4df1f3a4633e,137383f8-87ab-4bc5-a0ee-3fc36b84bda2,,94,,2026-08-10T23:03:29+07:00
e6ca47dd-1985-47c2-8786-b5a8bbeedecc,494e640a-168e-4ab6-959e-af271c2a595f,49ee8f81-45d9-4cdc-83e5-abf8f1539d56,93,,2026-07-28T12:53:33+07:00
35a37431-03be-442b-ad52-79d6b8ffe49d,494e640a-168e-4ab6-959e-af271c2a595f,a12b0378-6739-4162-9eba-0b93ccfdfff0,88,,2026-08-09T10:12:52+07:00
ebe18e1c-36eb-478b-89e5-6e5c9085b4cb,6ed6e745-51d7-487e-a2a0-dea8a5e5e2a8,f1eb7eeb-a8ef-4cb0-a886-09d74d3af598,90,,2026-07-21T18:47:49+07:00
3c9e0384-b616-4bac-9329-72a9e210ee8c,6ed6e745-51d7-487e-a2a0-dea8a5e5e2a8,edb26a70-31be-4abe-8303-15f94d51175b,84,,2026-08-11T12:31:07+07:00
64707eda-699d-4643-8aec-b8b79ff47f05,42634234-23bf-443c-9f1b-dc5c8e0b836f,1b920a71-baaf-4adc-94e8-cd83874a8d54,86,,2026-07-20T20:13:53+07:00
839f3e1f-64b3-43e9-96b8-a35881c4c35e,11c19f79-ed4a-4d2e-be59-c52c2d69e208,,84,,2026-07-21T07:52:50+07:00
7a995299-e66c-4a20-ac1a-530062e578ad,11c19f79-ed4a-4d2e-be59-c52c2d69e208,fcd40acc-4f8f-45c8-82df-e9d0f8206796,84,,2026-07-22T16:44:14+07:00
42dd9d5f-0c1f-40e1-8f87-783d636915a7,11c19f79-ed4a-4d2e-be59-c52c2d69e208,,87,,2026-07-27T12:31:32+07:00
185b372f-962b-4976-babe-f71b2b5aeb1c,958ff1fe-7376-4a66-b000-b2a7e215fec2,,93,,2026-07-21T00:13:14+07:00
73ea26e0-a1e3-4d84-8b08-6f3a5d15ed89,958ff1fe-7376-4a66-b000-b2a7e215fec2,,84,,2026-07-21T02:15:46+07:00
d36a5610-fda7-45ab-b8d7-d5035582fdbf,958ff1fe-7376-4a66-b000-b2a7e215fec2,73832518-b9b2-4f5a-bff7-cd820a5da9c8,83,,2026-07-31T02:57:06+07:00
4d203c8f-eff5-4115-8c57-47c01c5d2b7d,bddd63c3-7799-45b7-b8f2-db4a9b059681,6ac69667-8033-4d4c-8a2c-fb6006a2c00e,89,,2026-07-26T01:29:04+07:00
99dd212f-af88-4aa4-8ce3-1b5ae17ec403,bddd63c3-7799-45b7-b8f2-db4a9b059681,1427b036-c60b-4c81-a3c6-d573dda80136,91,,2026-07-29T08:25:04+07:00
921a6c79-5ec9-49ed-9321-47f9ab580546,2ea31b2f-d432-415c-99e9-59c9cd1bd7f6,ba952af1-6fd5-49fe-ba55-bdc465f95ca2,97,,2026-07-20T11:59:15+07:00
85f6cbbe-ead6-43c9-a3b8-409ba8c104e0,2ea31b2f-d432-415c-99e9-59c9cd1bd7f6,52e73b62-4559-490f-bc2e-7ada5e1bb367,88,,2026-07-20T21:14:45+07:00
d14600f9-d0c0-492b-b4ae-14678ea6541d,2ea31b2f-d432-415c-99e9-59c9cd1bd7f6,ba952af1-6fd5-49fe-ba55-bdc465f95ca2,95,,2026-08-30T15:37:11+07:00
ce805201-01bd-4a17-9c77-2bc9d5d6cd66,723b3bbc-424f-442b-9fad-c5e8f50b99d2,1b920a71-baaf-4adc-94e8-cd83874a8d54,84,,2026-08-07T09:38:53+07:00
cf8b5345-eb62-4df3-91db-3463c02a7151,723b3bbc-424f-442b-9fad-c5e8f50b99d2,f07af7a6-e284-4594-bf88-9240894b8c96,85,,2026-08-10T06:33:30+07:00
23db18ea-9974-4048-8b20-3c4baa09fd88,d4500e43-11a5-46a6-9fef-702c87dd9b29,52e73b62-4559-490f-bc2e-7ada5e1bb367,90,,2026-07-22T20:56:08+07:00
a3fe2e31-120d-4be0-bb92-5e7e0537534b,d4500e43-11a5-46a6-9fef-702c87dd9b29,4227322f-3efc-4249-9c82-bbd652717878,91,,2026-07-25T15:56:36+07:00
dc5a7a0a-dade-4464-b804-dbf005491fdd,64d0dfe1-a502-4aeb-99b9-7eef59c3cf78,9d3a744a-0add-4abc-9dee-e537ac062393,87,,2026-07-23T14:26:15+07:00
2914e063-3694-4aa4-8d4e-f93ae55c947c,02f57892-d092-4da9-a154-e10924865587,9d3a744a-0add-4abc-9dee-e537ac062393,94,,2026-07-24T22:11:58+07:00
6cd168c9-a76e-4175-aedf-430761ea22b4,02f57892-d092-4da9-a154-e10924865587,1427b036-c60b-4c81-a3c6-d573dda80136,95,,2026-07-25T19:45:35+07:00
c470897c-7408-4791-870b-8a3d5bde1cd3,02f57892-d092-4da9-a154-e10924865587,461e2ef5-600f-436b-8b20-ff6b5e1c1561,85,,2026-07-27T22:27:39+07:00
bf43e984-f2aa-44d8-9828-7c74544980af,d2897709-54f0-44b4-8ae7-c073fed536a3,ec2e17a2-948e-44b3-915f-caa14df50aa9,92,,2026-07-21T21:48:14+07:00
c6e1fc51-cf9a-44d3-ae00-df92ac127da1,d2897709-54f0-44b4-8ae7-c073fed536a3,385d7299-b7a7-4793-a42a-5185f3adf474,74,,2026-07-28T12:15:13+07:00
06c95802-9193-4e1d-b2d7-5aa3b1490dcd,ec0a18de-c177-4b9d-bd0d-d63ae8aee46f,88be6602-74af-4f89-b7fa-596e620aa8e4,93,,2026-07-20T09:55:28+07:00
3e9079a6-b748-4f42-b17f-5d7de2bc8c1c,ec0a18de-c177-4b9d-bd0d-d63ae8aee46f,,82,,2026-07-22T12:09:10+07:00
0e3bf10e-8aa6-4bbf-8349-c641b63bb116,ec0a18de-c177-4b9d-bd0d-d63ae8aee46f,028dcdfd-b509-4967-81ff-593ef33bb7ae,99,,2026-07-29T22:16:17+07:00
cb693f0d-7088-426e-9d00-23fff697bec9,42924c00-4425-45b4-9554-1863f5b98bc3,6ac69667-8033-4d4c-8a2c-fb6006a2c00e,93,,2026-07-22T04:21:55+07:00
6ca3c9cb-8319-4545-921b-4db51537cb0a,42924c00-4425-45b4-9554-1863f5b98bc3,52dd34ca-96f4-4b5c-b960-b9886b7f2605,91,,2026-07-26T06:39:27+07:00
95dafd92-0d54-4cd7-af4d-e318f863d5a6,c91dc384-c470-49ce-a625-d16e3dbcf393,61345fcc-db36-431c-b4cb-70b3963078a8,95,,2026-07-21T10:13:39+07:00
832d91c9-cdf5-4546-a1d3-22d82c969137,c91dc384-c470-49ce-a625-d16e3dbcf393,46d4a03e-c262-49ec-8695-987a04d7dc4b,91,,2026-07-28T02:25:29+07:00
5b24c6fb-e673-43c3-80aa-a5f623cd9b59,c91dc384-c470-49ce-a625-d16e3dbcf393,506eaccd-4997-418d-8a64-a67ed9a58eaa,79,,2026-07-29T12:11:27+07:00
151ffae7-263e-4e6c-a49a-3e63b04cb971,df6826fd-eeb5-4968-8467-611a91081496,,92,,2026-07-23T16:03:10+07:00
69de6ee8-204d-4bea-8815-e387f58ccaca,c009efcc-e5a4-4681-bc20-4173e1a57719,52dd34ca-96f4-4b5c-b960-b9886b7f2605,80,,2026-07-22T16:45:13+07:00
21209cdb-6436-41e3-a04d-35048f421cd4,c009efcc-e5a4-4681-bc20-4173e1a57719,10d05c09-bdb2-4253-8e44-856ad5336f34,85,,2026-07-22T22:29:11+07:00
d5711208-817d-4c80-a7ef-d44ae7b80ebd,8f5a3c57-d805-4485-b8d6-9572ae19c425,ba952af1-6fd5-49fe-ba55-bdc465f95ca2,78,,2026-07-22T13:24:28+07:00
fe7cae65-ea0d-46c2-b99f-5c220540996a,8f5a3c57-d805-4485-b8d6-9572ae19c425,52dd34ca-96f4-4b5c-b960-b9886b7f2605,86,,2026-08-17T06:04:46+07:00
594d9e46-2eae-44c4-a30f-1098e59a6c69,d86f5737-db4b-4cba-9edd-9e71e0fccf4d,3d6b328b-442b-40b7-8f09-18653f0b20a1,95,,2026-07-21T00:51:11+07:00
62faaf04-f7ef-4039-b5b9-e3b969025a6d,a1fa164d-62f5-4ecc-a58d-1a840da44a37,2c00434b-be5e-45ee-8122-ed4c038e59ae,96,,2026-07-21T12:06:11+07:00
5646d192-c754-4b86-93a3-3f1259d0aacf,a1fa164d-62f5-4ecc-a58d-1a840da44a37,49ee8f81-45d9-4cdc-83e5-abf8f1539d56,84,,2026-07-23T05:19:05+07:00
6ee3f77f-669a-4b45-96fd-81b3968128e0,a1fa164d-62f5-4ecc-a58d-1a840da44a37,,87,,2026-08-21T09:02:13+07:00
21a9044c-6c11-4e10-814f-0e9e839022e2,a66733e1-8338-4e08-a083-81e2bbbc3766,b405bb76-c190-4857-97dd-8ee547b0c179,86,,2026-07-22T21:38:07+07:00
1183c4a3-2798-4315-8a1d-b251d29c1d0a,a66733e1-8338-4e08-a083-81e2bbbc3766,52dd34ca-96f4-4b5c-b960-b9886b7f2605,92,,2026-07-25T06:38:38+07:00
54848e50-9b86-4aa5-aa06-afd84fde9e2d,37101e5b-fd1d-409e-bcd2-057851570621,2c00434b-be5e-45ee-8122-ed4c038e59ae,93,,2026-07-22T06:23:56+07:00
e01d8348-401a-474e-973b-9c915c58e348,37101e5b-fd1d-409e-bcd2-057851570621,,76,,2026-07-26T18:28:37+07:00
c098fd8c-82a1-487f-b49b-98af942d6250,37101e5b-fd1d-409e-bcd2-057851570621,73832518-b9b2-4f5a-bff7-cd820a5da9c8,82,,2026-08-06T09:28:37+07:00
cffe7667-578d-4f8f-9df7-b0fa81f4458b,37101e5b-fd1d-409e-bcd2-057851570621,506eaccd-4997-418d-8a64-a67ed9a58eaa,87,,2026-08-10T01:59:51+07:00
32ca288e-d105-4a41-b35b-0e12a9729239,37101e5b-fd1d-409e-bcd2-057851570621,2c00434b-be5e-45ee-8122-ed4c038e59ae,93,,2026-08-16T16:57:43+07:00
cd05a6c9-4a45-4539-93d0-2aae76eb5518,68f36447-81d3-4699-9589-51f097f3a230,1b18c38d-637d-4ecd-a2a1-77ed14d655bb,90,,2026-07-22T13:17:34+07:00
f3fe9492-99c5-472f-acad-accb8916c764,68f36447-81d3-4699-9589-51f097f3a230,10d05c09-bdb2-4253-8e44-856ad5336f34,89,,2026-07-23T17:49:50+07:00
878d8f82-72d6-49c7-9ffa-2296228c2683,68f36447-81d3-4699-9589-51f097f3a230,2c00434b-be5e-45ee-8122-ed4c038e59ae,99,,2026-08-03T06:24:47+07:00
bd706bb2-e716-49bd-9bf7-3c32920c5742,68f36447-81d3-4699-9589-51f097f3a230,506eaccd-4997-418d-8a64-a67ed9a58eaa,92,,2026-08-13T07:00:03+07:00
e45b1f1c-ee49-44e8-b725-a696c914db73,1895abad-bc40-4abe-a21b-4cfd731805d0,b405bb76-c190-4857-97dd-8ee547b0c179,96,,2026-07-22T02:49:52+07:00
9607f561-7332-4abc-899f-51281bd40560,1895abad-bc40-4abe-a21b-4cfd731805d0,f1eb7eeb-a8ef-4cb0-a886-09d74d3af598,84,,2026-07-22T02:50:22+07:00
00510d78-dce3-4628-b726-555417b4ea2b,1895abad-bc40-4abe-a21b-4cfd731805d0,b405bb76-c190-4857-97dd-8ee547b0c179,91,,2026-07-23T13:57:21+07:00
4c751172-3dfb-4ca6-82f0-e4bbaa928538,1895abad-bc40-4abe-a21b-4cfd731805d0,10d05c09-bdb2-4253-8e44-856ad5336f34,95,,2026-07-31T04:56:46+07:00
b2fdadca-a101-479c-aee0-93a619231ed2,6c809ad2-cf35-4767-98de-0c833140490e,f07af7a6-e284-4594-bf88-9240894b8c96,88,,2026-07-23T14:29:48+07:00
41cbbaba-48bb-487a-8979-e5130a28dc78,6c809ad2-cf35-4767-98de-0c833140490e,88be6602-74af-4f89-b7fa-596e620aa8e4,85,,2026-07-23T17:02:17+07:00
c38f598d-e340-4335-a772-bfd1a439b0c6,6c809ad2-cf35-4767-98de-0c833140490e,52e73b62-4559-490f-bc2e-7ada5e1bb367,87,,2026-07-24T11:33:03+07:00
81b63633-a570-455e-b3bd-cf3e4572c204,6c809ad2-cf35-4767-98de-0c833140490e,1b18c38d-637d-4ecd-a2a1-77ed14d655bb,77,,2026-07-28T23:58:02+07:00
1e144624-4421-48a2-8449-84459590fa76,6c809ad2-cf35-4767-98de-0c833140490e,4227322f-3efc-4249-9c82-bbd652717878,80,,2026-08-05T18:05:38+07:00
243368e9-2a93-4db3-a555-eade5da951c7,6c809ad2-cf35-4767-98de-0c833140490e,ec2e17a2-948e-44b3-915f-caa14df50aa9,90,,2026-08-18T10:24:48+07:00
7883f9dd-d8f2-47e6-ac0c-30e9210842f8,7285c4b6-20a5-4e7b-95d2-1bde1d982c84,edb26a70-31be-4abe-8303-15f94d51175b,79,,2026-07-24T05:36:04+07:00
db18b8e4-ec75-48fa-ad0d-1e226b67ba00,7285c4b6-20a5-4e7b-95d2-1bde1d982c84,,87,,2026-07-27T09:15:40+07:00
522ea0d4-a3aa-4dcc-b727-daeb82540af9,bd6525e5-6477-4948-a08b-a9c5dac81369,461e2ef5-600f-436b-8b20-ff6b5e1c1561,91,,2026-07-22T13:49:34+07:00
40573b58-e557-459c-908c-41045900a216,bd6525e5-6477-4948-a08b-a9c5dac81369,1b18c38d-637d-4ecd-a2a1-77ed14d655bb,96,,2026-08-03T12:08:47+07:00
72a0d1f0-9798-4044-89eb-c759baf8563b,bd6525e5-6477-4948-a08b-a9c5dac81369,,84,,2026-08-03T22:20:15+07:00
cbab958a-de36-47f2-9e1f-dfde1bb8231e,bd6525e5-6477-4948-a08b-a9c5dac81369,4227322f-3efc-4249-9c82-bbd652717878,93,,2026-08-05T12:24:41+07:00
c9535932-e297-4719-a104-60e974161a67,bd6525e5-6477-4948-a08b-a9c5dac81369,fcd40acc-4f8f-45c8-82df-e9d0f8206796,83,,2026-08-06T05:40:50+07:00
5d7ec170-a8fb-4926-9313-0a4a2225922c,bd6525e5-6477-4948-a08b-a9c5dac81369,52e73b62-4559-490f-bc2e-7ada5e1bb367,86,,2026-08-12T01:41:20+07:00
8de28da5-0f39-45b8-a35e-cf901e373f4d,e706bd41-6ccb-40bf-9165-144f2f0a46b5,83d2e570-56ce-4981-937c-fd58fd390509,90,,2026-07-22T09:56:10+07:00
b92dac3e-156e-4826-8b77-94ef593716aa,e706bd41-6ccb-40bf-9165-144f2f0a46b5,,84,,2026-08-27T19:51:43+07:00
79d2b1f0-81d2-42c0-bcb1-7ffe22d14a5d,1f631d63-6543-4993-97c1-49a2bf146ddd,61345fcc-db36-431c-b4cb-70b3963078a8,88,,2026-07-24T02:00:53+07:00
14297b08-cf30-4888-8ce4-f49b53f9558e,1f631d63-6543-4993-97c1-49a2bf146ddd,,91,,2026-08-06T19:01:56+07:00
880ec673-06cd-4bcd-851b-70b872d8009d,28f31fb4-b355-4704-baef-9de806946199,2c00434b-be5e-45ee-8122-ed4c038e59ae,91,,2026-07-22T19:15:02+07:00
28b609e7-aeca-445b-9f47-ba83bab28187,28f31fb4-b355-4704-baef-9de806946199,b405bb76-c190-4857-97dd-8ee547b0c179,82,,2026-07-27T11:36:57+07:00
d4219628-6b0c-4732-81a6-1168db60b05f,4404a8fd-7411-4a97-9a0a-b4556a611ed9,461e2ef5-600f-436b-8b20-ff6b5e1c1561,90,,2026-07-23T21:18:32+07:00
0a9bae0f-8062-4b7b-b3d3-4f93cb97aa5f,4404a8fd-7411-4a97-9a0a-b4556a611ed9,ba952af1-6fd5-49fe-ba55-bdc465f95ca2,90,,2026-08-05T12:41:01+07:00
55f2a63a-ad65-4972-8fe7-2dd3cc06963d,4404a8fd-7411-4a97-9a0a-b4556a611ed9,73832518-b9b2-4f5a-bff7-cd820a5da9c8,84,,2026-08-07T21:05:25+07:00
82d210a1-59f6-45c1-8b53-3f6b6a244b29,d7a3fdbd-1dbc-4d5d-89d4-9e08157f60c0,a12b0378-6739-4162-9eba-0b93ccfdfff0,95,,2026-07-24T17:07:43+07:00
c8098328-4fdb-4be8-ad1d-235d9de4a29a,d7a3fdbd-1dbc-4d5d-89d4-9e08157f60c0,f07af7a6-e284-4594-bf88-9240894b8c96,84,,2026-07-26T22:00:38+07:00
570da10f-bf88-4e6a-8dfe-f7a005f551ee,0ea05533-9fb4-434a-b46f-8d8917f5765d,f1eb7eeb-a8ef-4cb0-a886-09d74d3af598,81,,2026-07-23T19:09:53+07:00
db1e6b7f-0ec3-4bf8-ada7-42c9e559f1c6,0ea05533-9fb4-434a-b46f-8d8917f5765d,49ee8f81-45d9-4cdc-83e5-abf8f1539d56,86,,2026-07-23T19:14:38+07:00
6ee988b1-7f8a-4386-91c4-9351ae3c6266,0ea05533-9fb4-434a-b46f-8d8917f5765d,ec2e17a2-948e-44b3-915f-caa14df50aa9,86,,2026-08-13T20:09:14+07:00
3762675c-bd1e-477e-9fe9-275eb99a6356,0ea05533-9fb4-434a-b46f-8d8917f5765d,d2c29091-0e3c-43d4-916f-76666e797354,91,,2026-08-23T06:47:02+07:00
a1b28a1e-fd4c-46aa-b59e-49e8ccd198dc,0ea05533-9fb4-434a-b46f-8d8917f5765d,1427b036-c60b-4c81-a3c6-d573dda80136,82,,2026-08-23T17:50:23+07:00
6fe21de6-b883-4db6-88c6-57c010d48b8d,62f74c5d-085e-44ea-9938-47852229a7bb,7fd4dcb0-dc6b-4e20-86e0-79dc05bf63ce,88,,2026-07-22T21:39:10+07:00
349b00d3-09ce-414a-8b63-8b1fc14b155a,62f74c5d-085e-44ea-9938-47852229a7bb,46d4a03e-c262-49ec-8695-987a04d7dc4b,91,,2026-07-30T04:37:31+07:00
d5112e23-3f2a-40f7-82df-33975b4baf0d,62f74c5d-085e-44ea-9938-47852229a7bb,b405bb76-c190-4857-97dd-8ee547b0c179,87,,2026-07-31T05:11:16+07:00
1d6b1e89-d113-4c22-baf0-7423451c3bb0,62f74c5d-085e-44ea-9938-47852229a7bb,1b18c38d-637d-4ecd-a2a1-77ed14d655bb,86,,2026-07-31T08:26:21+07:00
3e5a58ca-7032-4a6d-8524-05f335341a67,62f74c5d-085e-44ea-9938-47852229a7bb,ba952af1-6fd5-49fe-ba55-bdc465f95ca2,89,,2026-08-03T18:40:11+07:00
7e5e1bb5-4956-4c82-95f8-9da91e2b3e47,d9049236-b210-4ba1-a358-3b5ff750199d,,83,,2026-07-24T16:38:41+07:00
ac193f16-614a-4d07-854e-c4f55902fed5,d9049236-b210-4ba1-a358-3b5ff750199d,1c9b4737-176c-445e-859d-330a859b0f5e,85,,2026-07-29T19:16:39+07:00
2aee94bc-1b19-4b35-a4aa-2ca8d03c9d73,d9049236-b210-4ba1-a358-3b5ff750199d,,92,,2026-08-04T15:50:12+07:00
1e811d4c-7682-4ac5-aed6-7e5efb8b4196,d9049236-b210-4ba1-a358-3b5ff750199d,1427b036-c60b-4c81-a3c6-d573dda80136,89,,2026-08-04T19:14:21+07:00
3aa3a9db-d77e-402e-8e40-f66b26a0b20f,a6282de7-bba6-476f-b8f1-c19f3bb46c90,ba952af1-6fd5-49fe-ba55-bdc465f95ca2,82,,2026-08-01T14:57:17+07:00
c30fdfe8-a5cd-4046-81b5-9eac52bdb633,a6282de7-bba6-476f-b8f1-c19f3bb46c90,88be6602-74af-4f89-b7fa-596e620aa8e4,92,,2026-08-12T16:37:28+07:00
125b203b-68f2-4667-8c49-70eec31245ae,80489b42-4fcf-4f68-8494-779c0c5c4116,,95,,2026-07-27T23:42:33+07:00
a6a3d06a-3e63-4e07-9f78-69fd9c08ae41,80489b42-4fcf-4f68-8494-779c0c5c4116,4227322f-3efc-4249-9c82-bbd652717878,86,,2026-08-02T18:29:23+07:00
3905dc18-6ff3-49d8-9ac3-d20e406abb6f,80489b42-4fcf-4f68-8494-779c0c5c4116,f07af7a6-e284-4594-bf88-9240894b8c96,77,,2026-08-07T11:10:01+07:00
2f559304-ee63-4f11-9919-20af97b609e8,80489b42-4fcf-4f68-8494-779c0c5c4116,1b920a71-baaf-4adc-94e8-cd83874a8d54,99,,2026-08-13T05:30:57+07:00
f03147a4-82d3-48fd-8d2d-20c6c8f6f727,293f3dcf-975e-403c-80f1-397f8ca8cc6e,506eaccd-4997-418d-8a64-a67ed9a58eaa,82,,2026-07-23T03:21:48+07:00
1e005011-1b0d-4f0d-b2f6-ae8ee46ac648,293f3dcf-975e-403c-80f1-397f8ca8cc6e,49ee8f81-45d9-4cdc-83e5-abf8f1539d56,97,,2026-08-11T14:41:52+07:00
eaea3efb-78ac-4b54-9462-218cdf1dcb4f,293f3dcf-975e-403c-80f1-397f8ca8cc6e,f07af7a6-e284-4594-bf88-9240894b8c96,88,,2026-08-30T00:31:01+07:00
c4f96ba4-1d56-4e1c-ae2e-f39b6a03c288,2d631aaa-03e5-46db-9614-acdd7f46bae4,52e73b62-4559-490f-bc2e-7ada5e1bb367,86,,2026-07-23T02:59:56+07:00
bffdb961-dc2f-46af-aad5-dea38a21e9a9,2d631aaa-03e5-46db-9614-acdd7f46bae4,,99,,2026-08-11T17:01:10+07:00
7f3b9096-acdc-4d69-a73f-995af9e4dac6,fb0ddbd3-29a7-4dbe-959e-a7bd204fe584,a12b0378-6739-4162-9eba-0b93ccfdfff0,83,,2026-07-28T01:57:07+07:00
0fb22166-52b3-4f25-bbc8-56772380beab,fb0ddbd3-29a7-4dbe-959e-a7bd204fe584,edb26a70-31be-4abe-8303-15f94d51175b,80,,2026-07-30T08:10:14+07:00
f3241fed-bdb9-45d8-acbd-30f737b6f478,8103f35f-9072-4a35-b862-64bc831e71cb,10d05c09-bdb2-4253-8e44-856ad5336f34,84,,2026-07-26T03:43:36+07:00
765f7399-a3db-41cf-9ba9-6d67f88fde2b,8103f35f-9072-4a35-b862-64bc831e71cb,385d7299-b7a7-4793-a42a-5185f3adf474,92,,2026-07-26T04:54:03+07:00
c854c33e-aa6f-443a-8dc9-9e0c3dc2c2a8,b88c84ac-2364-41b4-9b5b-c0fc6233fb90,73832518-b9b2-4f5a-bff7-cd820a5da9c8,83,,2026-07-23T14:43:49+07:00
7efce953-ff25-474e-8366-b21031d2b401,b88c84ac-2364-41b4-9b5b-c0fc6233fb90,,95,,2026-08-18T00:18:35+07:00
3471ed4a-bd7e-4be9-9772-1d9d0d565e4f,b88c84ac-2364-41b4-9b5b-c0fc6233fb90,1c9b4737-176c-445e-859d-330a859b0f5e,87,,2026-08-18T19:01:23+07:00
887f484c-1020-44ac-8eb9-39854d315c2f,cb9e592c-b6b6-4e47-8a4a-09afed678794,73832518-b9b2-4f5a-bff7-cd820a5da9c8,90,,2026-07-25T20:17:28+07:00
11978db6-2e92-4f2b-807a-fbb64b6bed6c,cb9e592c-b6b6-4e47-8a4a-09afed678794,83d2e570-56ce-4981-937c-fd58fd390509,97,,2026-07-27T18:52:44+07:00
e4168840-e5de-4fad-ad1c-5cbea7be7712,cb9e592c-b6b6-4e47-8a4a-09afed678794,10d05c09-bdb2-4253-8e44-856ad5336f34,85,,2026-08-12T11:34:20+07:00
a04725fb-4f7c-425e-b578-9a42a3bea472,3d3702a9-355d-423c-b950-f9809dd85fde,49ee8f81-45d9-4cdc-83e5-abf8f1539d56,91,,2026-07-25T08:12:52+07:00
e940707b-a4af-4dc3-acf9-d4b6b3e5b85d,3d3702a9-355d-423c-b950-f9809dd85fde,66637ead-7b55-4701-918c-347f1ff9573c,89,,2026-08-25T03:29:08+07:00
6dc1f172-60bd-4550-9348-55b280664d5f,c9acc90b-49c2-473a-8ea3-fc917f504732,fcd40acc-4f8f-45c8-82df-e9d0f8206796,86,,2026-07-26T12:11:52+07:00
35144ad7-0dd7-4f8c-8a9e-02879dfa3cf8,c9acc90b-49c2-473a-8ea3-fc917f504732,1c9b4737-176c-445e-859d-330a859b0f5e,92,,2026-08-06T00:37:22+07:00
9584a054-43a8-4531-9879-9693b45bf78b,d7d8d3f2-4b09-4c4a-b495-59878bb7c2b3,461e2ef5-600f-436b-8b20-ff6b5e1c1561,82,,2026-07-29T01:34:08+07:00
46588536-0a71-415a-a9d1-d721410ba703,d7d8d3f2-4b09-4c4a-b495-59878bb7c2b3,385d7299-b7a7-4793-a42a-5185f3adf474,82,,2026-07-30T06:14:09+07:00
d5db60fb-d5cd-4569-b7b0-06de17f83ac2,d7d8d3f2-4b09-4c4a-b495-59878bb7c2b3,edb26a70-31be-4abe-8303-15f94d51175b,81,,2026-08-03T16:17:58+07:00
8501b21d-5f5b-46c1-b722-69add0f3bd0a,4c4dd92a-f224-4182-bbe2-01c3e000913e,73832518-b9b2-4f5a-bff7-cd820a5da9c8,86,,2026-07-28T09:41:32+07:00
6a24fadf-1b33-4dd9-870c-ee26eeceeaa8,4c4dd92a-f224-4182-bbe2-01c3e000913e,,99,,2026-08-15T13:19:27+07:00
cf37f305-c1c6-45a8-aafa-0a18409dc2f0,03fe0cb2-f0d1-4c14-b95e-20aa8e0427ad,ba952af1-6fd5-49fe-ba55-bdc465f95ca2,87,,2026-07-24T06:45:27+07:00
49c8fc8e-4ce3-4618-8c84-f1688cbed6f2,03fe0cb2-f0d1-4c14-b95e-20aa8e0427ad,7fd4dcb0-dc6b-4e20-86e0-79dc05bf63ce,85,,2026-08-08T13:57:17+07:00
775ed4b6-cb67-4bb2-9f1a-41e9c1197003,03fe0cb2-f0d1-4c14-b95e-20aa8e0427ad,49ee8f81-45d9-4cdc-83e5-abf8f1539d56,88,,2026-08-31T05:20:24+07:00
9faed4ee-0da8-4be1-b82a-9f6a4cfe528d,a22ec4dd-ee53-4639-9761-e000304b31ed,ec2e17a2-948e-44b3-915f-caa14df50aa9,91,,2026-07-30T19:37:43+07:00
26eb75fb-ea3c-4d40-979e-6c54626d06d8,a22ec4dd-ee53-4639-9761-e000304b31ed,9d3a744a-0add-4abc-9dee-e537ac062393,78,,2026-08-15T03:44:21+07:00
2e307e82-9324-49c3-a922-ca674d5254b2,604097c1-0bbd-44af-acd7-afae452ca63d,52e73b62-4559-490f-bc2e-7ada5e1bb367,90,,2026-07-24T21:09:54+07:00
96f3560f-b9bd-4cfe-9aca-041ecef91a19,604097c1-0bbd-44af-acd7-afae452ca63d,1427b036-c60b-4c81-a3c6-d573dda80136,85,,2026-07-25T09:39:46+07:00
0441a943-8319-4f1b-9200-8c97076b7571,604097c1-0bbd-44af-acd7-afae452ca63d,,93,,2026-07-27T18:58:55+07:00
2eb50f96-8b3b-46dc-903e-dd62a83ef2ae,604097c1-0bbd-44af-acd7-afae452ca63d,88be6602-74af-4f89-b7fa-596e620aa8e4,95,,2026-07-30T03:11:12+07:00
398ce1dd-d375-412e-8364-317562e1b8b4,604097c1-0bbd-44af-acd7-afae452ca63d,83d2e570-56ce-4981-937c-fd58fd390509,92,,2026-07-31T11:58:56+07:00
9a029755-b7d9-4bee-89ba-276a18cc8f7b,604097c1-0bbd-44af-acd7-afae452ca63d,1b920a71-baaf-4adc-94e8-cd83874a8d54,99,,2026-08-02T00:11:06+07:00
0c780a18-2fb4-4550-bcc2-b78a70ca022b,661e77c3-5361-4eeb-9817-fb8596e3f843,edb26a70-31be-4abe-8303-15f94d51175b,82,,2026-07-26T06:36:09+07:00
df81b6f5-fd77-4720-8463-0b4618a28cfb,661e77c3-5361-4eeb-9817-fb8596e3f843,1c9b4737-176c-445e-859d-330a859b0f5e,86,,2026-08-31T13:24:22+07:00
736519a4-cfb0-4696-92df-160cdbb3694b,cf69af63-333c-47b5-88a8-c6a5a548061a,f1eb7eeb-a8ef-4cb0-a886-09d74d3af598,85,,2026-07-31T01:11:07+07:00
8f19dce8-c5c4-4975-9eb6-db0435b3c30d,e5f72369-0be9-4b5d-96e4-d24fd4de505a,46d4a03e-c262-49ec-8695-987a04d7dc4b,87,,2026-07-25T17:40:48+07:00
e18348d7-c8ae-4191-a518-bbe8d689042f,e5f72369-0be9-4b5d-96e4-d24fd4de505a,52e73b62-4559-490f-bc2e-7ada5e1bb367,98,,2026-08-14T02:06:55+07:00
75ad1058-94ee-4a36-b041-f46d8dc5d692,311a1d75-e72c-4e0a-9aa6-598d4500dfd0,4227322f-3efc-4249-9c82-bbd652717878,89,,2026-08-05T10:25:14+07:00
d7151bfc-027a-48eb-b6cb-ffec84212c6b,311a1d75-e72c-4e0a-9aa6-598d4500dfd0,028dcdfd-b509-4967-81ff-593ef33bb7ae,83,,2026-08-05T12:37:15+07:00
590a1f84-8c30-4b76-82e9-afc72ed02802,da2301ae-714f-420a-a654-2208ee7e280d,7fd4dcb0-dc6b-4e20-86e0-79dc05bf63ce,91,,2026-07-31T16:20:23+07:00
41031456-6e88-4d3c-8e50-eee446dfa5ad,da2301ae-714f-420a-a654-2208ee7e280d,fcd40acc-4f8f-45c8-82df-e9d0f8206796,77,,2026-08-04T08:16:15+07:00
68a04c22-dba3-4b55-88ac-018ccb157d1f,8dff6390-4ae8-4991-8720-94dac1273693,2c00434b-be5e-45ee-8122-ed4c038e59ae,94,,2026-07-25T15:50:55+07:00
3edad424-5fe8-4817-81e6-1d1810f7c54a,8dff6390-4ae8-4991-8720-94dac1273693,6ac69667-8033-4d4c-8a2c-fb6006a2c00e,86,,2026-08-04T22:21:47+07:00
f1408017-5273-4f06-872d-c1544e461300,8dff6390-4ae8-4991-8720-94dac1273693,83d2e570-56ce-4981-937c-fd58fd390509,85,,2026-08-09T20:53:26+07:00
43b46814-a892-4543-bbd7-6d4c6a7460f2,8dff6390-4ae8-4991-8720-94dac1273693,4227322f-3efc-4249-9c82-bbd652717878,79,,2026-08-11T01:58:04+07:00
5f821135-2d17-4c04-8327-235abdb9925b,ef741a8f-bd5d-49ac-8c85-a205fc8b5184,61345fcc-db36-431c-b4cb-70b3963078a8,84,,2026-07-30T14:14:08+07:00
8063f04d-6521-4781-b8e1-0c5fd8748e21,4cd74da0-a22b-4003-ae04-cb9ec4e22db0,10d05c09-bdb2-4253-8e44-856ad5336f34,94,,2026-08-04T14:39:35+07:00
cb8c1ca7-18c2-4ece-9a06-ea94ce552b2e,4cd74da0-a22b-4003-ae04-cb9ec4e22db0,028dcdfd-b509-4967-81ff-593ef33bb7ae,94,,2026-08-09T14:32:38+07:00
133b169e-a8e2-43fa-b455-4914c2d1a3c1,4cd74da0-a22b-4003-ae04-cb9ec4e22db0,d2c29091-0e3c-43d4-916f-76666e797354,98,,2026-09-09T08:55:26+07:00
9d216bbb-cc4a-4e00-8f69-5d3434ef308f,860ef641-ac61-4536-b5a5-f1ce5afcc5dd,1b18c38d-637d-4ecd-a2a1-77ed14d655bb,89,,2026-07-24T21:07:03+07:00
1cfb50b1-671f-41e9-b4ef-42b58b67c51f,860ef641-ac61-4536-b5a5-f1ce5afcc5dd,10d05c09-bdb2-4253-8e44-856ad5336f34,87,,2026-07-25T02:26:23+07:00
8b2004b3-9dce-4c40-a52b-134c69297cf6,860ef641-ac61-4536-b5a5-f1ce5afcc5dd,,93,,2026-08-03T21:52:27+07:00
ec5b8f55-277e-452d-b547-c043d7e80bf4,0318c48f-0e47-476d-b8f1-0384ce34aecb,6ac69667-8033-4d4c-8a2c-fb6006a2c00e,84,,2026-07-29T22:58:24+07:00
b739616b-6f38-4a83-b493-403b3267df4b,0318c48f-0e47-476d-b8f1-0384ce34aecb,7fd4dcb0-dc6b-4e20-86e0-79dc05bf63ce,77,,2026-08-09T22:47:10+07:00
f40a8b0c-5345-44ce-bb2c-e66325edda47,0318c48f-0e47-476d-b8f1-0384ce34aecb,506eaccd-4997-418d-8a64-a67ed9a58eaa,93,,2026-08-17T02:46:01+07:00
eb26b843-04d3-4d54-92b6-1dbdcb9c0a6b,e6d4d632-872d-4990-bf60-dec84d255b4c,385d7299-b7a7-4793-a42a-5185f3adf474,90,,2026-07-26T06:34:39+07:00
4d870f05-e051-4e91-9c20-c0c00a6d737a,e6d4d632-872d-4990-bf60-dec84d255b4c,,70,,2026-07-26T15:54:32+07:00
deae1e01-7c5c-488a-8477-52e59fae74cf,e6d4d632-872d-4990-bf60-dec84d255b4c,7fd4dcb0-dc6b-4e20-86e0-79dc05bf63ce,91,,2026-08-12T11:57:24+07:00
5b2508ca-6f1b-428e-acdd-a898b3aeb4fc,31cad716-632a-4a38-aba4-737872c61412,f07af7a6-e284-4594-bf88-9240894b8c96,84,,2026-08-02T16:48:24+07:00
1c788b97-6169-4320-9c7d-d3890d6890f8,31cad716-632a-4a38-aba4-737872c61412,1b18c38d-637d-4ecd-a2a1-77ed14d655bb,86,,2026-08-31T20:25:18+07:00
c3729b01-887d-4700-9b31-660f51a0c3fc,67058518-f27e-4259-8f2a-364c67d1f917,1b18c38d-637d-4ecd-a2a1-77ed14d655bb,81,,2026-07-30T10:12:01+07:00
7e31a1af-8c9d-475a-9d79-d7e27f930b60,67058518-f27e-4259-8f2a-364c67d1f917,ec2e17a2-948e-44b3-915f-caa14df50aa9,98,,2026-09-02T15:24:46+07:00
67475a1f-6d7d-4431-be89-9a92fb9bea31,c83eed47-22ac-4080-8365-d316a0d36906,73832518-b9b2-4f5a-bff7-cd820a5da9c8,84,,2026-07-27T19:16:55+07:00
7e1c7ba9-d00c-437f-95e6-62566c22b09f,c83eed47-22ac-4080-8365-d316a0d36906,,87,,2026-07-28T11:19:36+07:00
68e44599-a28f-4083-938e-14259831bcf8,c83eed47-22ac-4080-8365-d316a0d36906,a12b0378-6739-4162-9eba-0b93ccfdfff0,81,,2026-08-03T04:50:22+07:00
dae02060-a881-4256-b1c9-d5124d42fc56,62dbf302-f09a-4cf2-83de-cb8b3b8875a4,ba952af1-6fd5-49fe-ba55-bdc465f95ca2,80,,2026-07-26T20:01:28+07:00
007e700c-a153-4a42-9967-d74eea9f11b7,62dbf302-f09a-4cf2-83de-cb8b3b8875a4,3d6b328b-442b-40b7-8f09-18653f0b20a1,92,,2026-07-29T12:31:25+07:00
e112d7b2-9972-4211-840e-c7f9724aa289,62dbf302-f09a-4cf2-83de-cb8b3b8875a4,ba952af1-6fd5-49fe-ba55-bdc465f95ca2,90,,2026-07-30T20:24:09+07:00
60afb560-1a1b-4736-bd24-1097a8d0c8b8,aa8e11e4-6ca4-4ae3-b412-109009e9d3c9,506eaccd-4997-418d-8a64-a67ed9a58eaa,90,,2026-07-28T05:46:41+07:00
ac60df4e-3d90-4fbb-9a11-7c963a3b5bd0,aa8e11e4-6ca4-4ae3-b412-109009e9d3c9,9d3a744a-0add-4abc-9dee-e537ac062393,83,,2026-07-31T03:55:01+07:00
8e1d8145-6b27-4352-be9b-9ea58cd57280,0863da20-453d-4a21-b64d-2b2c0ae88538,49ee8f81-45d9-4cdc-83e5-abf8f1539d56,97,,2026-07-30T23:48:13+07:00
bd3e7a85-79a3-4c19-b26f-b2ace7f34c67,0863da20-453d-4a21-b64d-2b2c0ae88538,a12b0378-6739-4162-9eba-0b93ccfdfff0,84,,2026-08-08T05:09:15+07:00
06eee19e-8a1e-459e-82ea-13a2566442b9,0863da20-453d-4a21-b64d-2b2c0ae88538,10d05c09-bdb2-4253-8e44-856ad5336f34,84,,2026-08-24T03:42:13+07:00
a9378158-faae-4a6c-9e6a-96be42977822,1dcdcad7-d5c6-40dc-824d-4e939f22806e,88be6602-74af-4f89-b7fa-596e620aa8e4,93,,2026-07-29T18:02:59+07:00
09ebd059-3657-4470-a79a-c94b9f516c89,1dcdcad7-d5c6-40dc-824d-4e939f22806e,46d4a03e-c262-49ec-8695-987a04d7dc4b,79,,2026-08-28T09:51:23+07:00
b892d10f-7cc1-41b7-9f2d-f096c5a363b7,dd9ae813-ca1c-47f8-a118-b4ffb1158c9a,4227322f-3efc-4249-9c82-bbd652717878,98,,2026-07-26T16:07:02+07:00
f2524df3-4112-4954-9311-917ab4002728,dd9ae813-ca1c-47f8-a118-b4ffb1158c9a,461e2ef5-600f-436b-8b20-ff6b5e1c1561,87,,2026-07-27T00:21:41+07:00
322523f9-3248-43a5-b4b9-6b9e1a79085e,dd9ae813-ca1c-47f8-a118-b4ffb1158c9a,4227322f-3efc-4249-9c82-bbd652717878,92,,2026-08-19T11:19:05+07:00
9356f18d-03aa-4a37-8e13-a2ef1fba08a3,c188dcf6-44a7-4da4-ba50-07d81fec1b95,b405bb76-c190-4857-97dd-8ee547b0c179,82,,2026-07-27T10:26:33+07:00
066d905d-22f2-4e1c-8472-e7c8038a2183,c188dcf6-44a7-4da4-ba50-07d81fec1b95,385d7299-b7a7-4793-a42a-5185f3adf474,83,,2026-08-02T13:01:45+07:00
0bdce7eb-6550-4bdf-b1e5-f80abf5366b6,c188dcf6-44a7-4da4-ba50-07d81fec1b95,52e73b62-4559-490f-bc2e-7ada5e1bb367,85,,2026-08-13T02:58:36+07:00
8d5a8a10-9f88-49c0-b961-f0c64549e429,f83294a9-5dfb-423a-ac92-a79be32f809a,49ee8f81-45d9-4cdc-83e5-abf8f1539d56,90,,2026-07-31T03:21:11+07:00
20808f88-f984-431d-97ee-d010eab1655a,5bc67c74-da9d-41a9-92af-9dede302598d,fcd40acc-4f8f-45c8-82df-e9d0f8206796,87,,2026-07-27T03:23:30+07:00
562ac515-a36c-4695-b5a4-fd21a9c08349,5bc67c74-da9d-41a9-92af-9dede302598d,49ee8f81-45d9-4cdc-83e5-abf8f1539d56,99,,2026-07-27T04:41:01+07:00
1bd916df-a59a-4575-8520-aa417d9aa7d3,5bc67c74-da9d-41a9-92af-9dede302598d,385d7299-b7a7-4793-a42a-5185f3adf474,85,,2026-08-12T06:19:02+07:00
b3b230bf-62a6-4b2c-b342-499c6c7245ba,e1f0a4c5-fce5-4964-90a5-57246dfe9998,49ee8f81-45d9-4cdc-83e5-abf8f1539d56,84,,2026-08-01T10:47:29+07:00
febe5854-de46-48f7-b9c6-5310d638d3fe,897fc0c0-bf43-41fb-9db5-d53e31f0711f,506eaccd-4997-418d-8a64-a67ed9a58eaa,80,,2026-07-29T11:38:00+07:00
43b9e8d8-bd9f-4f9b-a8b8-4479f5d5488a,05241394-fb15-4e8c-aca7-3adc026139c8,73832518-b9b2-4f5a-bff7-cd820a5da9c8,92,,2026-07-26T15:52:52+07:00
08ca3e5b-b497-4a4e-8da0-701b3ab5faae,05241394-fb15-4e8c-aca7-3adc026139c8,ba952af1-6fd5-49fe-ba55-bdc465f95ca2,93,,2026-08-03T09:33:46+07:00
c7957436-8a7a-43de-9579-5970c4aa0d8d,05241394-fb15-4e8c-aca7-3adc026139c8,83d2e570-56ce-4981-937c-fd58fd390509,95,,2026-08-04T20:02:16+07:00
31c862fd-caca-40fb-bea6-65fa8347893b,b6d53b59-c833-43ea-9549-dcf878a4fa08,52e73b62-4559-490f-bc2e-7ada5e1bb367,93,,2026-07-28T05:14:42+07:00
66d646cf-dc8a-4740-ab56-24d26d606cb2,af59c9e8-26ea-4182-9e56-c0d01e46000c,1427b036-c60b-4c81-a3c6-d573dda80136,90,,2026-08-01T07:35:51+07:00
8b07cf9f-b50d-44d2-9998-c6f18ead0a80,af59c9e8-26ea-4182-9e56-c0d01e46000c,ba952af1-6fd5-49fe-ba55-bdc465f95ca2,80,,2026-08-01T11:24:22+07:00
0a5c6225-effd-4c6e-bf43-fa3d7926429b,f5d60df2-a561-4955-a19b-da4119199a1b,73832518-b9b2-4f5a-bff7-cd820a5da9c8,89,,2026-07-31T01:25:54+07:00
516013d8-08d0-4947-9dfc-99e981d77104,f5d60df2-a561-4955-a19b-da4119199a1b,52dd34ca-96f4-4b5c-b960-b9886b7f2605,89,,2026-08-12T17:37:43+07:00
633da2b1-d573-44e5-a46d-f81684f9040c,83d45678-c3e6-40e5-ac87-484d79236e19,7fd4dcb0-dc6b-4e20-86e0-79dc05bf63ce,89,,2026-07-30T23:28:25+07:00
9ab50220-e279-4e99-a7b6-797383b5fe04,f5e2c389-e9a9-44c0-a2d9-159de8b92625,,80,,2026-07-30T19:36:53+07:00
6f1a1ad0-549e-4be5-8ef4-37a5db9f7527,f5e2c389-e9a9-44c0-a2d9-159de8b92625,fcd40acc-4f8f-45c8-82df-e9d0f8206796,81,,2026-08-05T13:10:58+07:00
367f5a8e-bf07-4355-992d-8e1d1fd38d8a,610a4d2c-f5c0-4cfa-9183-aa7b1f22ecc3,ba952af1-6fd5-49fe-ba55-bdc465f95ca2,87,,2026-08-04T22:01:18+07:00
34d21332-0a21-467c-b613-de57ce19d342,610a4d2c-f5c0-4cfa-9183-aa7b1f22ecc3,66637ead-7b55-4701-918c-347f1ff9573c,89,,2026-08-18T01:20:06+07:00
03355839-50fe-448d-b4d1-94d42a0dc774,4ec3f6b1-6539-4b49-903f-91ebc6efea85,10d05c09-bdb2-4253-8e44-856ad5336f34,89,,2026-08-01T19:39:26+07:00
5d8900b4-a350-4528-a4c3-5822f82e3d33,e1912c57-665d-421e-b07d-3ba8866deedd,10d05c09-bdb2-4253-8e44-856ad5336f34,88,,2026-07-29T18:41:19+07:00
72375a99-862b-4658-9d16-8dbcc8ea1fd6,e1912c57-665d-421e-b07d-3ba8866deedd,4227322f-3efc-4249-9c82-bbd652717878,85,,2026-08-10T18:24:59+07:00
e6022ded-8412-46af-8896-4cb9a4cc9035,e1912c57-665d-421e-b07d-3ba8866deedd,61345fcc-db36-431c-b4cb-70b3963078a8,97,,2026-08-16T09:36:28+07:00
359815ab-0c07-4cb3-b474-88f4154c0669,b74cd2da-476d-437e-ab2f-1a54284489ac,4227322f-3efc-4249-9c82-bbd652717878,83,,2026-07-28T05:07:31+07:00
1f43f6a5-5bfd-4dc8-b556-4342a1aefedc,b74cd2da-476d-437e-ab2f-1a54284489ac,88be6602-74af-4f89-b7fa-596e620aa8e4,78,,2026-08-13T20:56:50+07:00
bd2f1756-30f4-41b2-aea1-2b76a31c0afc,6c5b8e35-61ce-4f39-9d28-1634cbde8b6d,,97,,2026-08-13T09:29:47+07:00
13678f5b-1092-48d7-893b-1c9b591fec4d,87485585-76c5-4313-86aa-255a219ae755,2c00434b-be5e-45ee-8122-ed4c038e59ae,83,,2026-08-01T15:40:45+07:00
05a25048-d472-4106-bb50-6b9a956d7eee,88cb0639-c1b5-42f9-93ef-b0084660d7bd,73832518-b9b2-4f5a-bff7-cd820a5da9c8,83,,2026-07-29T13:34:33+07:00
33e78a98-179b-4d55-82ca-0d6db01b5d43,88cb0639-c1b5-42f9-93ef-b0084660d7bd,10d05c09-bdb2-4253-8e44-856ad5336f34,94,,2026-07-30T17:19:25+07:00
5c5a214c-b727-4734-9ec0-1f5dc911f58c,88cb0639-c1b5-42f9-93ef-b0084660d7bd,61345fcc-db36-431c-b4cb-70b3963078a8,87,,2026-08-05T05:15:51+07:00
a79a3380-0480-489f-b72a-348964db8c48,88cb0639-c1b5-42f9-93ef-b0084660d7bd,7fd4dcb0-dc6b-4e20-86e0-79dc05bf63ce,88,,2026-08-05T20:21:06+07:00
c8434e3f-4050-46b5-a6c7-f9eed87aa964,8b215dd2-d882-4b9b-ac0f-d2f95644af8d,b405bb76-c190-4857-97dd-8ee547b0c179,86,,2026-07-31T03:42:41+07:00
8d47e207-2e6c-4ea7-ba39-941fc941a9a7,8b215dd2-d882-4b9b-ac0f-d2f95644af8d,49ee8f81-45d9-4cdc-83e5-abf8f1539d56,91,,2026-08-02T12:04:02+07:00
a07bfc1f-9cdf-4599-9380-6ba3c6984b37,8b215dd2-d882-4b9b-ac0f-d2f95644af8d,edb26a70-31be-4abe-8303-15f94d51175b,84,,2026-08-07T17:55:48+07:00
47807e92-5574-4a3f-9d8e-0cc71ef870c2,2a9ad9a5-e409-4057-8fa3-ec6cbd66c702,385d7299-b7a7-4793-a42a-5185f3adf474,99,,2026-08-05T00:18:53+07:00
035d8d0c-adca-41f4-9c7a-bc89ad266bdd,71630319-3a18-44c3-870b-5d8c2426c9cb,385d7299-b7a7-4793-a42a-5185f3adf474,90,,2026-08-05T11:11:34+07:00
8eeac454-ffff-4bc5-b6ec-61a427d756cd,71630319-3a18-44c3-870b-5d8c2426c9cb,385d7299-b7a7-4793-a42a-5185f3adf474,92,,2026-08-08T11:33:17+07:00
00fc1dd3-f54a-417b-afbf-c375810b198a,71630319-3a18-44c3-870b-5d8c2426c9cb,88be6602-74af-4f89-b7fa-596e620aa8e4,85,,2026-08-24T22:20:47+07:00
f18e2d13-9792-452c-80f6-15e1f4131194,298329b9-f2d8-4577-943d-15a4508d1795,83d2e570-56ce-4981-937c-fd58fd390509,91,,2026-07-28T11:24:20+07:00
bd2e261c-09a7-4100-ba51-b4aa37b36614,298329b9-f2d8-4577-943d-15a4508d1795,88be6602-74af-4f89-b7fa-596e620aa8e4,87,,2026-07-28T18:06:59+07:00
08aebd2a-af3d-454c-83d6-4c39e590ffc7,298329b9-f2d8-4577-943d-15a4508d1795,461e2ef5-600f-436b-8b20-ff6b5e1c1561,86,,2026-08-03T07:25:31+07:00
a06eb80d-5685-4f5d-b7e7-2eefddacbdad,298329b9-f2d8-4577-943d-15a4508d1795,1c9b4737-176c-445e-859d-330a859b0f5e,84,,2026-08-15T21:14:17+07:00
90e5d133-76ee-4059-900c-cc73756fc02d,298329b9-f2d8-4577-943d-15a4508d1795,1b18c38d-637d-4ecd-a2a1-77ed14d655bb,85,,2026-08-21T20:35:07+07:00
afe16007-62be-449e-ab47-95f74f7ce59c,705da2fc-9fe8-473d-b1f1-ac0b2f5aefee,a12b0378-6739-4162-9eba-0b93ccfdfff0,87,,2026-08-12T20:34:04+07:00
ee2d4351-c40a-4421-a758-22d93c53a403,705da2fc-9fe8-473d-b1f1-ac0b2f5aefee,edb26a70-31be-4abe-8303-15f94d51175b,91,,2026-08-16T06:29:44+07:00
dc544e70-5ecd-4aee-93f0-b1f4043fe041,81e147ed-2f38-4dcf-8a7d-ac66d45cbab3,88be6602-74af-4f89-b7fa-596e620aa8e4,81,,2026-07-30T03:48:05+07:00
95aed65d-054e-427f-9605-3f161dbebc61,81e147ed-2f38-4dcf-8a7d-ac66d45cbab3,61345fcc-db36-431c-b4cb-70b3963078a8,99,,2026-08-13T06:12:20+07:00
b73b6a46-9dda-4c5f-a645-49cd7a937a7a,34723d23-c4a0-47d4-a390-88fbc6bdd362,f1eb7eeb-a8ef-4cb0-a886-09d74d3af598,92,,2026-08-05T08:06:21+07:00
9565489b-8cc7-498c-a12a-7175420e9af3,34723d23-c4a0-47d4-a390-88fbc6bdd362,ba952af1-6fd5-49fe-ba55-bdc465f95ca2,88,,2026-08-16T07:42:11+07:00
3b9d3c8b-b585-464b-8cc8-7223206b0bda,46c197bd-ef95-401f-aef5-77b2f5d406a6,73832518-b9b2-4f5a-bff7-cd820a5da9c8,98,,2026-07-30T14:02:04+07:00
ba62f565-9829-4a39-b277-b39c3fc82127,46c197bd-ef95-401f-aef5-77b2f5d406a6,a12b0378-6739-4162-9eba-0b93ccfdfff0,84,,2026-08-18T23:30:29+07:00
5aa692b4-d3fe-4b26-8d4f-1405cdb71a73,46c197bd-ef95-401f-aef5-77b2f5d406a6,4227322f-3efc-4249-9c82-bbd652717878,88,,2026-08-22T00:53:35+07:00
f10f4d90-025d-4428-8074-1c557804ac13,4276a171-b438-4a92-a9bd-b2473bc8e973,f1eb7eeb-a8ef-4cb0-a886-09d74d3af598,85,,2026-08-01T09:27:09+07:00
5520abed-2833-41d8-b0f0-97251328e940,4276a171-b438-4a92-a9bd-b2473bc8e973,,92,,2026-08-01T11:12:37+07:00
351834b9-766f-41ef-b9ef-eb4cb2c8e039,70479f7c-4b66-4803-9096-2de2d72dcc89,1427b036-c60b-4c81-a3c6-d573dda80136,83,,2026-07-31T06:35:35+07:00
5530d440-c1e5-4f96-811e-b305c6fdec6b,70479f7c-4b66-4803-9096-2de2d72dcc89,4227322f-3efc-4249-9c82-bbd652717878,92,,2026-08-13T17:54:33+07:00
946d6316-db4f-4f16-a1a7-bddeba4f95a8,768264c3-3502-411f-ace8-ebd182ee7c92,7fd4dcb0-dc6b-4e20-86e0-79dc05bf63ce,82,,2026-07-29T17:33:10+07:00
b12a84ab-509f-48b4-9f29-625826683b21,768264c3-3502-411f-ace8-ebd182ee7c92,506eaccd-4997-418d-8a64-a67ed9a58eaa,91,,2026-07-30T04:47:16+07:00
a82238f8-c651-4558-af8e-154941a34e6d,768264c3-3502-411f-ace8-ebd182ee7c92,,86,,2026-08-06T10:41:14+07:00
c5646c45-6d3b-4011-a206-a89500e0f6d3,dab8189c-bdf0-4803-bf3d-97efc40b9703,ec2e17a2-948e-44b3-915f-caa14df50aa9,84,,2026-07-29T07:25:46+07:00
0a217199-5357-4c87-8a8a-7a905237beaa,dab8189c-bdf0-4803-bf3d-97efc40b9703,,96,,2026-07-29T09:55:11+07:00
70b48927-0bc1-4a8b-8e00-ba1e0ffe39e8,dab8189c-bdf0-4803-bf3d-97efc40b9703,46d4a03e-c262-49ec-8695-987a04d7dc4b,90,,2026-08-07T01:37:49+07:00
c86fb204-14a6-4e35-90d2-611673624345,25c2e945-d563-41b5-9df8-1519fd524e03,6ac69667-8033-4d4c-8a2c-fb6006a2c00e,90,,2026-08-03T13:08:22+07:00
5fbd976e-c52a-4de4-b9fd-ba052e265ccf,25c2e945-d563-41b5-9df8-1519fd524e03,b405bb76-c190-4857-97dd-8ee547b0c179,84,,2026-08-07T13:46:30+07:00
cefb587b-b476-4173-b36a-a14ec462e85f,a08d9a47-a5c1-4f66-92d9-57d0238c667a,fcd40acc-4f8f-45c8-82df-e9d0f8206796,88,,2026-07-31T23:59:15+07:00
ca7bb1ac-6fd7-4465-9eb9-ded66f8f5ac8,a08d9a47-a5c1-4f66-92d9-57d0238c667a,2c00434b-be5e-45ee-8122-ed4c038e59ae,92,,2026-08-14T16:46:24+07:00
2424ca65-3520-4d74-9a5a-88e3a46f19cb,61bf61d8-0fcd-4b0f-a10d-5c22684ce096,49ee8f81-45d9-4cdc-83e5-abf8f1539d56,98,,2026-08-02T12:53:30+07:00
263429c3-e052-47a9-8c7f-497c512b4965,61bf61d8-0fcd-4b0f-a10d-5c22684ce096,f1eb7eeb-a8ef-4cb0-a886-09d74d3af598,83,,2026-08-03T05:55:01+07:00
bb98007c-4778-495a-bd77-0a29e475bc89,61bf61d8-0fcd-4b0f-a10d-5c22684ce096,,90,,2026-08-08T08:26:12+07:00
c3d7be08-05e1-4406-b685-74c69e40b5a0,61bf61d8-0fcd-4b0f-a10d-5c22684ce096,49ee8f81-45d9-4cdc-83e5-abf8f1539d56,99,,2026-08-10T10:35:30+07:00
830bd8f4-4dae-4122-884b-045bd641c1ef,b01bcbfa-26aa-4cab-bd1a-26ea0bb3623b,1b920a71-baaf-4adc-94e8-cd83874a8d54,85,,2026-07-30T04:21:29+07:00
47ac3784-c6eb-4aa8-9922-afbe75a03668,b01bcbfa-26aa-4cab-bd1a-26ea0bb3623b,88be6602-74af-4f89-b7fa-596e620aa8e4,89,,2026-07-30T18:13:24+07:00
88b28e29-51b7-49dc-8b67-68f0a3a0d1a7,b01bcbfa-26aa-4cab-bd1a-26ea0bb3623b,9d3a744a-0add-4abc-9dee-e537ac062393,84,,2026-08-16T04:17:55+07:00
a878b62c-a193-490c-8a0a-63229a790cbc,b01bcbfa-26aa-4cab-bd1a-26ea0bb3623b,46d4a03e-c262-49ec-8695-987a04d7dc4b,91,,2026-08-16T16:31:57+07:00
f8b76eb0-7029-4e91-98a5-92be0c4f835c,ef244b97-1a18-4669-afba-5d196ffd7f4c,7fd4dcb0-dc6b-4e20-86e0-79dc05bf63ce,88,,2026-08-03T01:15:13+07:00
61ca58ca-fc43-47c3-a1cd-5c1ca6f9ca3f,ef244b97-1a18-4669-afba-5d196ffd7f4c,461e2ef5-600f-436b-8b20-ff6b5e1c1561,90,,2026-08-08T14:53:03+07:00
f1ae6578-4176-4a4f-a3b4-85af73ec9a16,ef244b97-1a18-4669-afba-5d196ffd7f4c,385d7299-b7a7-4793-a42a-5185f3adf474,87,,2026-08-24T08:02:50+07:00
44db5692-4d0d-410d-b4e7-bb38e916984f,c23e5fb8-e46f-4091-ab80-5307e4da03f0,88be6602-74af-4f89-b7fa-596e620aa8e4,96,,2026-08-11T04:12:35+07:00
67d13929-01ca-4004-b5ac-85fc2e08daf0,dccb2e30-59ea-447d-9fd7-e1a628772301,1427b036-c60b-4c81-a3c6-d573dda80136,75,,2026-08-02T00:03:15+07:00
e742ad78-a94f-4645-aebb-09aff2ca02f7,dccb2e30-59ea-447d-9fd7-e1a628772301,ba952af1-6fd5-49fe-ba55-bdc465f95ca2,98,,2026-08-07T06:27:07+07:00
f913d58b-f3f1-4d12-84d2-9d4870e681bc,597faf26-b5f8-44c0-8cfb-9aaee613389b,ba952af1-6fd5-49fe-ba55-bdc465f95ca2,92,,2026-08-04T13:19:07+07:00
ea932540-d8a5-48dc-a5b9-5cb67170d7ae,597faf26-b5f8-44c0-8cfb-9aaee613389b,1427b036-c60b-4c81-a3c6-d573dda80136,85,,2026-08-10T03:56:27+07:00
4b88501c-145d-4bb0-9897-9e0d0c63f47e,ae660c73-3e93-4447-adac-173c0db3db1d,461e2ef5-600f-436b-8b20-ff6b5e1c1561,91,,2026-07-31T17:45:28+07:00
b12ad7a3-b254-4a0d-a1df-81c87153d3d7,ae660c73-3e93-4447-adac-173c0db3db1d,,74,,2026-08-01T18:01:23+07:00
b670aa63-c0d9-4cdb-8582-26575f318886,10ff59c4-e8db-4b93-a3c7-8d300015824b,73832518-b9b2-4f5a-bff7-cd820a5da9c8,91,,2026-08-06T03:39:11+07:00
4e9e8535-7d2f-41d2-8461-87ac5f7dae9d,5fd6b368-af3f-4ead-a27a-0b9835983086,f1eb7eeb-a8ef-4cb0-a886-09d74d3af598,86,,2026-08-01T04:30:08+07:00
0a46006e-25ef-4c7c-a242-fa0b7f56d350,5fd6b368-af3f-4ead-a27a-0b9835983086,1c9b4737-176c-445e-859d-330a859b0f5e,89,,2026-08-01T04:32:45+07:00
a707c2dd-72a4-476f-ac43-13532b858053,76fea9cb-7251-4e8c-8095-8cc75a45bc02,,86,,2026-08-05T23:04:57+07:00
cc6b4564-2cc1-436e-8d30-c0ee711f1d78,0d13f109-0eee-4160-b0bd-ffc9dc0bc11b,b405bb76-c190-4857-97dd-8ee547b0c179,95,,2026-07-31T03:59:11+07:00
0f091a42-871a-404e-82d2-1377d913c69e,0d13f109-0eee-4160-b0bd-ffc9dc0bc11b,2c00434b-be5e-45ee-8122-ed4c038e59ae,95,,2026-08-01T19:40:05+07:00
8942760f-fbec-4499-b3eb-de3e52514690,55219f08-9f45-4bf2-8a6e-59882d8c6bab,61345fcc-db36-431c-b4cb-70b3963078a8,83,,2026-07-31T09:57:44+07:00
0b359569-6412-4483-ba34-dacfd907de91,55219f08-9f45-4bf2-8a6e-59882d8c6bab,,88,,2026-08-25T09:38:00+07:00
25b90fc4-10aa-46cf-a67e-cd1009e02c51,f65996ab-ba64-4d4b-af6a-286ea54938dc,385d7299-b7a7-4793-a42a-5185f3adf474,89,,2026-08-07T12:06:27+07:00
8e741a94-8627-4412-b7e3-9c7e3923cc39,f9f609ab-69c7-4648-8096-16b2301d7942,,83,,2026-08-01T05:23:16+07:00
b2b0d559-ccad-4441-83fd-890eea879bd0,f9f609ab-69c7-4648-8096-16b2301d7942,c337fe45-7f56-472a-8155-a61796ad3a76,92,,2026-08-17T10:02:12+07:00
a888e023-d41c-46fa-bd70-1a5f46706437,bed64afb-5de8-4739-ae01-283e29005e3c,88be6602-74af-4f89-b7fa-596e620aa8e4,91,,2026-08-06T04:40:26+07:00
2e0216c5-af2b-4e29-8b25-bc083f8e6fac,bed64afb-5de8-4739-ae01-283e29005e3c,506eaccd-4997-418d-8a64-a67ed9a58eaa,95,,2026-08-21T02:38:38+07:00
8877fc40-d9e6-4a7d-913c-50301e9a3a0e,cf695e7a-e2d0-4e45-beec-0f1ae650026b,4227322f-3efc-4249-9c82-bbd652717878,94,,2026-08-01T06:02:25+07:00
e6a281bc-8bb2-4472-a715-8d593f50c4d4,cf695e7a-e2d0-4e45-beec-0f1ae650026b,61345fcc-db36-431c-b4cb-70b3963078a8,93,,2026-08-15T11:14:32+07:00
109aa6f6-a791-469d-a56d-9f5c9004e55b,d1d5e7ea-25c3-4153-b161-69407b9eaec0,,84,,2026-08-13T01:08:01+07:00
0adf2f79-3226-4dfa-8826-31bbd50acdaa,d1d5e7ea-25c3-4153-b161-69407b9eaec0,,92,,2026-08-26T22:34:23+07:00
df8cf797-9ae8-4f99-a503-72cc3dfe91d9,21706218-57d1-4eab-9238-d99bbeb1e09b,edb26a70-31be-4abe-8303-15f94d51175b,89,,2026-08-02T01:35:53+07:00
f8657115-5934-406b-938e-eef48eafbb31,21706218-57d1-4eab-9238-d99bbeb1e09b,88be6602-74af-4f89-b7fa-596e620aa8e4,76,,2026-08-04T20:49:16+07:00
a0960c2f-43fb-4dcf-bd14-d90702856389,4ac1e113-b139-4e59-8c31-c2732681e06b,49ee8f81-45d9-4cdc-83e5-abf8f1539d56,82,,2026-08-04T08:17:49+07:00
bf3528d8-dad3-44af-bdd2-efc348e1ba32,4ac1e113-b139-4e59-8c31-c2732681e06b,f07af7a6-e284-4594-bf88-9240894b8c96,78,,2026-08-07T03:33:46+07:00
44e9f260-3fa4-45e2-8fbf-f249843e2e77,51552887-c5d8-4c3f-bbde-4ee8bd52aceb,7fd4dcb0-dc6b-4e20-86e0-79dc05bf63ce,78,,2026-08-02T15:19:41+07:00
9ef02a38-723d-4030-adf5-ad3e814cbf61,51552887-c5d8-4c3f-bbde-4ee8bd52aceb,ec2e17a2-948e-44b3-915f-caa14df50aa9,71,,2026-08-07T19:31:53+07:00
6df97291-83ba-43d2-b02a-5408c9e6577f,51552887-c5d8-4c3f-bbde-4ee8bd52aceb,,79,,2026-08-20T20:35:41+07:00
3820b4d8-949e-48c0-931a-4e577ff3785a,cd8c6a69-ff36-48de-9373-b0ea1ec1b53a,,73,,2026-08-08T04:22:08+07:00
cfee11d3-ff14-4481-8e5f-8757dcc3b02c,c58142cc-0d4f-4729-8830-01feed9781db,1b18c38d-637d-4ecd-a2a1-77ed14d655bb,94,,2026-08-01T14:19:09+07:00
6dd2e205-29fa-4a5b-9a76-84b6ba0e2995,c58142cc-0d4f-4729-8830-01feed9781db,edb26a70-31be-4abe-8303-15f94d51175b,87,,2026-08-01T16:01:57+07:00
2623c797-dc3d-4c7c-9520-0cbd53cfd1a8,c58142cc-0d4f-4729-8830-01feed9781db,52dd34ca-96f4-4b5c-b960-b9886b7f2605,86,,2026-08-03T00:07:54+07:00
6ce88928-6311-4962-9bc7-bb54328b6590,c58142cc-0d4f-4729-8830-01feed9781db,,91,,2026-08-04T02:27:45+07:00
cdbe1842-788c-4f21-bece-989200ca2aa2,c58142cc-0d4f-4729-8830-01feed9781db,1b920a71-baaf-4adc-94e8-cd83874a8d54,95,,2026-08-19T00:37:04+07:00
af760a48-893d-43f7-84e9-ab7de9ac9a65,c58142cc-0d4f-4729-8830-01feed9781db,52e73b62-4559-490f-bc2e-7ada5e1bb367,94,,2026-08-19T10:43:22+07:00
70d13d85-92d8-4fc3-8299-d5b3fda7119e,c58142cc-0d4f-4729-8830-01feed9781db,506eaccd-4997-418d-8a64-a67ed9a58eaa,97,,2026-08-22T21:38:19+07:00
0dd704e8-7d40-467c-8b0d-b586c8a15365,c58142cc-0d4f-4729-8830-01feed9781db,52dd34ca-96f4-4b5c-b960-b9886b7f2605,93,,2026-08-25T09:38:46+07:00
549cbc78-cf33-44ce-a1e6-d4caadd84eae,c58142cc-0d4f-4729-8830-01feed9781db,c337fe45-7f56-472a-8155-a61796ad3a76,88,,2026-09-11T19:42:33+07:00
7c8380ec-ccde-44f1-93fc-17864c805328,e8e6da7c-cffb-4f5c-b981-f51d44f48338,52e73b62-4559-490f-bc2e-7ada5e1bb367,94,,2026-08-04T13:02:14+07:00
33a81cbe-b675-432b-b43e-9ece80380019,795f4cb3-b179-4481-9289-dce7ff8166ee,461e2ef5-600f-436b-8b20-ff6b5e1c1561,89,,2026-08-03T10:02:18+07:00
953adbd0-c473-47fc-8f27-129297085df6,795f4cb3-b179-4481-9289-dce7ff8166ee,028dcdfd-b509-4967-81ff-593ef33bb7ae,88,,2026-08-03T14:59:02+07:00
ea406d72-70ee-4806-a96e-6bc78ecc1e28,795f4cb3-b179-4481-9289-dce7ff8166ee,4227322f-3efc-4249-9c82-bbd652717878,79,,2026-08-03T18:11:24+07:00
377bd28b-b0b6-454f-b3fe-e0a3926741d8,795f4cb3-b179-4481-9289-dce7ff8166ee,88be6602-74af-4f89-b7fa-596e620aa8e4,96,,2026-08-05T16:55:54+07:00
c73802c5-bea5-4c76-9d24-9070326dbabd,795f4cb3-b179-4481-9289-dce7ff8166ee,2c00434b-be5e-45ee-8122-ed4c038e59ae,84,,2026-08-05T19:46:16+07:00
08c6e481-a00a-4de3-95e3-7952eb50ff62,795f4cb3-b179-4481-9289-dce7ff8166ee,,74,,2026-08-06T01:05:57+07:00
e62a9178-3b74-4dfa-9b2b-4c8a96426205,4670e977-5477-473e-8535-b704e1571999,2c00434b-be5e-45ee-8122-ed4c038e59ae,93,,2026-08-03T12:21:45+07:00
d4ff73c4-ca68-4041-9a90-596b7623105a,4670e977-5477-473e-8535-b704e1571999,1427b036-c60b-4c81-a3c6-d573dda80136,84,,2026-08-03T23:42:23+07:00
3deb5a99-11e1-472e-935a-b8d8a3707789,4670e977-5477-473e-8535-b704e1571999,10d05c09-bdb2-4253-8e44-856ad5336f34,91,,2026-09-07T01:12:24+07:00
aba1ebab-e979-4b3b-a031-d4b3641f6f02,07de1f0f-7a82-4996-8257-1620ea046531,385d7299-b7a7-4793-a42a-5185f3adf474,86,,2026-08-01T08:42:42+07:00
c39b8189-aacf-457c-9bf1-ab504b8d465e,07de1f0f-7a82-4996-8257-1620ea046531,2c00434b-be5e-45ee-8122-ed4c038e59ae,99,,2026-08-11T23:23:51+07:00
2701f796-8cac-4fd8-a77b-d3d78885f395,3d2f96d7-7381-4d16-901e-25e0de912335,83d2e570-56ce-4981-937c-fd58fd390509,74,,2026-08-02T16:59:15+07:00
78dca69a-c260-484e-9a25-921b089c7745,3d2f96d7-7381-4d16-901e-25e0de912335,b405bb76-c190-4857-97dd-8ee547b0c179,89,,2026-08-04T05:24:26+07:00
39a7c37a-4c1d-4ebf-a0a6-df96aafc3f62,5aed6272-a008-4747-9ea6-13821134e3b7,4227322f-3efc-4249-9c82-bbd652717878,91,,2026-08-02T14:24:49+07:00
62180949-5076-4bb6-8e59-d527012ea368,5aed6272-a008-4747-9ea6-13821134e3b7,b405bb76-c190-4857-97dd-8ee547b0c179,79,,2026-08-11T06:58:23+07:00
59cd2d77-d554-44fe-ae2c-7bd4dd851e4b,5aed6272-a008-4747-9ea6-13821134e3b7,7fd4dcb0-dc6b-4e20-86e0-79dc05bf63ce,91,,2026-08-14T18:42:06+07:00
a5672ea2-4e6e-47ed-8192-36ec65498cc1,45dc0ee9-405a-4571-8f11-bff30a5b7171,ba952af1-6fd5-49fe-ba55-bdc465f95ca2,91,,2026-08-12T20:55:36+07:00
dfed459b-2322-4ed1-ae8d-2264776a1617,d066bf73-07e6-4749-b2a7-57d8cd83d904,52e73b62-4559-490f-bc2e-7ada5e1bb367,78,,2026-08-03T07:47:08+07:00
4570191f-8a1f-40c9-9577-93837867c63a,d066bf73-07e6-4749-b2a7-57d8cd83d904,f1eb7eeb-a8ef-4cb0-a886-09d74d3af598,87,,2026-08-04T10:04:34+07:00
8bdfcf65-f815-48d0-92f4-6701fd0f9bce,d066bf73-07e6-4749-b2a7-57d8cd83d904,49ee8f81-45d9-4cdc-83e5-abf8f1539d56,89,,2026-08-07T21:29:54+07:00
1cdee18e-3ea1-440e-a829-68f02b6b5f2f,d066bf73-07e6-4749-b2a7-57d8cd83d904,1c9b4737-176c-445e-859d-330a859b0f5e,81,,2026-08-18T12:18:25+07:00
31fd89b8-0c77-4186-8563-220504197c94,d066bf73-07e6-4749-b2a7-57d8cd83d904,52e73b62-4559-490f-bc2e-7ada5e1bb367,86,,2026-08-23T17:07:57+07:00
891f4a91-5474-4900-bc5c-011af78fd308,d066bf73-07e6-4749-b2a7-57d8cd83d904,,79,,2026-08-25T02:55:25+07:00
755579ff-1951-4f35-bfd6-b0d70a279156,9af70437-2eeb-4dc9-8dc7-ce5474ccfc9c,7fd4dcb0-dc6b-4e20-86e0-79dc05bf63ce,94,,2026-08-03T03:31:38+07:00
1318a3fa-ccdc-41ad-a6e7-c7f723d45958,9af70437-2eeb-4dc9-8dc7-ce5474ccfc9c,,88,,2026-08-08T21:08:16+07:00
40c6213c-2c74-4135-826f-9fd7be2bbde6,9af70437-2eeb-4dc9-8dc7-ce5474ccfc9c,83d2e570-56ce-4981-937c-fd58fd390509,99,,2026-08-12T08:42:04+07:00
061bf222-08a1-472c-87b9-6f0eab254b47,97a2636c-b0b6-445b-a8c4-3f5fe234732c,88be6602-74af-4f89-b7fa-596e620aa8e4,80,,2026-08-10T04:42:07+07:00
1d157e7a-4c64-4378-983e-a8cc8a2bbc3c,97a2636c-b0b6-445b-a8c4-3f5fe234732c,7fd4dcb0-dc6b-4e20-86e0-79dc05bf63ce,77,,2026-08-15T23:10:29+07:00
41991a2f-a347-4807-8d67-fd53523e4772,c837f2d0-e0b8-4a25-bed8-62f641951d47,52e73b62-4559-490f-bc2e-7ada5e1bb367,85,,2026-08-05T01:02:57+07:00
c6ad9a58-467e-4adb-92bc-75d32905ab45,bc3ace8f-72dc-41a3-83b9-fb2719bdfb63,46d4a03e-c262-49ec-8695-987a04d7dc4b,88,,2026-08-02T15:05:38+07:00
7f5ed0a8-6432-47c4-87ec-7bf303bccdc3,bc3ace8f-72dc-41a3-83b9-fb2719bdfb63,52dd34ca-96f4-4b5c-b960-b9886b7f2605,99,,2026-08-26T08:37:02+07:00
5506dfcc-ef62-43b4-8396-0b36e2560942,bc3ace8f-72dc-41a3-83b9-fb2719bdfb63,,83,,2026-08-30T10:48:22+07:00
9e5f392a-158e-4254-a8d0-e56f76109495,aed09217-9686-41ef-a665-4e1312aaf824,3d6b328b-442b-40b7-8f09-18653f0b20a1,88,,2026-08-04T06:55:30+07:00
b91ee5b4-35de-46d4-884e-d765aff082a0,aed09217-9686-41ef-a665-4e1312aaf824,49ee8f81-45d9-4cdc-83e5-abf8f1539d56,87,,2026-08-11T23:37:19+07:00
5da9b9eb-2195-458e-bc03-fda134b9d4a6,bb7d0798-8ef0-4d50-b5ac-6d90436a0dcb,52e73b62-4559-490f-bc2e-7ada5e1bb367,91,,2026-08-03T20:46:51+07:00
79452b4b-a9ef-418e-8ce4-0f9ecf60ce3f,bb7d0798-8ef0-4d50-b5ac-6d90436a0dcb,3d6b328b-442b-40b7-8f09-18653f0b20a1,87,,2026-08-21T00:53:38+07:00
4b856af8-c3ed-4c9e-861c-8858a7d304c7,92ebad57-2f07-48c7-b1a8-49db8558b108,52dd34ca-96f4-4b5c-b960-b9886b7f2605,86,,2026-08-06T10:40:14+07:00
5816dfcb-228d-46cb-9197-56a7b16af1af,92ebad57-2f07-48c7-b1a8-49db8558b108,2c00434b-be5e-45ee-8122-ed4c038e59ae,95,,2026-08-10T00:07:10+07:00
bc5ae2bd-acc8-4e71-84b7-b5c5995b4a29,92ebad57-2f07-48c7-b1a8-49db8558b108,3d6b328b-442b-40b7-8f09-18653f0b20a1,73,,2026-08-14T02:32:25+07:00
2abef079-a8d1-461b-995a-95f8bf3bbce0,a79e0738-cebd-4630-a48a-600e2c1c4b05,6ac69667-8033-4d4c-8a2c-fb6006a2c00e,87,,2026-08-05T08:23:13+07:00
a1cdf19d-d20f-44c7-a743-4a46c957884f,a79e0738-cebd-4630-a48a-600e2c1c4b05,1c9b4737-176c-445e-859d-330a859b0f5e,72,,2026-08-05T12:18:34+07:00
b06daedf-6537-4a8a-b1e8-3966d511424c,a79e0738-cebd-4630-a48a-600e2c1c4b05,1427b036-c60b-4c81-a3c6-d573dda80136,84,,2026-08-05T17:26:53+07:00
a2a2e76d-92d0-43f9-ba98-1f5320b20a16,a79e0738-cebd-4630-a48a-600e2c1c4b05,edb26a70-31be-4abe-8303-15f94d51175b,99,,2026-08-07T09:40:09+07:00
74589685-79de-466e-85c6-d653a1f349d1,a79e0738-cebd-4630-a48a-600e2c1c4b05,49ee8f81-45d9-4cdc-83e5-abf8f1539d56,87,,2026-08-14T22:46:53+07:00
7f801ebc-257d-4389-b00e-006436265bd1,a79e0738-cebd-4630-a48a-600e2c1c4b05,f1eb7eeb-a8ef-4cb0-a886-09d74d3af598,91,,2026-08-24T03:05:39+07:00
e251ccb9-e5d3-4565-9ac8-e8eabcf56c61,778de5bc-47e2-473a-9e0d-e3d041bbecb4,fcd40acc-4f8f-45c8-82df-e9d0f8206796,93,,2026-08-02T22:29:17+07:00
037bf713-e9c6-42f5-92ed-4adac0c4414d,778de5bc-47e2-473a-9e0d-e3d041bbecb4,028dcdfd-b509-4967-81ff-593ef33bb7ae,89,,2026-08-03T10:40:12+07:00
2329beaa-58f3-4280-9447-5de03ac52a9d,778de5bc-47e2-473a-9e0d-e3d041bbecb4,,84,,2026-08-15T07:17:40+07:00
eccc0f5b-a519-4b47-923a-8370fdb00af0,d8a6edcf-eb0f-483b-bbc6-54056b07e073,3d6b328b-442b-40b7-8f09-18653f0b20a1,82,,2026-08-05T18:40:49+07:00
702b8bd2-28e1-4ae7-9163-63f4fadee60a,d8a6edcf-eb0f-483b-bbc6-54056b07e073,49ee8f81-45d9-4cdc-83e5-abf8f1539d56,91,,2026-08-05T18:59:54+07:00
7221b56d-e741-49b8-9425-4fc138bd4096,6c40630b-7d09-4c20-b38b-ba8cd173951e,10d05c09-bdb2-4253-8e44-856ad5336f34,82,,2026-08-04T15:37:44+07:00
36c1a630-f0cb-4662-8d5f-622dda3cdbce,6c40630b-7d09-4c20-b38b-ba8cd173951e,1427b036-c60b-4c81-a3c6-d573dda80136,96,,2026-08-07T11:47:25+07:00
832865ac-b194-4d71-8222-125a21b95682,7239e4f3-8365-4b90-b3d4-762ad2fe6a63,ec2e17a2-948e-44b3-915f-caa14df50aa9,88,,2026-08-11T00:40:25+07:00
231848f7-4e9a-45f9-a851-31ba226f485c,f3f187c4-2d3b-4ae0-bd5c-ee8b4afe8c53,3d6b328b-442b-40b7-8f09-18653f0b20a1,91,,2026-08-11T19:24:46+07:00
8df2ff54-738e-4243-97ef-5f77e0ed1de5,f3f187c4-2d3b-4ae0-bd5c-ee8b4afe8c53,a12b0378-6739-4162-9eba-0b93ccfdfff0,97,,2026-08-13T21:15:12+07:00
7e896966-7b30-4dc5-ba8c-819e8755b79d,b146dbfe-500d-404d-8772-8d49a3caa18a,3d6b328b-442b-40b7-8f09-18653f0b20a1,78,,2026-08-04T02:23:37+07:00
e3383a30-534f-4826-8d89-97705f7ad1d2,b146dbfe-500d-404d-8772-8d49a3caa18a,,79,,2026-09-04T19:25:30+07:00
f9927c2b-1699-4caf-9774-d7cff6639f19,db45cff2-420d-4b59-b4db-84655c891c79,,78,,2026-08-04T11:32:42+07:00
2f2b84c3-d4ea-4950-bb8f-bacbbd137f77,db45cff2-420d-4b59-b4db-84655c891c79,f1eb7eeb-a8ef-4cb0-a886-09d74d3af598,88,,2026-08-13T17:23:19+07:00
e39027d6-6162-44aa-89fb-1b453ea5aa6e,db45cff2-420d-4b59-b4db-84655c891c79,66637ead-7b55-4701-918c-347f1ff9573c,91,,2026-08-15T06:19:12+07:00
8e70ea29-ae83-4a8d-9a78-90b5ee213044,db45cff2-420d-4b59-b4db-84655c891c79,d2c29091-0e3c-43d4-916f-76666e797354,92,,2026-08-19T15:17:40+07:00
5337495a-d6aa-4966-811b-c42fe21e290a,db45cff2-420d-4b59-b4db-84655c891c79,46d4a03e-c262-49ec-8695-987a04d7dc4b,98,,2026-08-25T11:03:45+07:00
1f862839-7d72-41e2-9fac-0262454ab078,e2ac2700-4cdc-4c61-8ed8-73585187b151,fcd40acc-4f8f-45c8-82df-e9d0f8206796,80,,2026-08-11T16:50:53+07:00
163eaaac-5e4c-4372-be4d-4150bb74fe03,e2ac2700-4cdc-4c61-8ed8-73585187b151,,84,,2026-08-14T15:06:53+07:00
d26cfa7a-a7d4-4801-8bd8-b912a270219c,e2ac2700-4cdc-4c61-8ed8-73585187b151,88be6602-74af-4f89-b7fa-596e620aa8e4,91,,2026-08-17T17:09:51+07:00
10c8e73e-6990-4663-98d9-d00e6950bed8,e2ac2700-4cdc-4c61-8ed8-73585187b151,,93,,2026-09-03T19:43:05+07:00
575133cc-de9e-47a8-85dc-14a347db2566,92aba182-a61b-434e-a425-48112ab8b2f9,edb26a70-31be-4abe-8303-15f94d51175b,84,,2026-08-02T22:11:05+07:00
d3954454-9feb-422f-9500-5e03ad15014d,92aba182-a61b-434e-a425-48112ab8b2f9,,91,,2026-08-07T02:59:21+07:00
42ac9255-2763-4680-9cb5-ef0722e6cd08,0ad19e45-9a52-42f3-a791-14a51492b715,49ee8f81-45d9-4cdc-83e5-abf8f1539d56,84,,2026-08-04T02:22:07+07:00
e01c35b3-bb08-4fa7-942d-1b19d43c79c8,0ad19e45-9a52-42f3-a791-14a51492b715,1427b036-c60b-4c81-a3c6-d573dda80136,99,,2026-08-06T05:40:12+07:00
5aaf6d34-3ca3-4a02-91eb-f2a8039b7918,0ad19e45-9a52-42f3-a791-14a51492b715,ba952af1-6fd5-49fe-ba55-bdc465f95ca2,81,,2026-08-07T15:46:11+07:00
7ad4f7d4-6802-4d24-ab5f-7fad7daf233f,0ad19e45-9a52-42f3-a791-14a51492b715,61345fcc-db36-431c-b4cb-70b3963078a8,89,,2026-08-11T08:44:35+07:00
3a4565cb-49dc-4a44-bc5b-380821a18111,0ad19e45-9a52-42f3-a791-14a51492b715,f07af7a6-e284-4594-bf88-9240894b8c96,94,,2026-08-13T17:04:56+07:00
c129efdc-2fb0-478d-92de-41738a3819b4,0ad19e45-9a52-42f3-a791-14a51492b715,9d3a744a-0add-4abc-9dee-e537ac062393,85,,2026-08-14T14:11:42+07:00
77696cc0-d875-4b01-849f-83403f867aa3,0ad19e45-9a52-42f3-a791-14a51492b715,506eaccd-4997-418d-8a64-a67ed9a58eaa,95,,2026-08-24T21:29:56+07:00
26b437ca-b343-4527-a973-7a75d34f14d2,0ad19e45-9a52-42f3-a791-14a51492b715,461e2ef5-600f-436b-8b20-ff6b5e1c1561,91,,2026-09-04T19:09:03+07:00
f65e2b1b-b47e-411b-8fac-649290ef0267,3eb9932b-afd4-441f-a716-49a1a439dedd,ec2e17a2-948e-44b3-915f-caa14df50aa9,90,,2026-08-08T05:17:48+07:00
706c4080-0d94-4440-b0ce-df95dce75547,3eb9932b-afd4-441f-a716-49a1a439dedd,b405bb76-c190-4857-97dd-8ee547b0c179,91,,2026-08-10T15:18:58+07:00
5730097a-4631-4f58-9d38-e924b070d6f8,2238748b-efae-4f4a-902b-202e2e04a49a,3d6b328b-442b-40b7-8f09-18653f0b20a1,83,,2026-08-07T21:09:06+07:00
acf1e57e-ae47-4be4-80f3-771920da37f5,2238748b-efae-4f4a-902b-202e2e04a49a,83d2e570-56ce-4981-937c-fd58fd390509,86,,2026-08-14T10:03:51+07:00
0f490f02-55ac-4ce7-8cff-a620c3be78c3,bbe63dc1-3807-47da-af06-1ff0448aeee6,1b920a71-baaf-4adc-94e8-cd83874a8d54,89,,2026-08-05T02:25:17+07:00
c596a652-367f-455e-81c5-0e9c93731376,bbe63dc1-3807-47da-af06-1ff0448aeee6,6ac69667-8033-4d4c-8a2c-fb6006a2c00e,95,,2026-08-10T01:54:31+07:00
893e903f-da0b-4a8b-bbbe-dd357d80c245,bbe63dc1-3807-47da-af06-1ff0448aeee6,461e2ef5-600f-436b-8b20-ff6b5e1c1561,99,,2026-08-13T08:31:58+07:00
79c36460-53c7-48ed-ba66-75251a944aee,bbe63dc1-3807-47da-af06-1ff0448aeee6,385d7299-b7a7-4793-a42a-5185f3adf474,84,,2026-08-20T01:57:21+07:00
13f7d4da-f84b-4341-a7c4-dfd92e75dd25,17a3d8bc-803c-4b1c-9380-57341e6ed7a3,506eaccd-4997-418d-8a64-a67ed9a58eaa,89,,2026-08-04T18:16:17+07:00
017543ec-4fe1-4937-8786-3a5e01447e1b,17a3d8bc-803c-4b1c-9380-57341e6ed7a3,d2c29091-0e3c-43d4-916f-76666e797354,86,,2026-08-10T01:25:02+07:00
4fee4baa-ba51-4112-bf92-2814f11d62d1,83c84d7a-2d3b-4009-8148-aadc6a024046,ba952af1-6fd5-49fe-ba55-bdc465f95ca2,90,,2026-08-05T23:27:08+07:00
006e6ff8-6b4a-4ea1-a190-474bb8a65a3d,83c84d7a-2d3b-4009-8148-aadc6a024046,,90,,2026-09-03T23:17:11+07:00
11d328da-c1bb-4b76-acdf-a3902065f69e,f73386d9-a16b-4bb8-afef-a04a5a501987,83d2e570-56ce-4981-937c-fd58fd390509,90,,2026-08-04T20:28:16+07:00
35a7b2c1-397c-4f6d-8a2c-4158c1ed837a,f73386d9-a16b-4bb8-afef-a04a5a501987,52e73b62-4559-490f-bc2e-7ada5e1bb367,84,,2026-08-09T06:09:49+07:00
c598621f-8070-4a74-bcdb-1361f4de92b0,f593d1a3-45dd-45e4-bf27-1e0469f43e76,6ac69667-8033-4d4c-8a2c-fb6006a2c00e,74,,2026-08-04T16:42:04+07:00
da2ea67c-7449-40fa-ba55-ef5e1ee728d0,d6b1081c-141c-4285-a4c0-87357c5c9796,6ac69667-8033-4d4c-8a2c-fb6006a2c00e,86,,2026-08-04T12:14:54+07:00
3e7a98ad-9c90-4947-9d5b-45efa955554b,d6b1081c-141c-4285-a4c0-87357c5c9796,1b18c38d-637d-4ecd-a2a1-77ed14d655bb,89,,2026-08-10T23:42:55+07:00
92a13193-4060-4835-9b0d-7d05c64c2694,68f57d51-e4ee-461c-9b4b-87ef3fc2a18e,3d6b328b-442b-40b7-8f09-18653f0b20a1,81,,2026-08-20T06:39:07+07:00
6283d81e-fb34-43f2-95f7-5b3705ef5211,68f57d51-e4ee-461c-9b4b-87ef3fc2a18e,73832518-b9b2-4f5a-bff7-cd820a5da9c8,84,,2026-09-02T10:25:33+07:00
c5975414-c96a-44c6-988e-bb05e1ad7cd5,eed67131-6c01-4187-af1b-51f77da7e650,73832518-b9b2-4f5a-bff7-cd820a5da9c8,83,,2026-08-18T21:57:19+07:00
12cad4bf-ccc4-4c71-b2ee-e6382ba27fd7,32d51a1b-5a2f-4861-8146-5504f37527ab,461e2ef5-600f-436b-8b20-ff6b5e1c1561,99,,2026-08-05T16:00:26+07:00
8b1ba874-3b2c-4bc3-b99e-b460f454843e,544e1279-c47e-4fcb-8c1b-40ee660bdae0,506eaccd-4997-418d-8a64-a67ed9a58eaa,90,,2026-08-08T15:57:19+07:00
3cfc7d76-5283-4f11-9116-e17129809fdc,544e1279-c47e-4fcb-8c1b-40ee660bdae0,b405bb76-c190-4857-97dd-8ee547b0c179,84,,2026-08-10T23:26:05+07:00
9d3f1465-8889-40c7-916e-793fce0c4e73,544e1279-c47e-4fcb-8c1b-40ee660bdae0,506eaccd-4997-418d-8a64-a67ed9a58eaa,86,,2026-08-25T14:15:58+07:00
de2bc145-5892-42f0-a6e2-2e21dc4f1806,5bf23f8d-cc6b-41b9-9c2b-0548ea25590d,a12b0378-6739-4162-9eba-0b93ccfdfff0,97,,2026-08-06T01:58:24+07:00
15a8f077-f63b-4917-81b3-ed79658906fa,5bf23f8d-cc6b-41b9-9c2b-0548ea25590d,a12b0378-6739-4162-9eba-0b93ccfdfff0,89,,2026-08-06T05:59:09+07:00
2c689ee7-04cd-4347-806c-ab2855acb5d6,5bf23f8d-cc6b-41b9-9c2b-0548ea25590d,461e2ef5-600f-436b-8b20-ff6b5e1c1561,88,,2026-08-07T13:38:27+07:00
4022943a-d511-48ed-b3e9-9c9d977b97d2,5bf23f8d-cc6b-41b9-9c2b-0548ea25590d,1c9b4737-176c-445e-859d-330a859b0f5e,94,,2026-08-11T22:18:43+07:00
eb32ed02-0803-4d0c-a7a2-a6a0fbbaccd0,704795b9-c7f3-4c9d-bb02-c5a4dd4bff9e,1c9b4737-176c-445e-859d-330a859b0f5e,76,,2026-08-07T06:50:08+07:00
f9615a01-b30e-4f4d-9713-dc2ab3347ba1,704795b9-c7f3-4c9d-bb02-c5a4dd4bff9e,10d05c09-bdb2-4253-8e44-856ad5336f34,89,,2026-08-07T08:10:29+07:00
726cb222-4f50-48a4-ab1a-9e2aeb398d3c,704795b9-c7f3-4c9d-bb02-c5a4dd4bff9e,385d7299-b7a7-4793-a42a-5185f3adf474,85,,2026-08-13T22:59:46+07:00
3b5ef863-78ed-47da-b2df-59e31aec5919,81a2332f-0c60-440d-b34d-b30548165a88,,72,,2026-08-05T00:47:11+07:00
4d7beddb-5c78-479e-8adf-da02687b6c69,81a2332f-0c60-440d-b34d-b30548165a88,6ac69667-8033-4d4c-8a2c-fb6006a2c00e,83,,2026-08-18T13:08:41+07:00
7e8e5301-8ab3-4434-9ee0-598ff184b201,81a2332f-0c60-440d-b34d-b30548165a88,fcd40acc-4f8f-45c8-82df-e9d0f8206796,69,,2026-08-20T04:41:27+07:00
a4b0b60e-c157-48bf-9ed8-88aa818ae337,81a2332f-0c60-440d-b34d-b30548165a88,2c00434b-be5e-45ee-8122-ed4c038e59ae,85,,2026-08-23T17:00:13+07:00
da7dd6f0-e060-4999-b997-0df95bd9e1cd,81a2332f-0c60-440d-b34d-b30548165a88,d2c29091-0e3c-43d4-916f-76666e797354,93,,2026-08-30T17:35:54+07:00
44203b06-36d2-4147-a4a7-cfd9d6263d1b,81a2332f-0c60-440d-b34d-b30548165a88,f1eb7eeb-a8ef-4cb0-a886-09d74d3af598,80,,2026-09-09T23:51:17+07:00
c36cb202-a67c-4e07-84a8-383e8c8d206f,81a2332f-0c60-440d-b34d-b30548165a88,52dd34ca-96f4-4b5c-b960-b9886b7f2605,86,,2026-09-17T19:09:10+07:00
b8338ea7-4c53-47a5-892f-48fd855735c7,913a9e8a-4f8a-4bcf-9d5c-e4ab60286ea5,66637ead-7b55-4701-918c-347f1ff9573c,95,,2026-08-11T02:39:14+07:00
298dbcf6-63c6-4593-a4d8-41ee6c9a7c24,913a9e8a-4f8a-4bcf-9d5c-e4ab60286ea5,506eaccd-4997-418d-8a64-a67ed9a58eaa,88,,2026-08-19T00:38:09+07:00
365abac8-52c3-4520-b45c-d0daaf24fd29,b8db2cdb-6027-4235-902e-678db86aaf32,,88,,2026-08-05T03:19:30+07:00
2ed0b0b9-9f05-4496-85bb-46a6168e02a8,b8db2cdb-6027-4235-902e-678db86aaf32,fcd40acc-4f8f-45c8-82df-e9d0f8206796,86,,2026-08-05T05:02:34+07:00
ee7d06e2-1848-4137-b197-19d5768f33ae,b8db2cdb-6027-4235-902e-678db86aaf32,,81,,2026-08-09T03:16:47+07:00
7a04e314-dc9c-400e-8c49-087a9d4f2a30,b8db2cdb-6027-4235-902e-678db86aaf32,c337fe45-7f56-472a-8155-a61796ad3a76,92,,2026-08-11T20:53:34+07:00
72b817ca-1133-4dfa-8fe6-7943c25609d4,b8db2cdb-6027-4235-902e-678db86aaf32,461e2ef5-600f-436b-8b20-ff6b5e1c1561,89,,2026-09-09T14:18:21+07:00
3ddb4866-78bb-4d47-ad06-407c382e886f,dac43c4b-2de1-471c-b9fd-c9e3319ef46d,b405bb76-c190-4857-97dd-8ee547b0c179,92,,2026-08-13T16:46:58+07:00
cc0de3ed-89c7-43c5-bd0b-62e41e8ee16a,dac43c4b-2de1-471c-b9fd-c9e3319ef46d,52e73b62-4559-490f-bc2e-7ada5e1bb367,91,,2026-08-31T00:38:38+07:00
1ac3af43-dd8c-4fcf-a5ce-b59bbc57dadb,60dbe275-f0b5-4c5e-b40e-60e1219b2f9b,83d2e570-56ce-4981-937c-fd58fd390509,87,,2026-08-07T11:27:50+07:00
692000c1-9c1b-4532-9b92-cdbe11abe416,60dbe275-f0b5-4c5e-b40e-60e1219b2f9b,10d05c09-bdb2-4253-8e44-856ad5336f34,85,,2026-08-26T17:46:00+07:00
d4addb9b-dec6-4ad4-9f52-b6b8589184a2,dfd0baa8-9b4f-4c14-b9e4-7e0e85e75ef1,49ee8f81-45d9-4cdc-83e5-abf8f1539d56,89,,2026-08-08T14:03:57+07:00
1e09d6e6-0cd0-4e94-92fc-b2758d8f2292,dfd0baa8-9b4f-4c14-b9e4-7e0e85e75ef1,73832518-b9b2-4f5a-bff7-cd820a5da9c8,90,,2026-08-24T20:02:35+07:00
67bdf205-2bdf-4116-9af1-7bbaa8741fcc,dfd0baa8-9b4f-4c14-b9e4-7e0e85e75ef1,4227322f-3efc-4249-9c82-bbd652717878,95,,2026-09-18T08:32:49+07:00
258d4110-ff55-46a1-8f96-5519b67efdd4,377854c8-30d9-41c6-be68-fea2441a712d,,86,,2026-08-07T23:12:57+07:00
5849cf49-2166-4584-a360-f42f4ffb57dd,377854c8-30d9-41c6-be68-fea2441a712d,a12b0378-6739-4162-9eba-0b93ccfdfff0,88,,2026-08-23T17:10:10+07:00
31b4fefc-f0e5-4b56-84ed-f0827dc9226e,2da1d101-6ddb-42ff-8e5d-cb60cc392a7e,,88,,2026-08-06T05:31:19+07:00
aa65c8b5-45b4-432d-9c88-64a2b845c071,2da1d101-6ddb-42ff-8e5d-cb60cc392a7e,52dd34ca-96f4-4b5c-b960-b9886b7f2605,84,,2026-08-19T04:10:31+07:00
5e2b9bb6-51bf-45a2-a851-6064eea7f625,2620697a-7bf9-4ca8-b1e2-26b416fdc521,1b18c38d-637d-4ecd-a2a1-77ed14d655bb,91,,2026-08-06T10:39:44+07:00
bd20e211-5611-4074-b933-319bdc195783,2620697a-7bf9-4ca8-b1e2-26b416fdc521,edb26a70-31be-4abe-8303-15f94d51175b,90,,2026-08-21T03:59:26+07:00
14dca654-8dce-4120-b7a8-84c940da0d81,7914c009-0530-44b3-bc34-ffafd2418dc5,a12b0378-6739-4162-9eba-0b93ccfdfff0,92,,2026-08-06T18:25:17+07:00
04075403-57b9-40ac-9e23-4d723d6d15ce,7914c009-0530-44b3-bc34-ffafd2418dc5,1b920a71-baaf-4adc-94e8-cd83874a8d54,78,,2026-08-27T22:38:27+07:00
4a8e18b5-fd32-4a2f-a0ba-3187b24c94ae,7914c009-0530-44b3-bc34-ffafd2418dc5,385d7299-b7a7-4793-a42a-5185f3adf474,88,,2026-09-06T10:54:35+07:00
915e0c8a-8248-42f4-b679-cdb0551de99c,df7cc103-aa1c-40af-aaee-24c3eda68b88,1b920a71-baaf-4adc-94e8-cd83874a8d54,92,,2026-08-06T14:24:16+07:00
de6f0e05-a91c-426d-bfbe-0e8b383abc21,486bcda8-338b-4e0c-a6ad-a855125710d2,edb26a70-31be-4abe-8303-15f94d51175b,90,,2026-08-07T00:12:52+07:00
e076cf4d-8832-4299-a321-0040ca4f7324,486bcda8-338b-4e0c-a6ad-a855125710d2,52e73b62-4559-490f-bc2e-7ada5e1bb367,89,,2026-08-07T01:35:50+07:00
a012c203-ecdb-4a5b-9376-b130698fd4af,486bcda8-338b-4e0c-a6ad-a855125710d2,,90,,2026-08-07T01:39:41+07:00
4e213bfb-7d35-42d0-8823-e2ba0d5369f8,486bcda8-338b-4e0c-a6ad-a855125710d2,6ac69667-8033-4d4c-8a2c-fb6006a2c00e,91,,2026-08-19T04:31:58+07:00
5341926f-0c67-4629-adb5-b2b156d7af1a,41331df8-b42c-498f-90c1-0530d0f02075,1427b036-c60b-4c81-a3c6-d573dda80136,81,,2026-08-07T14:12:59+07:00
6d5cb816-5044-4716-a6f7-50a7cefad5ba,41331df8-b42c-498f-90c1-0530d0f02075,c337fe45-7f56-472a-8155-a61796ad3a76,78,,2026-08-14T10:09:44+07:00
9a838ecb-882a-4ad5-9944-4ceb146a0d5e,41331df8-b42c-498f-90c1-0530d0f02075,f1eb7eeb-a8ef-4cb0-a886-09d74d3af598,96,,2026-08-16T09:03:20+07:00
1d544c6a-661b-4c07-a74d-a773888001ea,549e2e9f-c122-46df-b6a7-e94d48927ed5,fcd40acc-4f8f-45c8-82df-e9d0f8206796,88,,2026-08-07T10:45:27+07:00
c2edeb68-d60b-4b87-b8ce-f969c29aabe0,549e2e9f-c122-46df-b6a7-e94d48927ed5,a12b0378-6739-4162-9eba-0b93ccfdfff0,90,,2026-08-08T05:19:14+07:00
549f9937-46d0-45f7-a6e1-9ab3975fad7d,549e2e9f-c122-46df-b6a7-e94d48927ed5,028dcdfd-b509-4967-81ff-593ef33bb7ae,87,,2026-08-15T02:33:46+07:00
0f6ba273-868a-46e2-a46f-7367f31c2c66,549e2e9f-c122-46df-b6a7-e94d48927ed5,3d6b328b-442b-40b7-8f09-18653f0b20a1,92,,2026-08-27T18:46:52+07:00
93caebae-a154-479b-8f54-31262cdbf1b6,e3b8ec2d-2e4b-4a8a-84e0-7fa616946b54,,94,,2026-08-06T00:40:37+07:00
66c3b334-3ce5-4506-b731-d34b84cc10cc,e3b8ec2d-2e4b-4a8a-84e0-7fa616946b54,edb26a70-31be-4abe-8303-15f94d51175b,87,,2026-08-09T15:44:54+07:00
be8b1f26-38f2-4055-9825-cf702a43545a,e3b8ec2d-2e4b-4a8a-84e0-7fa616946b54,1c9b4737-176c-445e-859d-330a859b0f5e,83,,2026-08-14T12:53:52+07:00
a7373489-3410-45e1-8ef0-bc8aef3cabdd,70bc1849-2b0d-46c7-a497-02b11364dab0,,89,,2026-08-09T00:59:04+07:00
f81a1c6f-1953-436c-bd07-97cad072a3a7,70bc1849-2b0d-46c7-a497-02b11364dab0,1c9b4737-176c-445e-859d-330a859b0f5e,82,,2026-08-09T16:57:23+07:00
f153d0a4-2aeb-430b-9168-62b95ff533ad,70bc1849-2b0d-46c7-a497-02b11364dab0,028dcdfd-b509-4967-81ff-593ef33bb7ae,89,,2026-08-11T01:44:36+07:00
d2bdde99-5f95-4c99-bb4d-bf79093a7916,5813068a-0b41-45a8-a9f8-2e44681702e2,ec2e17a2-948e-44b3-915f-caa14df50aa9,76,,2026-08-12T09:05:29+07:00
b28380e8-b98d-4c0e-a432-ce48460e57a6,5813068a-0b41-45a8-a9f8-2e44681702e2,49ee8f81-45d9-4cdc-83e5-abf8f1539d56,83,,2026-08-12T11:33:58+07:00
bef5fdd3-2260-4fd8-9306-b931593f0348,5813068a-0b41-45a8-a9f8-2e44681702e2,2c00434b-be5e-45ee-8122-ed4c038e59ae,85,,2026-08-19T16:38:54+07:00
995d1032-e492-48fe-b645-37fa0048e949,5f4c7507-8b6f-4083-a8f8-9a21425caa72,9d3a744a-0add-4abc-9dee-e537ac062393,84,,2026-08-11T12:22:06+07:00
98c65053-1043-4cf0-b3fb-0d6b8d423574,8e1ea09d-9984-4479-b0fb-d4f180eb06e5,d2c29091-0e3c-43d4-916f-76666e797354,94,,2026-08-13T13:53:10+07:00
91c07cda-c982-418e-8af7-1cdd963349e4,7eec5035-f260-4799-95ea-ee9a45909516,6ac69667-8033-4d4c-8a2c-fb6006a2c00e,86,,2026-08-08T10:52:38+07:00
182571e3-6d3d-44b1-8f17-2e48f91cf32b,582242b1-1c40-4a1b-bed3-7b66c8b26671,49ee8f81-45d9-4cdc-83e5-abf8f1539d56,90,,2026-08-08T02:18:15+07:00
4f0e06c4-c977-4ec7-8a22-0f6315202f4e,582242b1-1c40-4a1b-bed3-7b66c8b26671,028dcdfd-b509-4967-81ff-593ef33bb7ae,84,,2026-08-18T15:39:06+07:00
285dcd1d-bd16-4cc1-b987-dd50db07545e,582242b1-1c40-4a1b-bed3-7b66c8b26671,83d2e570-56ce-4981-937c-fd58fd390509,93,,2026-09-14T12:11:57+07:00
24eb8f0d-c6d4-4b7b-a751-526727f70c8f,928faaf4-e07d-4912-abc3-e6727c094069,1427b036-c60b-4c81-a3c6-d573dda80136,83,,2026-08-08T11:01:26+07:00
7c74c62c-503d-4e36-9cba-3888ebb7bf50,928faaf4-e07d-4912-abc3-e6727c094069,461e2ef5-600f-436b-8b20-ff6b5e1c1561,92,,2026-08-09T05:44:20+07:00
e2677e0f-33e0-47c8-b747-10bbfdacd7bf,928faaf4-e07d-4912-abc3-e6727c094069,1c9b4737-176c-445e-859d-330a859b0f5e,90,,2026-08-15T02:24:08+07:00
b53bfac9-98f4-4fde-8427-99140990b276,928faaf4-e07d-4912-abc3-e6727c094069,10d05c09-bdb2-4253-8e44-856ad5336f34,88,,2026-08-19T08:47:40+07:00
7d938c2c-21fb-4f0e-970a-ec6d22aac821,928faaf4-e07d-4912-abc3-e6727c094069,ec2e17a2-948e-44b3-915f-caa14df50aa9,86,,2026-08-21T12:24:02+07:00
923ce2f5-a1e0-4223-9961-f8dbf24afd1a,33c463f4-8116-42a2-8731-4083b6fa279b,edb26a70-31be-4abe-8303-15f94d51175b,88,,2026-08-07T19:50:59+07:00
2bf4532f-b4ec-4535-a9f8-62b19a62e820,33c463f4-8116-42a2-8731-4083b6fa279b,461e2ef5-600f-436b-8b20-ff6b5e1c1561,84,,2026-08-28T17:46:49+07:00
473d6f4f-f528-4d37-8559-5cbc4403bbeb,33c463f4-8116-42a2-8731-4083b6fa279b,61345fcc-db36-431c-b4cb-70b3963078a8,78,,2026-09-05T04:52:18+07:00
26c2603e-5798-4fa4-8173-e9876e348a08,7706c9dc-6ec1-49a4-89cb-a746bfb4dd59,,96,,2026-08-08T03:23:00+07:00
9c61d399-5b13-465c-a014-329b5ae50628,7706c9dc-6ec1-49a4-89cb-a746bfb4dd59,6ac69667-8033-4d4c-8a2c-fb6006a2c00e,90,,2026-08-13T15:52:55+07:00
d8af6aa4-f5b9-467a-8cd4-e9a0f8af70b0,7706c9dc-6ec1-49a4-89cb-a746bfb4dd59,a12b0378-6739-4162-9eba-0b93ccfdfff0,88,,2026-08-22T06:24:43+07:00
19fa4d8e-45eb-46ba-821f-3c245ace5625,f2a79cf6-fb9e-4100-8360-1a64e829ae0a,52dd34ca-96f4-4b5c-b960-b9886b7f2605,87,,2026-08-08T07:03:25+07:00
b6b377f4-9bae-4b92-9325-dfc9a09da26d,f2a79cf6-fb9e-4100-8360-1a64e829ae0a,6ac69667-8033-4d4c-8a2c-fb6006a2c00e,86,,2026-08-10T18:20:49+07:00
f7c982ce-afec-439c-9b8c-6c72fce45abb,f2a79cf6-fb9e-4100-8360-1a64e829ae0a,,87,,2026-08-29T14:00:12+07:00
7d3d7369-1d90-4fc8-85c3-2b034b19d70e,f2a79cf6-fb9e-4100-8360-1a64e829ae0a,edb26a70-31be-4abe-8303-15f94d51175b,93,,2026-09-04T03:16:23+07:00
6d8043bb-cd80-4641-9634-2ff5cb4aa97b,6f695598-53a8-4c70-94f1-711916633653,028dcdfd-b509-4967-81ff-593ef33bb7ae,85,,2026-08-22T05:35:46+07:00
ef38f189-b44a-4fda-a1bf-c0d003db3216,6f695598-53a8-4c70-94f1-711916633653,9d3a744a-0add-4abc-9dee-e537ac062393,84,,2026-09-16T05:12:07+07:00
cee0187e-4969-466f-a46d-2f8b1c6986f6,f4d63df7-97cc-4012-8473-aced39fd2704,1c9b4737-176c-445e-859d-330a859b0f5e,91,,2026-08-08T22:05:06+07:00
44924056-e715-4f05-8411-9107894747f9,f4d63df7-97cc-4012-8473-aced39fd2704,,99,,2026-08-10T20:37:44+07:00
dd5927c8-5419-4a66-8245-3e1b0d66e9cf,f4d63df7-97cc-4012-8473-aced39fd2704,7fd4dcb0-dc6b-4e20-86e0-79dc05bf63ce,94,,2026-08-22T21:03:43+07:00
6248d063-43ad-448b-8601-20727462c9b1,f4d63df7-97cc-4012-8473-aced39fd2704,10d05c09-bdb2-4253-8e44-856ad5336f34,82,,2026-09-01T11:11:22+07:00
30f2c1dc-f084-49f2-90f0-a28da0cbb034,06516f70-1893-4564-94ac-358f0f840627,461e2ef5-600f-436b-8b20-ff6b5e1c1561,81,,2026-08-08T03:00:18+07:00
05dc7b29-77a4-431a-b5ba-ffda87bbb0f1,06516f70-1893-4564-94ac-358f0f840627,461e2ef5-600f-436b-8b20-ff6b5e1c1561,90,,2026-08-10T08:34:25+07:00
3fb6dd36-100d-49bd-bce1-343feaf01455,06516f70-1893-4564-94ac-358f0f840627,ba952af1-6fd5-49fe-ba55-bdc465f95ca2,86,,2026-08-10T22:45:02+07:00
d63d7b87-a20a-4217-a6b1-75f24f9cd35f,06516f70-1893-4564-94ac-358f0f840627,fcd40acc-4f8f-45c8-82df-e9d0f8206796,91,,2026-08-19T17:49:20+07:00
cd359eb4-66ae-4430-8225-ee52e262ce61,06516f70-1893-4564-94ac-358f0f840627,,90,,2026-09-08T00:39:11+07:00
bbef2cd4-5e6c-428d-8bf1-4d4523f9eb31,50dc12a4-b57f-4965-be85-30c637798510,028dcdfd-b509-4967-81ff-593ef33bb7ae,90,,2026-08-12T13:17:24+07:00
f9e34ca4-9de8-49a6-b0a5-70ad45ef3e5f,50dc12a4-b57f-4965-be85-30c637798510,52dd34ca-96f4-4b5c-b960-b9886b7f2605,87,,2026-08-26T01:03:40+07:00
a5d2c539-3de4-4c33-b95b-9f48b319d9ca,5d043617-ff1f-407d-a69e-f76ae208ff58,1b920a71-baaf-4adc-94e8-cd83874a8d54,89,,2026-08-09T00:25:27+07:00
20b4f782-9d71-472d-ae06-194d9db3d503,5d043617-ff1f-407d-a69e-f76ae208ff58,4227322f-3efc-4249-9c82-bbd652717878,95,,2026-08-14T17:12:08+07:00
620c585b-e2eb-430b-8b2a-9286abccee3a,c09e3bba-371a-46fa-8378-8fa67ce24752,88be6602-74af-4f89-b7fa-596e620aa8e4,87,,2026-08-08T17:34:52+07:00
a08fc3b9-8ac5-4f54-a5e1-21566a7049cb,c09e3bba-371a-46fa-8378-8fa67ce24752,7fd4dcb0-dc6b-4e20-86e0-79dc05bf63ce,87,,2026-08-12T22:57:56+07:00
28867e28-b235-40e7-bc80-b0255fd4fe14,5898120f-654f-475f-9db0-1fa17fd4fd48,,84,,2026-08-11T23:51:14+07:00
7e6ef913-044f-4097-9823-5af58182ceac,d91281fc-df67-46f6-a66b-597eba60832c,fcd40acc-4f8f-45c8-82df-e9d0f8206796,89,,2026-08-09T04:09:50+07:00
e7f837c3-650d-442f-a200-fcaf58c5a3da,d91281fc-df67-46f6-a66b-597eba60832c,ba952af1-6fd5-49fe-ba55-bdc465f95ca2,83,,2026-08-27T22:00:37+07:00
10dcae65-286e-470f-b24b-14626149209d,c93ec079-554b-4e74-81d5-ab5cdf29b405,,78,,2026-08-09T03:53:29+07:00
f783d3de-275a-47bf-b3ff-9e4398ed38b5,c93ec079-554b-4e74-81d5-ab5cdf29b405,,80,,2026-08-11T14:59:48+07:00
d15a97fa-fb8d-424f-811c-58295431be3c,c93ec079-554b-4e74-81d5-ab5cdf29b405,b405bb76-c190-4857-97dd-8ee547b0c179,89,,2026-09-11T05:28:20+07:00
39c8aeed-a0b0-41ab-a88e-642d92d46850,589b67e8-42dc-479c-a7be-154c699fc11f,88be6602-74af-4f89-b7fa-596e620aa8e4,95,,2026-08-09T07:11:13+07:00
162e9c9e-6ecf-4dcb-861d-ad7544f6d3a0,8d0d466d-a49a-46eb-ad55-4dc0d593e1d9,88be6602-74af-4f89-b7fa-596e620aa8e4,91,,2026-08-09T23:20:37+07:00
00b50a0f-08f4-4a0e-888f-7cd3eb01b42a,8d0d466d-a49a-46eb-ad55-4dc0d593e1d9,7fd4dcb0-dc6b-4e20-86e0-79dc05bf63ce,79,,2026-08-18T23:56:05+07:00
dda0b0ed-56a3-48c9-84b5-6f8cdf89c676,c4bcb8b8-4521-448d-be96-1e1fa6fba39c,9d3a744a-0add-4abc-9dee-e537ac062393,91,,2026-08-11T00:10:27+07:00
01e086b4-b27e-44d2-9f98-78ae305cdb55,c4bcb8b8-4521-448d-be96-1e1fa6fba39c,d2c29091-0e3c-43d4-916f-76666e797354,99,,2026-09-03T02:01:04+07:00
02eb7e89-63cb-4502-949f-665c99a741fe,876eb6a8-5ddd-460d-93c3-b5a495a76c23,7fd4dcb0-dc6b-4e20-86e0-79dc05bf63ce,92,,2026-08-21T09:28:48+07:00
13dcde33-e84c-421a-b689-6bd7ae0c0106,876eb6a8-5ddd-460d-93c3-b5a495a76c23,a12b0378-6739-4162-9eba-0b93ccfdfff0,81,,2026-08-22T01:15:35+07:00
30b80dde-eaca-45a0-98b4-25eb121f595b,21d66b88-95e6-40ef-b2c5-4b445f473bcd,506eaccd-4997-418d-8a64-a67ed9a58eaa,90,,2026-08-14T09:56:25+07:00
4f73af8d-a946-4669-8f80-bd5d121a7d66,21d66b88-95e6-40ef-b2c5-4b445f473bcd,1b920a71-baaf-4adc-94e8-cd83874a8d54,83,,2026-08-27T21:38:02+07:00
4377366c-b43c-45e9-87ff-7d15d0d694ec,844008db-4080-4561-8e3c-27100185be63,b405bb76-c190-4857-97dd-8ee547b0c179,84,,2026-08-12T19:06:58+07:00
288dbe5d-f616-4eae-8076-c815a0045ef5,f3315bde-4de8-4dcb-98a5-a8544824cd62,d2c29091-0e3c-43d4-916f-76666e797354,79,,2026-08-12T11:17:33+07:00
4602e91c-fd4c-4073-8fc3-643f1373406e,986f98c1-c496-4784-b7a4-4c0a2ab03ee8,2c00434b-be5e-45ee-8122-ed4c038e59ae,99,,2026-08-09T07:08:46+07:00
20c455f0-4c10-4b43-9b1b-b50251436f99,9269d72d-8820-4ab7-aa28-442885e974cf,c337fe45-7f56-472a-8155-a61796ad3a76,84,,2026-08-12T11:15:40+07:00
147d00b3-098e-406e-aed0-39bf64f69f17,9269d72d-8820-4ab7-aa28-442885e974cf,4227322f-3efc-4249-9c82-bbd652717878,91,,2026-08-24T15:06:32+07:00
ec8e11f2-0534-4b6f-8a92-435ca7c7274c,9269d72d-8820-4ab7-aa28-442885e974cf,88be6602-74af-4f89-b7fa-596e620aa8e4,84,,2026-09-13T12:50:03+07:00
380504b6-f8b8-4183-b869-733123e50fd2,754575da-517f-4c5b-a93a-a7ca028816cc,52dd34ca-96f4-4b5c-b960-b9886b7f2605,87,,2026-08-11T13:07:02+07:00
180fc8e3-7df1-4216-b7f1-85a78c477877,754575da-517f-4c5b-a93a-a7ca028816cc,,77,,2026-08-14T22:18:57+07:00
da71f14b-1845-425b-b94c-abd2dbc2513e,e30b3b8c-46ef-4911-85e0-37c5da2cc091,c337fe45-7f56-472a-8155-a61796ad3a76,81,,2026-08-10T03:18:20+07:00
2d49160e-4c8a-4d51-aabe-beb776556104,e30b3b8c-46ef-4911-85e0-37c5da2cc091,49ee8f81-45d9-4cdc-83e5-abf8f1539d56,83,,2026-08-16T13:05:04+07:00
c83f956c-45fa-47d3-8371-d9b1dfd23dfd,e30b3b8c-46ef-4911-85e0-37c5da2cc091,f07af7a6-e284-4594-bf88-9240894b8c96,85,,2026-08-31T19:14:29+07:00
cc1a6c1b-31fe-497a-9236-8d7de3dc91f0,813c433a-0369-4e26-b2ea-4c13056fe187,385d7299-b7a7-4793-a42a-5185f3adf474,83,,2026-08-18T19:18:56+07:00
a7d8bb5a-16a2-4eb8-84cf-fd0f77124063,813c433a-0369-4e26-b2ea-4c13056fe187,3d6b328b-442b-40b7-8f09-18653f0b20a1,87,,2026-08-31T04:01:49+07:00
a91b2f1f-4d7d-4598-bbfa-6de9279871ba,1f174151-06d3-4a32-b295-fca73ba45490,edb26a70-31be-4abe-8303-15f94d51175b,84,,2026-08-11T10:40:22+07:00
ff0cc0fb-8769-4b25-9525-27a2bf03a897,1f174151-06d3-4a32-b295-fca73ba45490,028dcdfd-b509-4967-81ff-593ef33bb7ae,99,,2026-08-22T15:14:33+07:00
00f8051e-4428-406b-a698-17b92dd66450,1f174151-06d3-4a32-b295-fca73ba45490,fcd40acc-4f8f-45c8-82df-e9d0f8206796,87,,2026-09-01T05:53:51+07:00
f34de693-0e5d-45e4-9e3e-d35cf7a47754,1f174151-06d3-4a32-b295-fca73ba45490,1b920a71-baaf-4adc-94e8-cd83874a8d54,99,,2026-09-16T18:12:43+07:00
2f0436be-a76f-454c-ae5b-f37ad1e8395d,3187ae8a-25cd-4fee-9e08-e35cae72d1c5,f07af7a6-e284-4594-bf88-9240894b8c96,91,,2026-08-12T17:17:28+07:00
571a781b-ff1b-43d6-847c-5ea414713f24,3187ae8a-25cd-4fee-9e08-e35cae72d1c5,3d6b328b-442b-40b7-8f09-18653f0b20a1,88,,2026-08-28T13:48:52+07:00
a671a3bd-c833-4ca3-ba15-b591e9032b85,3187ae8a-25cd-4fee-9e08-e35cae72d1c5,1c9b4737-176c-445e-859d-330a859b0f5e,86,,2026-08-31T20:19:48+07:00
1b606638-fd37-495f-8754-a304f7026579,4ae80fdf-b6d4-4fb0-9341-785d982cd0d4,52dd34ca-96f4-4b5c-b960-b9886b7f2605,86,,2026-08-09T19:17:58+07:00
da35170f-93a3-4d39-bcec-524b1a4d2da5,4ae80fdf-b6d4-4fb0-9341-785d982cd0d4,,93,,2026-08-10T05:28:20+07:00
6e4c6008-f412-465f-8ff5-90f2cecfac34,4ae80fdf-b6d4-4fb0-9341-785d982cd0d4,73832518-b9b2-4f5a-bff7-cd820a5da9c8,84,,2026-08-10T14:00:06+07:00
0c7f7ff3-6fb4-4e81-9f7e-e0c106196996,4ae80fdf-b6d4-4fb0-9341-785d982cd0d4,9d3a744a-0add-4abc-9dee-e537ac062393,94,,2026-08-18T03:26:53+07:00
1b1e07fc-e902-4796-bc3b-b9145b2f9284,4ae80fdf-b6d4-4fb0-9341-785d982cd0d4,52dd34ca-96f4-4b5c-b960-b9886b7f2605,98,,2026-09-01T08:49:51+07:00
1ba2a107-69f7-4a1f-800d-f5553c2f772b,c402b866-bd6b-45a6-b570-b0d3fff45354,49ee8f81-45d9-4cdc-83e5-abf8f1539d56,92,,2026-08-11T14:00:34+07:00
6e3f58a6-ba00-42d3-811e-27f58479793b,a53099d2-52fc-4ac5-8313-d77f745a0c83,,85,,2026-08-30T01:23:00+07:00
fd03190e-75c1-4499-8900-8a6eb762742e,a53099d2-52fc-4ac5-8313-d77f745a0c83,461e2ef5-600f-436b-8b20-ff6b5e1c1561,88,,2026-09-13T23:26:50+07:00
72ccdb52-7af3-4050-9815-a4ef676fb34c,c20cd0be-97ee-4df1-89a0-6c7794325af2,a12b0378-6739-4162-9eba-0b93ccfdfff0,92,,2026-08-27T22:58:49+07:00
d8c152f2-3cce-4617-9eec-e680a9283843,c20cd0be-97ee-4df1-89a0-6c7794325af2,6ac69667-8033-4d4c-8a2c-fb6006a2c00e,78,,2026-08-28T22:49:36+07:00
cba5b2e6-7122-4d3a-bd63-d322ab1a4d50,8fb73c40-3017-4cbc-b64e-b902e0cd196e,f1eb7eeb-a8ef-4cb0-a886-09d74d3af598,86,,2026-08-12T01:11:22+07:00
9eedcba2-e551-4a78-8ef1-123b66bb9ea3,8fb73c40-3017-4cbc-b64e-b902e0cd196e,385d7299-b7a7-4793-a42a-5185f3adf474,89,,2026-08-12T05:19:20+07:00
1a3da6bb-9716-4ee6-ad44-940f9165d8fc,8fb73c40-3017-4cbc-b64e-b902e0cd196e,9d3a744a-0add-4abc-9dee-e537ac062393,99,,2026-09-15T03:01:51+07:00
0c8440ad-0390-4231-8fdd-cf9acfba06ec,767dd6ab-99ea-4352-af24-99ad9f86f1bc,1427b036-c60b-4c81-a3c6-d573dda80136,88,,2026-08-11T00:38:07+07:00
246029b5-dadf-48c1-af14-1f87797b1514,767dd6ab-99ea-4352-af24-99ad9f86f1bc,ec2e17a2-948e-44b3-915f-caa14df50aa9,87,,2026-08-11T00:45:51+07:00
c305d871-c89b-4d87-90c4-3bd46408a944,fdd63385-d4be-40af-a7d9-9ddc3f369f1c,1c9b4737-176c-445e-859d-330a859b0f5e,81,,2026-08-11T07:44:51+07:00
32d76fea-96d5-42eb-ac44-f39654199548,fdd63385-d4be-40af-a7d9-9ddc3f369f1c,66637ead-7b55-4701-918c-347f1ff9573c,92,,2026-08-20T15:36:58+07:00
57a14ddd-24aa-4b89-883e-a26659e71e60,ffb9e494-27b5-44e0-95d2-b56891302319,9d3a744a-0add-4abc-9dee-e537ac062393,91,,2026-08-11T00:10:58+07:00
e93f49bb-121a-41e2-8bbf-3fd740fc7ccf,ffb9e494-27b5-44e0-95d2-b56891302319,f1eb7eeb-a8ef-4cb0-a886-09d74d3af598,88,,2026-08-18T19:29:55+07:00
d79e24cc-67ca-41b0-8631-e40f5153d6f7,ffb9e494-27b5-44e0-95d2-b56891302319,1c9b4737-176c-445e-859d-330a859b0f5e,97,,2026-08-21T09:42:17+07:00
6770ef8b-225b-496b-ac67-069804ef4c35,608f9701-b5ba-4f0e-a25e-70b6c768fc5b,49ee8f81-45d9-4cdc-83e5-abf8f1539d56,87,,2026-08-19T00:00:58+07:00
ce7e9c1a-cf29-4e4c-b89d-8a6e35da2fb6,608f9701-b5ba-4f0e-a25e-70b6c768fc5b,385d7299-b7a7-4793-a42a-5185f3adf474,90,,2026-08-28T16:07:59+07:00
f2c06586-4685-43a2-a0b8-356b208b51c1,bc1a5fbb-ea0e-4c22-94fc-8005fcc448d4,7fd4dcb0-dc6b-4e20-86e0-79dc05bf63ce,83,,2026-08-17T15:36:25+07:00
dde80d3e-a3bb-4ab4-a829-48185e3b3ba0,660a4d08-f0d0-4220-b2c1-18a66b7a0b5d,1427b036-c60b-4c81-a3c6-d573dda80136,92,,2026-08-10T17:40:28+07:00
f090736e-3f1a-4968-b867-b36635c48afc,ceda4d28-bb56-46ca-b4f9-86bdcd4ba15a,1b18c38d-637d-4ecd-a2a1-77ed14d655bb,85,,2026-08-14T00:12:33+07:00
f200dc2a-934d-4dbb-96ae-c3dab78acfbd,ceda4d28-bb56-46ca-b4f9-86bdcd4ba15a,52dd34ca-96f4-4b5c-b960-b9886b7f2605,79,,2026-09-01T01:21:54+07:00
a0e88bf6-a6a1-4ee7-99d5-c431c73bce2c,73f5b838-dfa3-466f-8d68-80dbea0f8964,52dd34ca-96f4-4b5c-b960-b9886b7f2605,98,,2026-08-12T14:41:05+07:00
f05db684-f543-4cca-8964-0526c66796a1,73f5b838-dfa3-466f-8d68-80dbea0f8964,ec2e17a2-948e-44b3-915f-caa14df50aa9,90,,2026-08-23T05:45:27+07:00
e5de0498-240e-4990-94b9-a503ddfaa4cd,73f5b838-dfa3-466f-8d68-80dbea0f8964,1427b036-c60b-4c81-a3c6-d573dda80136,89,,2026-08-23T08:52:04+07:00
53baf78d-d9e9-4a3f-b497-cb1d5f50d0e0,73f5b838-dfa3-466f-8d68-80dbea0f8964,52dd34ca-96f4-4b5c-b960-b9886b7f2605,95,,2026-09-12T06:41:06+07:00
987ffe2e-a728-4ded-8902-15c1e8162da5,73f5b838-dfa3-466f-8d68-80dbea0f8964,,98,,2026-09-12T07:56:56+07:00
b1a06a31-0216-4906-aa8d-0f2ddc420c07,f6260985-aefd-4d8e-9855-6d4f0ac5a014,028dcdfd-b509-4967-81ff-593ef33bb7ae,87,,2026-08-14T08:10:23+07:00
e0606f32-8187-4cbe-adce-0e3a8154b2b4,f6260985-aefd-4d8e-9855-6d4f0ac5a014,1c9b4737-176c-445e-859d-330a859b0f5e,89,,2026-08-17T22:34:40+07:00
4d304876-03a0-46f4-87b7-14d57bb13539,121a2fe0-f7b6-42ca-87ee-a8cdda1c04f1,,91,,2026-08-13T17:20:37+07:00
28e5c4a8-2001-4d3e-aa6b-ff53f7d7cdb2,2b3890ec-0d25-45f4-a3f2-1ab73e8464c0,,85,,2026-08-13T07:03:55+07:00
ef90bae0-65aa-4f07-a7c6-9940816c61ce,2b3890ec-0d25-45f4-a3f2-1ab73e8464c0,52dd34ca-96f4-4b5c-b960-b9886b7f2605,91,,2026-08-19T07:33:35+07:00
b3b1768e-276c-427c-9c33-d3e73778669f,8b05569b-daee-4430-8247-9d5911a9cd17,1c9b4737-176c-445e-859d-330a859b0f5e,91,,2026-08-12T01:04:43+07:00
f0cd0a2a-9226-4177-8fdd-bd5f35161829,8b05569b-daee-4430-8247-9d5911a9cd17,6ac69667-8033-4d4c-8a2c-fb6006a2c00e,99,,2026-08-17T23:23:48+07:00
e387b6e6-2a6c-4b87-83e8-0d4ca7a29f1c,7c52a9e1-daf5-44a4-87a9-b1c7434da4df,88be6602-74af-4f89-b7fa-596e620aa8e4,90,,2026-08-12T09:06:01+07:00
1be28b85-e4c3-4340-b08d-3b12e51df0a7,7c52a9e1-daf5-44a4-87a9-b1c7434da4df,4227322f-3efc-4249-9c82-bbd652717878,89,,2026-08-12T09:51:30+07:00
533b21a0-a5f1-47a9-9850-02159efa8c44,7c52a9e1-daf5-44a4-87a9-b1c7434da4df,,92,,2026-08-27T15:28:37+07:00
9a525edc-3915-4215-a319-b2034e1ada7c,7c52a9e1-daf5-44a4-87a9-b1c7434da4df,f1eb7eeb-a8ef-4cb0-a886-09d74d3af598,84,,2026-09-02T19:38:20+07:00
073eeb82-31c0-4249-969a-ce5afe203011,4f3ccb1d-5071-44e0-a22b-4e9b1f753ce4,6ac69667-8033-4d4c-8a2c-fb6006a2c00e,82,,2026-08-12T17:24:10+07:00
48bd6db1-6b52-49f4-9e7f-08c7610f8a31,4f3ccb1d-5071-44e0-a22b-4e9b1f753ce4,f1eb7eeb-a8ef-4cb0-a886-09d74d3af598,83,,2026-08-13T23:16:28+07:00
c4085afa-ba7b-4a2d-9002-8b4e4e135893,4f3ccb1d-5071-44e0-a22b-4e9b1f753ce4,66637ead-7b55-4701-918c-347f1ff9573c,88,,2026-08-20T02:26:12+07:00
a4e209e8-f1a8-4d7f-854f-9a7fa36f08a6,4f3ccb1d-5071-44e0-a22b-4e9b1f753ce4,2c00434b-be5e-45ee-8122-ed4c038e59ae,86,,2026-09-02T10:56:37+07:00
46ed2ec1-a045-47bb-93bb-e076f4451336,aaada8be-3de4-41a5-838c-1737a5d84413,028dcdfd-b509-4967-81ff-593ef33bb7ae,92,,2026-08-13T04:12:57+07:00
f420843f-c830-458f-b6d0-d0f6bf824cc6,aaada8be-3de4-41a5-838c-1737a5d84413,fcd40acc-4f8f-45c8-82df-e9d0f8206796,92,,2026-08-16T10:11:08+07:00
6885fcc6-1fe2-423b-b0d9-cfbe025a0a9f,765d4b4f-7992-4d2a-99f9-3ab0781b285c,d2c29091-0e3c-43d4-916f-76666e797354,95,,2026-08-13T13:01:07+07:00
0369c2e5-9453-4c18-bb12-b615eff56e9a,765d4b4f-7992-4d2a-99f9-3ab0781b285c,,86,,2026-08-18T00:18:23+07:00
eda3b83a-1416-4dc7-815b-51a666fce6c2,43b82d46-da1e-4e0d-934e-35b94ca335ef,,88,,2026-08-11T23:30:31+07:00
e641aea8-d0aa-4486-90c3-7b2d3f11e8b2,43b82d46-da1e-4e0d-934e-35b94ca335ef,d2c29091-0e3c-43d4-916f-76666e797354,76,,2026-09-05T17:43:38+07:00
8b8f79de-acd7-4f53-a4cb-ffd7ac54ba7d,30a17ab1-74e6-41b8-92d1-a72204f5ae8b,,87,,2026-08-12T10:42:20+07:00
7b8223b2-09aa-421f-a816-46d1d80c2696,e257fa3c-0382-425b-a848-2704c790577c,f1eb7eeb-a8ef-4cb0-a886-09d74d3af598,93,,2026-08-13T10:00:33+07:00
ef87c8f0-abf3-454e-a0be-f9d214ced3c7,e257fa3c-0382-425b-a848-2704c790577c,61345fcc-db36-431c-b4cb-70b3963078a8,93,,2026-08-15T04:54:31+07:00
55221d3e-8566-4045-9c60-1eb186fcddd6,e257fa3c-0382-425b-a848-2704c790577c,7fd4dcb0-dc6b-4e20-86e0-79dc05bf63ce,83,,2026-08-15T07:45:27+07:00
09a0b8ed-b2a6-4ac0-a6fd-66494727883d,e257fa3c-0382-425b-a848-2704c790577c,,80,,2026-08-18T13:07:48+07:00
2a618014-5281-4898-94f8-0f4c88c920d9,e257fa3c-0382-425b-a848-2704c790577c,,93,,2026-08-26T15:40:01+07:00
4f6f3c3f-9501-4cba-bc8c-e29a19a09c2f,e257fa3c-0382-425b-a848-2704c790577c,,89,,2026-08-31T04:36:18+07:00
3e0eaaa1-f655-4c33-977a-e53527808732,399016b0-e62b-40ef-927e-f74963746742,f07af7a6-e284-4594-bf88-9240894b8c96,86,,2026-08-13T00:36:41+07:00
d731e008-8722-43d9-aa72-75a075b4b5ef,399016b0-e62b-40ef-927e-f74963746742,49ee8f81-45d9-4cdc-83e5-abf8f1539d56,98,,2026-08-20T18:08:14+07:00
5b440c00-5587-40a1-88ae-2e195e1abe9e,399016b0-e62b-40ef-927e-f74963746742,46d4a03e-c262-49ec-8695-987a04d7dc4b,99,,2026-09-09T01:04:42+07:00
656755a3-5432-443a-b3cc-30fd6a89942d,eb00e706-6663-41f8-ab14-b95281db9e71,1b18c38d-637d-4ecd-a2a1-77ed14d655bb,79,,2026-08-13T21:15:55+07:00
94e87bdf-fb2d-4783-859f-0bda03069a38,eb00e706-6663-41f8-ab14-b95281db9e71,461e2ef5-600f-436b-8b20-ff6b5e1c1561,84,,2026-08-20T15:00:41+07:00
f005a307-ce80-4178-9e9e-372fb02bad60,eb00e706-6663-41f8-ab14-b95281db9e71,b405bb76-c190-4857-97dd-8ee547b0c179,89,,2026-09-04T03:35:36+07:00
6aae2bd8-e3bb-46c4-bbd7-9f6b9b621f94,4cda1263-7975-4f40-96d3-8b008bbbd00f,ba952af1-6fd5-49fe-ba55-bdc465f95ca2,83,,2026-08-25T21:01:43+07:00
08868f29-539c-433c-b41a-cccf3883c56c,4cda1263-7975-4f40-96d3-8b008bbbd00f,,86,,2026-08-26T18:42:50+07:00
3221ac40-f64b-428d-9155-54397372e507,4cda1263-7975-4f40-96d3-8b008bbbd00f,,85,,2026-08-30T17:14:49+07:00
680d7778-53e8-4980-9b07-9f5619e3936d,24662f86-62b7-48b1-a37d-10df6928d434,7fd4dcb0-dc6b-4e20-86e0-79dc05bf63ce,90,,2026-08-17T07:38:00+07:00
ab6e2fd3-efaf-4f04-a82f-6bc27bb03a26,24662f86-62b7-48b1-a37d-10df6928d434,73832518-b9b2-4f5a-bff7-cd820a5da9c8,90,,2026-08-24T18:51:24+07:00
2d322847-add0-44e5-8a37-fbee7e0f4837,24662f86-62b7-48b1-a37d-10df6928d434,,91,,2026-09-18T02:22:17+07:00
f28de099-e53e-42ff-99d4-b18151db0f53,edc8b4d6-1f3a-421b-87de-c7a44e53e7f3,d2c29091-0e3c-43d4-916f-76666e797354,77,,2026-08-12T22:59:01+07:00
6ad0532b-8a2f-4516-848b-b56f950a3939,edc8b4d6-1f3a-421b-87de-c7a44e53e7f3,88be6602-74af-4f89-b7fa-596e620aa8e4,86,,2026-08-20T01:25:10+07:00
5e29570c-7462-4aa2-966e-c00d052f3f9b,edc8b4d6-1f3a-421b-87de-c7a44e53e7f3,73832518-b9b2-4f5a-bff7-cd820a5da9c8,86,,2026-08-21T19:16:29+07:00
d7e6780e-544f-4fc4-b4fe-cc36b34c9ebe,edc8b4d6-1f3a-421b-87de-c7a44e53e7f3,,81,,2026-08-23T23:25:37+07:00
7850acc1-2f87-4fd6-9a89-5c565fe7ed7e,edc8b4d6-1f3a-421b-87de-c7a44e53e7f3,7fd4dcb0-dc6b-4e20-86e0-79dc05bf63ce,83,,2026-09-09T21:52:44+07:00
09578f02-8287-4453-b22c-6e45dd2d5d85,6f529698-c4ae-4a1c-b1f5-3ade9c5377b3,ec2e17a2-948e-44b3-915f-caa14df50aa9,81,,2026-08-14T04:31:40+07:00
622884c6-0e19-4b2e-8ee5-402074514c26,6f529698-c4ae-4a1c-b1f5-3ade9c5377b3,7fd4dcb0-dc6b-4e20-86e0-79dc05bf63ce,88,,2026-08-14T04:49:16+07:00
d0d66f36-58a9-4996-8282-8ec2a77f1da2,6f529698-c4ae-4a1c-b1f5-3ade9c5377b3,52dd34ca-96f4-4b5c-b960-b9886b7f2605,97,,2026-08-18T00:50:31+07:00
92644452-4130-42fe-9aab-f96373771110,6f529698-c4ae-4a1c-b1f5-3ade9c5377b3,52dd34ca-96f4-4b5c-b960-b9886b7f2605,93,,2026-08-20T11:35:30+07:00
9a3d8ed0-345c-42bc-9b1f-c69a6387c8d7,6f529698-c4ae-4a1c-b1f5-3ade9c5377b3,d2c29091-0e3c-43d4-916f-76666e797354,98,,2026-08-22T03:33:13+07:00
12d0359a-d32a-4867-b89b-5f6b065e61e6,6f529698-c4ae-4a1c-b1f5-3ade9c5377b3,ba952af1-6fd5-49fe-ba55-bdc465f95ca2,89,,2026-08-29T07:30:20+07:00
dd917c0c-686a-4407-951d-7ae1003f7c34,6f529698-c4ae-4a1c-b1f5-3ade9c5377b3,,85,,2026-09-03T14:48:50+07:00
2b57f605-d721-490d-91cc-ffdfd0432fd7,6f529698-c4ae-4a1c-b1f5-3ade9c5377b3,ec2e17a2-948e-44b3-915f-caa14df50aa9,98,,2026-09-04T05:40:22+07:00
03a21862-af8d-46f0-8969-38432dcdfcd7,6f529698-c4ae-4a1c-b1f5-3ade9c5377b3,385d7299-b7a7-4793-a42a-5185f3adf474,96,,2026-09-06T12:44:09+07:00
b640cf02-8d78-4c2e-aeab-dcca64401002,6f529698-c4ae-4a1c-b1f5-3ade9c5377b3,3d6b328b-442b-40b7-8f09-18653f0b20a1,95,,2026-09-09T09:53:38+07:00
a612f7ec-10f9-4f7d-9633-3eac687965a1,d98b7fda-1bbd-4c14-ae41-aca413e3ac66,66637ead-7b55-4701-918c-347f1ff9573c,82,,2026-08-13T06:14:20+07:00
eeb419c3-709a-4d9a-a8e7-fd41d7c82c50,d98b7fda-1bbd-4c14-ae41-aca413e3ac66,,91,,2026-08-14T13:45:11+07:00
5e09e779-c65e-4d48-a17d-377a18a1bf90,becea2ab-3c3e-47e6-a581-32418a0a76de,506eaccd-4997-418d-8a64-a67ed9a58eaa,89,,2026-08-14T22:37:58+07:00
061f324b-75f4-4602-a64a-2e67a0690ba6,becea2ab-3c3e-47e6-a581-32418a0a76de,506eaccd-4997-418d-8a64-a67ed9a58eaa,84,,2026-08-15T09:38:46+07:00
3571ead4-a95f-4273-bfa0-129e7f4b95a4,becea2ab-3c3e-47e6-a581-32418a0a76de,9d3a744a-0add-4abc-9dee-e537ac062393,99,,2026-08-20T19:54:20+07:00
7abbd1cb-76e7-41fc-b60b-7b471b6790c2,becea2ab-3c3e-47e6-a581-32418a0a76de,9d3a744a-0add-4abc-9dee-e537ac062393,91,,2026-08-23T19:42:38+07:00
bb2ce785-d74d-4ede-97a9-fe4a71e7ee80,becea2ab-3c3e-47e6-a581-32418a0a76de,d2c29091-0e3c-43d4-916f-76666e797354,95,,2026-08-30T23:04:45+07:00
671ce76f-f59c-43e1-a73c-e9b79c4bec88,becea2ab-3c3e-47e6-a581-32418a0a76de,f07af7a6-e284-4594-bf88-9240894b8c96,90,,2026-08-31T03:49:16+07:00
a91ecff0-55e0-44da-9175-0769491420f6,d72169da-aae8-418b-9e39-0ffb726159c1,88be6602-74af-4f89-b7fa-596e620aa8e4,80,,2026-08-17T19:16:57+07:00
1dbde177-1cf3-42f6-88a6-ca6d53135ae7,d72169da-aae8-418b-9e39-0ffb726159c1,1b18c38d-637d-4ecd-a2a1-77ed14d655bb,83,,2026-09-03T20:18:15+07:00
485972c3-7e60-4228-8cc8-7093fe13703c,d72169da-aae8-418b-9e39-0ffb726159c1,,91,,2026-09-06T21:06:34+07:00
1cfe62c9-75eb-490f-81da-a8f4f6b03d97,0ee343e7-ba3a-4f04-a444-2df4f9fdb170,385d7299-b7a7-4793-a42a-5185f3adf474,90,,2026-08-15T21:59:44+07:00
9189c365-a702-4f4b-9c2c-a1a55691c66c,0ee343e7-ba3a-4f04-a444-2df4f9fdb170,88be6602-74af-4f89-b7fa-596e620aa8e4,91,,2026-08-16T23:23:19+07:00
e85c0f2c-da6b-4c59-9c75-adebaaba5d17,2bc65ec2-ef4f-4a7b-8e84-6172a4fcd820,83d2e570-56ce-4981-937c-fd58fd390509,86,,2026-08-14T09:30:05+07:00
b62a2612-6abb-4a0a-9002-cfa4ecfcc525,ba493f68-ceeb-49c7-8d28-b66dcbab2aac,46d4a03e-c262-49ec-8695-987a04d7dc4b,82,,2026-08-13T00:59:21+07:00
e6b9f1c2-7230-4f6c-9eb3-f15910d36056,42eaab0a-4896-4681-9a24-10135003a7ff,f07af7a6-e284-4594-bf88-9240894b8c96,89,,2026-08-15T14:05:48+07:00
a752a983-55b2-417e-a187-091fb4b75dbc,42eaab0a-4896-4681-9a24-10135003a7ff,edb26a70-31be-4abe-8303-15f94d51175b,75,,2026-08-19T04:33:31+07:00
245dcf60-02d7-4602-a0fe-f70e730d0d04,42eaab0a-4896-4681-9a24-10135003a7ff,1427b036-c60b-4c81-a3c6-d573dda80136,86,,2026-08-21T09:56:36+07:00
b7c3977b-9104-4330-b8f1-35bf1b5660e9,42eaab0a-4896-4681-9a24-10135003a7ff,6ac69667-8033-4d4c-8a2c-fb6006a2c00e,92,,2026-08-27T09:05:27+07:00
4fedbda3-0b3c-42f2-a8d0-f527f30a0dd1,42eaab0a-4896-4681-9a24-10135003a7ff,ec2e17a2-948e-44b3-915f-caa14df50aa9,80,,2026-08-29T20:57:46+07:00
5f73ad44-6364-4003-a1be-69763a2b7439,74d285f1-74b0-4265-8042-f37ef4d4b6f4,73832518-b9b2-4f5a-bff7-cd820a5da9c8,93,,2026-08-14T07:47:28+07:00
2275ff16-09d5-46bd-8c0d-352d8d22589d,74d285f1-74b0-4265-8042-f37ef4d4b6f4,10d05c09-bdb2-4253-8e44-856ad5336f34,86,,2026-08-17T01:43:43+07:00
d144305e-4846-4555-baba-58a2e1605d12,74d285f1-74b0-4265-8042-f37ef4d4b6f4,52e73b62-4559-490f-bc2e-7ada5e1bb367,81,,2026-08-18T17:52:18+07:00
d88bcefe-fe94-49c2-83ca-6a8fa63aaba3,74d285f1-74b0-4265-8042-f37ef4d4b6f4,1427b036-c60b-4c81-a3c6-d573dda80136,98,,2026-08-20T15:12:50+07:00
dda485b1-df8e-4e49-bc86-6636531cd75d,74d285f1-74b0-4265-8042-f37ef4d4b6f4,,87,,2026-08-20T22:32:05+07:00
9982410d-840c-4a7d-9abd-4fd3d5495b8a,74d285f1-74b0-4265-8042-f37ef4d4b6f4,7fd4dcb0-dc6b-4e20-86e0-79dc05bf63ce,82,,2026-08-22T19:31:02+07:00
fbe00d5b-f503-4ef2-be7c-8961adbf2bd0,74d285f1-74b0-4265-8042-f37ef4d4b6f4,66637ead-7b55-4701-918c-347f1ff9573c,81,,2026-08-25T17:45:06+07:00
09bd3e0e-b961-4dbf-ad4e-bb2365735d75,011dc0c3-dd4b-4dc6-a5f0-e30f8bfded50,66637ead-7b55-4701-918c-347f1ff9573c,83,,2026-08-26T11:50:40+07:00
4f45ed13-9fb6-4f3c-a138-59330ace6348,011dc0c3-dd4b-4dc6-a5f0-e30f8bfded50,1c9b4737-176c-445e-859d-330a859b0f5e,89,,2026-09-04T16:58:57+07:00
181763e8-a2aa-414b-81be-b16d411acb6e,011dc0c3-dd4b-4dc6-a5f0-e30f8bfded50,,99,,2026-09-24T16:03:15+07:00
60a370cb-ca82-4cbc-a507-55953c187634,69dd9a36-d838-4ecb-ba0c-1c3318ae7f79,a12b0378-6739-4162-9eba-0b93ccfdfff0,94,,2026-08-17T23:17:44+07:00
1ec8e6ea-315a-400a-8ac7-58133d8e2257,13aad111-7cf4-4056-ad17-9a220ebbc844,a12b0378-6739-4162-9eba-0b93ccfdfff0,91,,2026-08-18T20:05:50+07:00
91e2e1c9-1ee8-479f-be1c-b1c114230d26,c31fadc6-886d-4ea7-8b4d-e3e6e286f3ee,1b18c38d-637d-4ecd-a2a1-77ed14d655bb,92,,2026-08-14T10:50:44+07:00
037f0958-eb56-4dc9-a9a0-a8cc6dc9e891,c31fadc6-886d-4ea7-8b4d-e3e6e286f3ee,1b920a71-baaf-4adc-94e8-cd83874a8d54,92,,2026-09-03T04:20:12+07:00
7417aaf6-af89-4f88-b41b-fe37bb883a5c,0d0b51c9-d016-4e08-a53d-13b6c2ea6066,385d7299-b7a7-4793-a42a-5185f3adf474,93,,2026-08-17T22:30:37+07:00
9fa98eea-6694-4290-920d-24351a570f95,4e3d0de7-6648-4741-9b37-ea1faff7ba69,49ee8f81-45d9-4cdc-83e5-abf8f1539d56,87,,2026-08-17T18:26:19+07:00
c2b90ecf-def4-4264-a74c-5bb153963eee,dee78aec-a32b-40a6-be47-4bb56e49c56f,6ac69667-8033-4d4c-8a2c-fb6006a2c00e,93,,2026-08-14T06:36:32+07:00
0667743e-775b-4183-b7a5-6f3747153581,dee78aec-a32b-40a6-be47-4bb56e49c56f,,87,,2026-08-27T07:56:25+07:00
fe95c165-4e1c-4049-ac57-dfe9b2cbf3f6,21a00774-cfd5-4c1c-b867-9d13c3289398,,84,,2026-08-15T10:52:30+07:00
2b6c16c5-dee5-44c8-b97f-4cc366d269e6,21a00774-cfd5-4c1c-b867-9d13c3289398,385d7299-b7a7-4793-a42a-5185f3adf474,91,,2026-08-16T21:31:31+07:00
595a8d81-208d-4055-9028-6fcbef38283d,65d77592-ce0b-4726-affe-586a11210c42,f1eb7eeb-a8ef-4cb0-a886-09d74d3af598,86,,2026-08-16T04:03:06+07:00
265b483e-35b2-466c-bc81-ec775ec1cccd,65d77592-ce0b-4726-affe-586a11210c42,ec2e17a2-948e-44b3-915f-caa14df50aa9,98,,2026-08-23T16:17:22+07:00
7bce2d11-a1b4-4c41-986a-9b51e650eab6,58acb646-94a4-4a43-bce8-e44959887273,,86,,2026-08-16T05:47:52+07:00
224cbe9f-0bd7-406a-a56d-07c53dfa764e,58acb646-94a4-4a43-bce8-e44959887273,10d05c09-bdb2-4253-8e44-856ad5336f34,92,,2026-09-04T19:32:49+07:00
8146b10c-5aa3-4ed7-8b77-f8236785bd30,0b14bc30-b65b-4a48-9b5d-9ffed2bdf630,461e2ef5-600f-436b-8b20-ff6b5e1c1561,84,,2026-08-19T08:21:35+07:00
bb4a6b7a-0860-4b9e-bd01-1affe758d6b4,0b14bc30-b65b-4a48-9b5d-9ffed2bdf630,3d6b328b-442b-40b7-8f09-18653f0b20a1,84,,2026-08-25T06:42:33+07:00
e78cb101-cd31-4fd3-8930-77380fde554f,0b14bc30-b65b-4a48-9b5d-9ffed2bdf630,52e73b62-4559-490f-bc2e-7ada5e1bb367,89,,2026-09-01T01:33:49+07:00
ab896160-da3f-4133-8e0e-5106aee58a4f,5897645b-1861-4ce1-aa00-d250c4420b9b,ec2e17a2-948e-44b3-915f-caa14df50aa9,83,,2026-08-26T03:00:59+07:00
fa822b94-5159-4bf2-b359-40e865413713,5897645b-1861-4ce1-aa00-d250c4420b9b,c337fe45-7f56-472a-8155-a61796ad3a76,90,,2026-09-01T04:34:35+07:00
54684882-9be7-4acb-add9-1a6ba8402965,65613f7f-3bd1-4b36-9ab1-6dd333d96d99,ec2e17a2-948e-44b3-915f-caa14df50aa9,90,,2026-08-20T01:43:21+07:00
16468aa6-a916-4d69-8ad2-f531d024aa7b,65613f7f-3bd1-4b36-9ab1-6dd333d96d99,,88,,2026-09-08T12:20:31+07:00
e68dbfd5-70e9-4360-a1b6-9f60514db885,0f1b8e53-ea5e-4929-9fc7-da044d80c937,10d05c09-bdb2-4253-8e44-856ad5336f34,90,,2026-08-16T21:43:16+07:00
853b9fe2-d7b8-4c03-aca5-82a999db2a0c,0f1b8e53-ea5e-4929-9fc7-da044d80c937,49ee8f81-45d9-4cdc-83e5-abf8f1539d56,87,,2026-08-19T04:02:32+07:00
b3ab773f-70af-476f-be1b-092566647f81,0f1b8e53-ea5e-4929-9fc7-da044d80c937,83d2e570-56ce-4981-937c-fd58fd390509,90,,2026-08-26T09:06:50+07:00
c6afd4b0-1815-40bf-a1f9-413b68a18b28,0f1b8e53-ea5e-4929-9fc7-da044d80c937,f07af7a6-e284-4594-bf88-9240894b8c96,82,,2026-08-28T09:00:07+07:00
974953f8-9c45-4a35-9962-bcd9b07186db,0f1b8e53-ea5e-4929-9fc7-da044d80c937,1b920a71-baaf-4adc-94e8-cd83874a8d54,82,,2026-09-01T17:55:27+07:00
92c2361b-be4f-441e-82c2-7778aab08b8e,0f1b8e53-ea5e-4929-9fc7-da044d80c937,,89,,2026-09-07T03:02:08+07:00
d404f230-db02-441f-b9bc-00fab61cee5a,0f1b8e53-ea5e-4929-9fc7-da044d80c937,b405bb76-c190-4857-97dd-8ee547b0c179,78,,2026-09-07T13:34:37+07:00
579d7bf2-f270-4601-8031-25dd7654c771,67e2eba3-0f05-4d5b-a68f-3bec6d968cb1,61345fcc-db36-431c-b4cb-70b3963078a8,85,,2026-08-26T07:20:43+07:00
ca3b8a36-9257-4ed6-80a4-63a9927eb64c,67e2eba3-0f05-4d5b-a68f-3bec6d968cb1,385d7299-b7a7-4793-a42a-5185f3adf474,80,,2026-08-26T18:58:28+07:00
6098d92d-8fa4-4082-80e1-626f7a9d3acb,4ce520c4-c233-4859-b801-e08196ea3187,2c00434b-be5e-45ee-8122-ed4c038e59ae,98,,2026-08-18T20:09:07+07:00
c3ac8fdb-2992-4b6c-8d54-2170f85894e3,4ce520c4-c233-4859-b801-e08196ea3187,,96,,2026-08-19T07:00:29+07:00
b6dda101-e4e3-4d96-9573-764fcecf5a45,59a0386d-990e-4fc3-bc36-508a42e2ffe0,a12b0378-6739-4162-9eba-0b93ccfdfff0,92,,2026-08-15T21:46:36+07:00
cc5be49d-e5f6-4dd5-99ba-0436be834e30,59a0386d-990e-4fc3-bc36-508a42e2ffe0,028dcdfd-b509-4967-81ff-593ef33bb7ae,83,,2026-08-16T08:37:37+07:00
740e6402-20c7-477b-bb46-9ca41135341a,59a0386d-990e-4fc3-bc36-508a42e2ffe0,7fd4dcb0-dc6b-4e20-86e0-79dc05bf63ce,84,,2026-08-16T10:59:39+07:00
aa608016-7e7a-454a-9f33-33054cca6cd2,59a0386d-990e-4fc3-bc36-508a42e2ffe0,61345fcc-db36-431c-b4cb-70b3963078a8,88,,2026-08-18T09:55:06+07:00
44bcb280-0229-4f03-b4a0-aa327038f3f5,59a0386d-990e-4fc3-bc36-508a42e2ffe0,52e73b62-4559-490f-bc2e-7ada5e1bb367,91,,2026-08-21T17:46:59+07:00
3da8ce9c-7327-4b9d-ad59-5dc6879aee28,59a0386d-990e-4fc3-bc36-508a42e2ffe0,d2c29091-0e3c-43d4-916f-76666e797354,97,,2026-08-24T13:13:24+07:00
73606f9c-7158-460e-9229-b6acbd63e585,59a0386d-990e-4fc3-bc36-508a42e2ffe0,f07af7a6-e284-4594-bf88-9240894b8c96,91,,2026-08-27T20:30:43+07:00
fff524bb-0534-426c-b108-597955753217,59a0386d-990e-4fc3-bc36-508a42e2ffe0,52dd34ca-96f4-4b5c-b960-b9886b7f2605,86,,2026-08-29T10:27:00+07:00
1feff2ab-97b4-4476-aab2-ca333171dee7,59a0386d-990e-4fc3-bc36-508a42e2ffe0,1b920a71-baaf-4adc-94e8-cd83874a8d54,89,,2026-08-30T05:24:22+07:00
8f3c1c55-4e5a-4d29-b34d-15a4f3a6d880,59a0386d-990e-4fc3-bc36-508a42e2ffe0,ec2e17a2-948e-44b3-915f-caa14df50aa9,81,,2026-09-04T03:07:11+07:00
fa27d1b2-7d9a-43e7-9ff4-9a678be6721f,59a0386d-990e-4fc3-bc36-508a42e2ffe0,61345fcc-db36-431c-b4cb-70b3963078a8,96,,2026-09-04T22:00:42+07:00
dc06bbdc-aeb1-4897-a22b-3bac90c06765,59a0386d-990e-4fc3-bc36-508a42e2ffe0,61345fcc-db36-431c-b4cb-70b3963078a8,92,,2026-09-08T23:14:27+07:00
92b25300-4216-41c8-9b36-f3be096a580a,3f39c82c-a47b-4f94-bab2-4ec8354ab9dd,b405bb76-c190-4857-97dd-8ee547b0c179,88,,2026-08-19T09:58:53+07:00
1151141e-28af-450f-a749-059cdc83b131,3f39c82c-a47b-4f94-bab2-4ec8354ab9dd,,93,,2026-08-24T15:39:33+07:00
8253acf1-ab77-4d84-a5c3-e384e4f1db22,3f39c82c-a47b-4f94-bab2-4ec8354ab9dd,7fd4dcb0-dc6b-4e20-86e0-79dc05bf63ce,89,,2026-09-02T16:20:55+07:00
12ee48c9-a593-4428-9a40-2bc89eceb8a8,12bf47ef-f933-43fa-80e1-14d3adb8a3c3,b405bb76-c190-4857-97dd-8ee547b0c179,84,,2026-08-18T11:11:17+07:00
55ad535d-b157-4d3a-a3dd-469eb83589aa,12bf47ef-f933-43fa-80e1-14d3adb8a3c3,1c9b4737-176c-445e-859d-330a859b0f5e,83,,2026-08-18T13:03:01+07:00
2a1aeee1-77f5-48e0-b80f-07bd2cf6fab3,12bf47ef-f933-43fa-80e1-14d3adb8a3c3,ec2e17a2-948e-44b3-915f-caa14df50aa9,88,,2026-08-31T17:31:20+07:00
54eb5f43-9a1d-45b4-bfce-e16396b01e86,c7c79f81-e75a-4ac6-a55f-0bfd8a12f1c4,2c00434b-be5e-45ee-8122-ed4c038e59ae,98,,2026-08-17T23:47:44+07:00
0dfd1ea8-4923-4118-9f1f-1059730a6e99,c7c79f81-e75a-4ac6-a55f-0bfd8a12f1c4,52e73b62-4559-490f-bc2e-7ada5e1bb367,82,,2026-08-30T13:02:08+07:00
08762e95-14b6-4fed-b71f-17f0aaee292d,eec1064b-4569-4214-aeb7-226b3187ab12,,93,,2026-08-21T00:43:55+07:00
9645c641-f512-4e0f-b871-a978fff00526,eec1064b-4569-4214-aeb7-226b3187ab12,,99,,2026-09-01T03:50:06+07:00
882bf598-03b2-4726-a06c-b5f268268148,8a9897a6-4a95-49af-9c4c-02a4c8028893,1b920a71-baaf-4adc-94e8-cd83874a8d54,84,,2026-08-17T18:12:54+07:00
6f081c94-0481-40ba-aa35-7ae8f04498aa,8a9897a6-4a95-49af-9c4c-02a4c8028893,49ee8f81-45d9-4cdc-83e5-abf8f1539d56,92,,2026-08-18T15:58:53+07:00
40cee90e-58c3-4c48-8052-7d67bb640250,55b386a6-b1da-4e31-8779-f3fe1ca55093,028dcdfd-b509-4967-81ff-593ef33bb7ae,93,,2026-08-19T11:50:07+07:00
edece527-88b5-4002-988c-84ecb977d6ba,cafd1b96-fda4-4f65-bae2-dc0d31c69cc6,,86,,2026-08-17T21:51:30+07:00
63ed5e78-205f-4e0c-ac25-f9b361dcf2a7,a62501c9-e450-438a-bee0-1fc980894905,6ac69667-8033-4d4c-8a2c-fb6006a2c00e,83,,2026-08-19T06:26:23+07:00
dab63b6a-a1b0-4055-8913-f80279161e6b,a62501c9-e450-438a-bee0-1fc980894905,edb26a70-31be-4abe-8303-15f94d51175b,86,,2026-09-09T10:18:40+07:00
5166922e-f916-467b-9e30-3f92e4897093,7e190bda-c0bc-4303-aa42-f4e9916be8e7,10d05c09-bdb2-4253-8e44-856ad5336f34,92,,2026-08-19T06:30:14+07:00
87f28ea5-9516-4210-81fb-993c56e9c74f,7e190bda-c0bc-4303-aa42-f4e9916be8e7,66637ead-7b55-4701-918c-347f1ff9573c,95,,2026-08-21T04:30:56+07:00
ca1dc0b3-ff4b-4ee8-b88b-e863e7ff42cd,7e190bda-c0bc-4303-aa42-f4e9916be8e7,66637ead-7b55-4701-918c-347f1ff9573c,93,,2026-08-27T02:10:26+07:00
0731b4b0-7f2c-4d5b-8e9d-5129c03771d7,7e190bda-c0bc-4303-aa42-f4e9916be8e7,f1eb7eeb-a8ef-4cb0-a886-09d74d3af598,91,,2026-08-30T01:43:40+07:00
16b8d959-d7b9-47bb-bd19-9550b2d47a9b,ce4ccc01-47cf-4a09-a5cb-69a55a0a1f0d,1c9b4737-176c-445e-859d-330a859b0f5e,91,,2026-08-19T00:17:27+07:00
a6df0352-a571-4fd8-9e07-6145830fef60,ce4ccc01-47cf-4a09-a5cb-69a55a0a1f0d,f07af7a6-e284-4594-bf88-9240894b8c96,78,,2026-08-23T20:14:10+07:00
d02e13af-aa21-4679-9f12-7fd3b2c11ebb,e1d8836b-3ec0-4262-a0e9-6eac8cf1f974,028dcdfd-b509-4967-81ff-593ef33bb7ae,84,,2026-08-18T13:40:52+07:00
14c0fa81-f66a-4024-a43d-a6a7557748ba,e1d8836b-3ec0-4262-a0e9-6eac8cf1f974,88be6602-74af-4f89-b7fa-596e620aa8e4,86,,2026-08-25T22:09:56+07:00
55699345-6572-4b27-abf4-2912fc0d8aee,e1d8836b-3ec0-4262-a0e9-6eac8cf1f974,49ee8f81-45d9-4cdc-83e5-abf8f1539d56,99,,2026-08-28T02:51:45+07:00
4c58991b-1b33-4587-ab1f-6d365e5b0cbe,d1c3e7f9-8e7f-4e79-967b-efa288c46cb9,edb26a70-31be-4abe-8303-15f94d51175b,89,,2026-08-19T20:47:08+07:00
81a41d17-53bb-4d5d-ad05-9f650704d084,d1c3e7f9-8e7f-4e79-967b-efa288c46cb9,61345fcc-db36-431c-b4cb-70b3963078a8,96,,2026-08-28T22:53:06+07:00
11a66877-81a8-4115-b1e9-4a342d07769d,0ac3446d-d793-47d5-8675-8178fd5064e3,,81,,2026-09-03T01:36:26+07:00
78452dcd-56e7-4399-b81e-c3f04fbe30a5,4d0c78a8-203a-473a-8941-70a1f473c0e6,b405bb76-c190-4857-97dd-8ee547b0c179,88,,2026-08-19T20:37:47+07:00
3d533605-7bc2-4130-863e-35cad83a2380,4d0c78a8-203a-473a-8941-70a1f473c0e6,6ac69667-8033-4d4c-8a2c-fb6006a2c00e,84,,2026-08-20T20:15:07+07:00
c380d6b5-ec22-41cb-8d41-7faeda8fdedd,c6da04b5-4565-4fb7-a4ba-ce2e6a727a04,1427b036-c60b-4c81-a3c6-d573dda80136,89,,2026-08-18T11:42:33+07:00
0c493d54-7b52-4dab-be3e-3b4101e2115d,c6da04b5-4565-4fb7-a4ba-ce2e6a727a04,2c00434b-be5e-45ee-8122-ed4c038e59ae,86,,2026-08-30T15:44:16+07:00
a0f1a00a-6ef9-44a3-8b05-94aa2fd920c0,2a7b32ef-a3db-4fd9-94ce-6b4d04536d0a,fcd40acc-4f8f-45c8-82df-e9d0f8206796,84,,2026-08-19T22:09:35+07:00
bc3cf04c-0d13-4b72-8ff2-7e79d935b992,125fc1ff-ed61-4fa3-961d-b9c18432f67b,52dd34ca-96f4-4b5c-b960-b9886b7f2605,99,,2026-08-16T16:45:22+07:00
fc73e3d9-72ff-4b48-b91b-f0900f3f8caf,125fc1ff-ed61-4fa3-961d-b9c18432f67b,52e73b62-4559-490f-bc2e-7ada5e1bb367,89,,2026-09-14T21:02:40+07:00
7b203805-6a08-4269-a277-88256758089c,021a44bb-a132-42da-8f99-73e50915e05d,c337fe45-7f56-472a-8155-a61796ad3a76,91,,2026-08-23T20:40:07+07:00
f68cf0c5-7ad2-4cd5-ae03-b57003deeb0c,021a44bb-a132-42da-8f99-73e50915e05d,1b920a71-baaf-4adc-94e8-cd83874a8d54,89,,2026-08-23T22:43:55+07:00
53fc1765-cb55-4eb3-b4a8-972c4e0a517c,021a44bb-a132-42da-8f99-73e50915e05d,1b18c38d-637d-4ecd-a2a1-77ed14d655bb,93,,2026-08-25T22:51:16+07:00
9e895274-046b-4b8c-baf1-c2eb725d0aa4,5646cae0-db76-486c-ac86-e486e7734050,4227322f-3efc-4249-9c82-bbd652717878,90,,2026-08-20T03:39:40+07:00
f3403ac3-73ef-497e-9008-66b91032cc84,c480cb2a-8676-4886-b345-9d978c12f829,a12b0378-6739-4162-9eba-0b93ccfdfff0,91,,2026-08-25T19:38:09+07:00
1bf494ee-c756-49fd-80e3-2afc9195d510,c480cb2a-8676-4886-b345-9d978c12f829,66637ead-7b55-4701-918c-347f1ff9573c,83,,2026-09-05T03:15:53+07:00
5469b88a-a783-45ce-a304-ed9f30210de7,8687715a-98fd-45bf-95c2-b5f83ec24b15,b405bb76-c190-4857-97dd-8ee547b0c179,85,,2026-08-25T00:42:59+07:00
01f5647c-d88e-487f-bed4-1741d7ebaeb6,8687715a-98fd-45bf-95c2-b5f83ec24b15,66637ead-7b55-4701-918c-347f1ff9573c,83,,2026-09-07T08:06:53+07:00
7cbfac65-99cc-49f0-a011-ffc0fbc4a62a,b2402b0d-fba1-44e4-b727-a6ebe58df11d,edb26a70-31be-4abe-8303-15f94d51175b,91,,2026-08-22T09:42:27+07:00
3e324170-8d93-4f4d-b701-069b8d5320bd,b2402b0d-fba1-44e4-b727-a6ebe58df11d,61345fcc-db36-431c-b4cb-70b3963078a8,89,,2026-08-22T12:14:02+07:00
0ae0709d-5387-476d-a46f-a41aa11b8163,8eed5789-75f7-4b78-9cd3-785a0540dae3,,96,,2026-08-22T16:45:52+07:00
e18652c3-ce45-4dca-ad5e-e6a0f44caf8d,8eed5789-75f7-4b78-9cd3-785a0540dae3,3d6b328b-442b-40b7-8f09-18653f0b20a1,84,,2026-09-01T10:04:18+07:00
cbe3e09c-f1b0-439d-8f0b-224b23006c6c,82cfff2a-cb61-4b5b-86b0-2dddeb7dffb5,f1eb7eeb-a8ef-4cb0-a886-09d74d3af598,85,,2026-08-17T18:02:24+07:00
1e9f1125-1665-4b98-a16e-e964d86d5333,82cfff2a-cb61-4b5b-86b0-2dddeb7dffb5,d2c29091-0e3c-43d4-916f-76666e797354,74,,2026-08-18T07:48:29+07:00
ae514722-ed63-420e-99f7-b5c8a3b250e8,82cfff2a-cb61-4b5b-86b0-2dddeb7dffb5,d2c29091-0e3c-43d4-916f-76666e797354,85,,2026-08-18T20:58:10+07:00
80af69b6-1f48-427b-b70b-b5826dfa119e,82cfff2a-cb61-4b5b-86b0-2dddeb7dffb5,b405bb76-c190-4857-97dd-8ee547b0c179,82,,2026-08-26T01:25:09+07:00
427291ac-f8ee-47e1-9ec0-56b97d5afcd7,82cfff2a-cb61-4b5b-86b0-2dddeb7dffb5,506eaccd-4997-418d-8a64-a67ed9a58eaa,97,,2026-08-28T14:14:12+07:00
7a3000e1-5730-4cdd-8653-33942d45a35d,807d640f-594e-4c94-a148-9d623704ce74,6ac69667-8033-4d4c-8a2c-fb6006a2c00e,82,,2026-08-25T03:07:00+07:00
fa61dfbb-00b6-462b-9a2d-e16fa93ab754,807d640f-594e-4c94-a148-9d623704ce74,461e2ef5-600f-436b-8b20-ff6b5e1c1561,80,,2026-09-02T20:10:26+07:00
3f1a7b8a-fe91-4269-8ceb-35084aa80bf1,b9aa2e0a-082b-479b-94f2-da7912f571d8,506eaccd-4997-418d-8a64-a67ed9a58eaa,81,,2026-08-20T07:43:07+07:00
4c6a1d99-5948-448f-a206-420404eef9ac,2eab7e7d-9a69-499a-8fd1-dbead3eb19f0,7fd4dcb0-dc6b-4e20-86e0-79dc05bf63ce,87,,2026-08-22T07:02:59+07:00
4db43345-33de-4385-97d8-89129fdd0f85,2eab7e7d-9a69-499a-8fd1-dbead3eb19f0,2c00434b-be5e-45ee-8122-ed4c038e59ae,90,,2026-08-29T17:26:00+07:00
cfbb0e3e-7efb-4ee3-b96d-8a956ccba575,2eab7e7d-9a69-499a-8fd1-dbead3eb19f0,b405bb76-c190-4857-97dd-8ee547b0c179,82,,2026-09-10T13:51:04+07:00
28406c26-7147-469a-985b-b0c9c854b73d,f14a8583-80a5-4e42-8a34-66cc5185fa6d,ba952af1-6fd5-49fe-ba55-bdc465f95ca2,72,,2026-08-18T22:10:25+07:00
f7eacd0f-f7e9-4938-8bfa-8ea94c745010,f14a8583-80a5-4e42-8a34-66cc5185fa6d,3d6b328b-442b-40b7-8f09-18653f0b20a1,86,,2026-08-22T06:21:30+07:00
4d7890da-933b-4669-9327-375b04423238,f14a8583-80a5-4e42-8a34-66cc5185fa6d,,83,,2026-08-31T21:08:44+07:00
569fd4e6-ce84-4f95-aa92-9c0e5e6dc287,f14a8583-80a5-4e42-8a34-66cc5185fa6d,b405bb76-c190-4857-97dd-8ee547b0c179,88,,2026-09-05T17:30:30+07:00
f87be10a-37b7-4a23-8065-1decc417603d,1fd8875a-aef3-411d-8bf8-a7b4647f732f,c337fe45-7f56-472a-8155-a61796ad3a76,76,,2026-08-19T02:10:36+07:00
b9266319-2abf-4a79-b248-c4c4d448b859,1fd8875a-aef3-411d-8bf8-a7b4647f732f,385d7299-b7a7-4793-a42a-5185f3adf474,76,,2026-08-21T05:46:37+07:00
dc89ff61-7ea6-46be-9041-f5aa90d8b52f,1fd8875a-aef3-411d-8bf8-a7b4647f732f,a12b0378-6739-4162-9eba-0b93ccfdfff0,79,,2026-08-24T21:18:31+07:00
be99c12b-eeba-44fb-8bae-b7feae79dadf,1fd8875a-aef3-411d-8bf8-a7b4647f732f,fcd40acc-4f8f-45c8-82df-e9d0f8206796,83,,2026-09-12T00:43:17+07:00
02332bb2-e0c2-458f-aa28-53f8fb0fd026,1fd8875a-aef3-411d-8bf8-a7b4647f732f,83d2e570-56ce-4981-937c-fd58fd390509,84,,2026-09-14T01:27:18+07:00
07069a78-0253-4d81-a329-456f8a0fa8a3,3f2fad56-6853-4f92-b0b0-ff84b44d93f3,ba952af1-6fd5-49fe-ba55-bdc465f95ca2,84,,2026-08-20T02:15:57+07:00
48194989-00d3-4efa-bc4b-bb515b63bee2,3f2fad56-6853-4f92-b0b0-ff84b44d93f3,ec2e17a2-948e-44b3-915f-caa14df50aa9,86,,2026-08-23T11:07:27+07:00
06777405-28e6-46cd-9d20-f803432e2c34,3f2fad56-6853-4f92-b0b0-ff84b44d93f3,,84,,2026-08-27T00:25:23+07:00
b60afb5d-2825-4239-8758-dbcc89bfc9f2,c3406954-03c0-4fdb-b560-79ee4ded24db,d2c29091-0e3c-43d4-916f-76666e797354,84,,2026-08-21T18:42:40+07:00
731f1a08-8f21-4838-9e02-7fc158084d69,c3406954-03c0-4fdb-b560-79ee4ded24db,c337fe45-7f56-472a-8155-a61796ad3a76,90,,2026-09-10T14:51:56+07:00
beeb38cc-9400-4150-88f3-8edb72e3a8b4,c3406954-03c0-4fdb-b560-79ee4ded24db,49ee8f81-45d9-4cdc-83e5-abf8f1539d56,86,,2026-09-21T17:22:50+07:00
b9c76977-280c-42a3-8228-a0c6520fec3a,ef23280f-fcad-4e0a-92d7-dc6e2ada5780,a12b0378-6739-4162-9eba-0b93ccfdfff0,89,,2026-08-20T08:22:39+07:00
cc825b21-4c2c-49ca-a351-c2b8c20b5b7f,ef23280f-fcad-4e0a-92d7-dc6e2ada5780,f1eb7eeb-a8ef-4cb0-a886-09d74d3af598,84,,2026-09-06T02:31:37+07:00
d20a0964-b20b-4313-adb0-66ac40e818cd,2fa754b6-c62a-4b42-9077-6fa801408019,49ee8f81-45d9-4cdc-83e5-abf8f1539d56,86,,2026-08-23T08:30:37+07:00
49df3191-0467-4225-be4c-010cef439c6d,2fa754b6-c62a-4b42-9077-6fa801408019,d2c29091-0e3c-43d4-916f-76666e797354,90,,2026-09-04T01:06:28+07:00
71882d14-53c3-45c6-990b-2aa222c1ea33,26adbcfe-25c2-4c96-afef-422b6ca26add,46d4a03e-c262-49ec-8695-987a04d7dc4b,85,,2026-09-01T00:58:53+07:00
f4f0a511-3baf-4ffe-8ea5-30cd32e853f9,26adbcfe-25c2-4c96-afef-422b6ca26add,46d4a03e-c262-49ec-8695-987a04d7dc4b,91,,2026-09-02T02:11:50+07:00
f6b867f6-e7b0-416b-836f-4d0947255eca,e5caa98f-0fb8-454d-89b6-c8d8ef44d93e,028dcdfd-b509-4967-81ff-593ef33bb7ae,93,,2026-08-20T15:48:55+07:00
387b744f-44b8-4600-81a7-ce4d020718e6,e5caa98f-0fb8-454d-89b6-c8d8ef44d93e,a12b0378-6739-4162-9eba-0b93ccfdfff0,89,,2026-08-21T09:41:06+07:00
1d0b7547-7856-49ea-ac5e-6fd790710d66,e5caa98f-0fb8-454d-89b6-c8d8ef44d93e,52e73b62-4559-490f-bc2e-7ada5e1bb367,93,,2026-08-23T05:39:55+07:00
43ba7efa-fa60-4c54-8f1e-bf6964946c48,e5caa98f-0fb8-454d-89b6-c8d8ef44d93e,f1eb7eeb-a8ef-4cb0-a886-09d74d3af598,88,,2026-08-24T23:19:56+07:00
ebecd00c-66ce-45b5-9661-754ece23f16c,e5caa98f-0fb8-454d-89b6-c8d8ef44d93e,1b920a71-baaf-4adc-94e8-cd83874a8d54,87,,2026-08-25T03:08:31+07:00
35cd1ad0-e736-4a98-ac14-1ee690f4a507,dc9068a3-1521-4de7-840b-7f8520e4a26c,52e73b62-4559-490f-bc2e-7ada5e1bb367,85,,2026-08-18T16:41:00+07:00
893e3951-01e2-4d2c-b272-7fe6e4730eb8,f4ad9de3-a7f3-45a7-8314-e6cd3c1e1529,6ac69667-8033-4d4c-8a2c-fb6006a2c00e,85,,2026-08-22T18:58:55+07:00
3f3634aa-7779-4069-878a-f144cf4ae394,f4ad9de3-a7f3-45a7-8314-e6cd3c1e1529,49ee8f81-45d9-4cdc-83e5-abf8f1539d56,84,,2026-09-06T22:36:11+07:00
8e8d4058-4f3e-431c-b571-a9aa4c3774e2,f4ad9de3-a7f3-45a7-8314-e6cd3c1e1529,4227322f-3efc-4249-9c82-bbd652717878,79,,2026-09-15T02:09:28+07:00
fff81432-fc5f-4f5d-a79f-b048bdd32ad4,bab3da2c-2873-43c0-9da4-2303c19892df,,87,,2026-08-23T03:09:29+07:00
d32c74e1-2231-4375-a84f-bddd57eb5a7d,bab3da2c-2873-43c0-9da4-2303c19892df,3d6b328b-442b-40b7-8f09-18653f0b20a1,92,,2026-09-03T12:53:59+07:00
441b7eee-e79a-4bc5-9487-7e803655c3c6,bab3da2c-2873-43c0-9da4-2303c19892df,2c00434b-be5e-45ee-8122-ed4c038e59ae,92,,2026-09-10T17:40:45+07:00
a3526b86-0c12-4f56-9f26-8372de0706ea,4c39f878-b04d-42ba-af9d-c0105630360e,88be6602-74af-4f89-b7fa-596e620aa8e4,90,,2026-08-21T12:07:47+07:00
b0ba3a31-1e4d-4e62-a6c0-0ef0178d61cb,4c39f878-b04d-42ba-af9d-c0105630360e,1b920a71-baaf-4adc-94e8-cd83874a8d54,81,,2026-09-15T00:40:55+07:00
29fbf0a5-6148-4991-ab86-9bb3b53869e7,096b8e0e-0307-496f-939f-ad817a2bac11,3d6b328b-442b-40b7-8f09-18653f0b20a1,91,,2026-08-23T23:25:20+07:00
22591504-01fb-4365-ad07-3afaed038d16,f1266c0f-bea9-4182-91a6-23b9edb26e55,d2c29091-0e3c-43d4-916f-76666e797354,89,,2026-08-20T05:40:42+07:00
6919fdf6-0b11-4267-8718-fa76fd7dedbd,f1266c0f-bea9-4182-91a6-23b9edb26e55,1c9b4737-176c-445e-859d-330a859b0f5e,88,,2026-09-04T12:53:54+07:00
bbb7c029-0509-40b1-9f75-719bbe4cdf10,4a680490-1bbd-453b-b942-6370907040d2,49ee8f81-45d9-4cdc-83e5-abf8f1539d56,88,,2026-08-21T21:38:00+07:00
a1e7eca0-f5b6-47c6-87b0-ba115241804a,4a680490-1bbd-453b-b942-6370907040d2,88be6602-74af-4f89-b7fa-596e620aa8e4,89,,2026-09-18T12:58:24+07:00
251eae1f-9bb5-4b66-a22e-32f62e17f0f1,24dabac5-7f39-4113-a933-0a61fffdf44b,6ac69667-8033-4d4c-8a2c-fb6006a2c00e,99,,2026-08-20T18:18:51+07:00
fafd7e77-cfca-4ae2-9dab-4060c12d0b0e,24dabac5-7f39-4113-a933-0a61fffdf44b,66637ead-7b55-4701-918c-347f1ff9573c,93,,2026-09-02T00:12:00+07:00
ea7d7a0f-1e93-4695-bc2b-de55e0b12fe0,24dabac5-7f39-4113-a933-0a61fffdf44b,a12b0378-6739-4162-9eba-0b93ccfdfff0,90,,2026-09-02T11:38:24+07:00
d550b692-10db-44ba-b0ae-bc1d60d351e3,24dabac5-7f39-4113-a933-0a61fffdf44b,73832518-b9b2-4f5a-bff7-cd820a5da9c8,93,,2026-09-21T01:14:43+07:00
026e4afd-0d33-43ba-9f37-abad43d3eecd,4644f1b9-57db-48b4-ba61-eb2e29e2a30c,46d4a03e-c262-49ec-8695-987a04d7dc4b,84,,2026-08-21T19:48:26+07:00
8e0cda62-cd56-49d6-993f-fd55f9736385,4644f1b9-57db-48b4-ba61-eb2e29e2a30c,10d05c09-bdb2-4253-8e44-856ad5336f34,91,,2026-08-23T08:06:42+07:00
4d9780d3-e1a1-4728-bdc9-b86a1d89c2ad,32bfb85f-4808-429c-aa2f-027ed6b5a21b,88be6602-74af-4f89-b7fa-596e620aa8e4,78,,2026-08-22T09:40:15+07:00
11c68381-f41b-4302-8cac-9466c9f333b7,1d840d71-e08f-4236-90b1-51ce18930436,61345fcc-db36-431c-b4cb-70b3963078a8,91,,2026-08-22T11:17:51+07:00
50f8b595-7a92-4dae-8f9a-64c756b239ca,1d840d71-e08f-4236-90b1-51ce18930436,b405bb76-c190-4857-97dd-8ee547b0c179,81,,2026-09-01T04:19:30+07:00
16110255-9d76-4dc0-be98-796eb11b4fda,1d840d71-e08f-4236-90b1-51ce18930436,1c9b4737-176c-445e-859d-330a859b0f5e,86,,2026-09-24T18:45:39+07:00
a1d1071f-a5fb-406b-b1de-a4d316258e7c,25f77d59-620e-497c-a7be-146db7f7a590,52dd34ca-96f4-4b5c-b960-b9886b7f2605,87,,2026-08-24T22:19:16+07:00
5399612f-3d2e-4349-b4db-18c137e3690f,25f77d59-620e-497c-a7be-146db7f7a590,3d6b328b-442b-40b7-8f09-18653f0b20a1,94,,2026-09-23T19:44:17+07:00
b1550a79-d76d-4fe7-a801-1f086b731968,42c570f5-c842-45f1-bf92-1cc39dfdf999,9d3a744a-0add-4abc-9dee-e537ac062393,88,,2026-08-21T15:34:27+07:00
f7fb6e97-d5ef-4cd6-a0e2-e083beff7e2c,42c570f5-c842-45f1-bf92-1cc39dfdf999,506eaccd-4997-418d-8a64-a67ed9a58eaa,92,,2026-08-23T07:50:26+07:00
44c0ad58-5272-402e-be0c-0e79a9ac3e28,42c570f5-c842-45f1-bf92-1cc39dfdf999,f07af7a6-e284-4594-bf88-9240894b8c96,84,,2026-09-10T20:57:35+07:00
69e12880-5c33-4da3-9d54-4ffbb53d5f8a,f07fc866-5f33-4a0b-be99-8326972f473a,,83,,2026-08-20T20:14:10+07:00
5e1021d1-025e-4de3-b0f4-99b89b9c808e,f07fc866-5f33-4a0b-be99-8326972f473a,,84,,2026-08-28T18:50:19+07:00
19ccf40c-fdc1-4e73-b2f2-44e5e4925009,315d572d-536e-4da5-beb5-64c3a9916efb,1b920a71-baaf-4adc-94e8-cd83874a8d54,84,,2026-08-26T11:40:30+07:00
ff9b5a02-196b-4d9f-8bf3-b61a642e5c5e,44e09448-8bb5-4017-8c91-8442489a22e3,c337fe45-7f56-472a-8155-a61796ad3a76,94,,2026-08-21T05:04:03+07:00
86690633-9ec0-4166-9c65-c1de11ae317e,44e09448-8bb5-4017-8c91-8442489a22e3,461e2ef5-600f-436b-8b20-ff6b5e1c1561,99,,2026-08-26T19:05:02+07:00
ff06df23-527c-4ee9-9cd8-ad4787b02d43,44e09448-8bb5-4017-8c91-8442489a22e3,,90,,2026-08-28T02:00:48+07:00
84144cac-202e-446c-a4bb-def02d8c5d4d,44e09448-8bb5-4017-8c91-8442489a22e3,10d05c09-bdb2-4253-8e44-856ad5336f34,94,,2026-08-28T19:52:40+07:00
dff3e441-6534-4748-956a-f5f30651e7e1,44e09448-8bb5-4017-8c91-8442489a22e3,61345fcc-db36-431c-b4cb-70b3963078a8,95,,2026-09-05T04:03:10+07:00
116a1836-1865-4050-a0b2-5795a7ce3df5,af668b09-3c5d-425a-8533-668d8d1666a2,66637ead-7b55-4701-918c-347f1ff9573c,85,,2026-08-23T19:48:48+07:00
41a7c92d-881a-4007-86a2-3c2e73c247e4,af668b09-3c5d-425a-8533-668d8d1666a2,61345fcc-db36-431c-b4cb-70b3963078a8,91,,2026-09-12T03:35:52+07:00
c4229ad6-a024-4df3-91f8-78b1fc386299,af668b09-3c5d-425a-8533-668d8d1666a2,a12b0378-6739-4162-9eba-0b93ccfdfff0,94,,2026-09-17T13:35:26+07:00
5a4c2ae4-6914-4e73-b6bf-7a4174f8aa40,c97ea123-3f00-4704-b4f4-13dbfeb9eccf,,90,,2026-08-21T14:32:07+07:00
937330af-ab8a-46cd-a76d-363bb7f8b11b,c97ea123-3f00-4704-b4f4-13dbfeb9eccf,7fd4dcb0-dc6b-4e20-86e0-79dc05bf63ce,83,,2026-08-24T12:42:45+07:00
caa838f4-4c9e-4a59-885b-ceb1e0bc5117,92249337-a4cc-4095-a108-d830807c6528,7fd4dcb0-dc6b-4e20-86e0-79dc05bf63ce,84,,2026-08-21T07:02:16+07:00
598ccdb2-79b1-4af7-bb45-63fdf2c2fe17,92249337-a4cc-4095-a108-d830807c6528,1b920a71-baaf-4adc-94e8-cd83874a8d54,87,,2026-09-02T05:44:44+07:00
452a830c-cc52-4ccf-9036-8ab5d66a8feb,bf980a07-f14d-4d23-ab6a-06d47d3b232c,f07af7a6-e284-4594-bf88-9240894b8c96,94,,2026-08-21T09:20:48+07:00
cc1291ac-5d72-43ba-ab3e-b1a406bd5c40,bf980a07-f14d-4d23-ab6a-06d47d3b232c,66637ead-7b55-4701-918c-347f1ff9573c,89,,2026-08-29T11:22:28+07:00
39c48131-5065-4155-b331-76bde2e653fd,bf980a07-f14d-4d23-ab6a-06d47d3b232c,88be6602-74af-4f89-b7fa-596e620aa8e4,89,,2026-09-19T03:23:55+07:00
04a0bcda-cf50-4e6a-9dd1-dd83d1d79378,991f35de-9863-4ef6-912f-9981b1d3cd11,028dcdfd-b509-4967-81ff-593ef33bb7ae,80,,2026-08-21T16:08:34+07:00
5b7be25d-6890-41a5-a9de-8cca3777e545,991f35de-9863-4ef6-912f-9981b1d3cd11,b405bb76-c190-4857-97dd-8ee547b0c179,83,,2026-08-23T21:53:28+07:00
e35e6cdd-ddf7-4147-8343-4daf9246e12a,e018b1b7-a06a-4bd7-a559-fc89b753f696,f1eb7eeb-a8ef-4cb0-a886-09d74d3af598,79,,2026-08-21T14:22:34+07:00
72b24da3-f65f-481f-933e-fe331eda55ab,e018b1b7-a06a-4bd7-a559-fc89b753f696,4227322f-3efc-4249-9c82-bbd652717878,74,,2026-09-13T22:23:35+07:00
a438944b-e9b0-484a-8cea-195d98d36c80,6ab34f66-324e-4d29-9f18-90fcd68e9d26,73832518-b9b2-4f5a-bff7-cd820a5da9c8,99,,2026-08-23T01:13:50+07:00
aa77af32-ee5c-4494-9e65-eb93f557c774,6ab34f66-324e-4d29-9f18-90fcd68e9d26,b405bb76-c190-4857-97dd-8ee547b0c179,91,,2026-08-25T06:53:59+07:00
c1591924-a7b5-4d4e-a0eb-de5fafc5cb69,6ab34f66-324e-4d29-9f18-90fcd68e9d26,,89,,2026-08-28T17:28:26+07:00
6fc7e6da-d65d-4318-9f15-e83cb35e21d1,6ab34f66-324e-4d29-9f18-90fcd68e9d26,c337fe45-7f56-472a-8155-a61796ad3a76,88,,2026-08-30T10:49:11+07:00
f89bb856-9ec9-4727-947e-b06a6eb18e3b,6ab34f66-324e-4d29-9f18-90fcd68e9d26,52e73b62-4559-490f-bc2e-7ada5e1bb367,89,,2026-09-09T08:07:30+07:00
1647d647-6bf0-4378-bb26-da95b8937915,6ab34f66-324e-4d29-9f18-90fcd68e9d26,d2c29091-0e3c-43d4-916f-76666e797354,97,,2026-09-09T14:44:12+07:00
018cbb94-2fb5-4283-ab84-2116f1c5b9e3,0539793a-7ef3-4d53-ad2d-46f054d592e8,b405bb76-c190-4857-97dd-8ee547b0c179,91,,2026-08-24T17:41:55+07:00
43996439-5c46-437d-8ffc-ee1740bc7cf5,cf76532b-e98c-4907-ab65-6c87b3e35c52,46d4a03e-c262-49ec-8695-987a04d7dc4b,81,,2026-08-25T21:30:08+07:00
08c0f32d-204d-43c0-866c-dc10499eb83b,cf76532b-e98c-4907-ab65-6c87b3e35c52,,91,,2026-09-15T05:55:33+07:00
e5acfcc4-1fdc-4d34-a57c-2c94f76e19f2,8e90bdfa-ad3c-47b2-b797-8c0fb1773683,f1eb7eeb-a8ef-4cb0-a886-09d74d3af598,93,,2026-08-24T14:25:34+07:00
49875fd3-2ef0-45e1-8e58-9869f3413619,8e90bdfa-ad3c-47b2-b797-8c0fb1773683,506eaccd-4997-418d-8a64-a67ed9a58eaa,89,,2026-09-08T01:13:18+07:00
00a01e80-ede7-451a-bbf6-651048877dc9,03d27d03-effc-421f-a230-f615ba9c9a58,506eaccd-4997-418d-8a64-a67ed9a58eaa,94,,2026-08-24T05:09:52+07:00
541247bd-a5a0-4c0c-9fcc-8fbba3bd063e,1af3e057-aba9-440a-ba72-8322438c8b36,f07af7a6-e284-4594-bf88-9240894b8c96,99,,2026-08-22T03:07:59+07:00
cef20943-fc57-454c-b02e-38202c90d571,1af3e057-aba9-440a-ba72-8322438c8b36,,92,,2026-08-27T14:18:37+07:00
dbff4d07-d757-4c6a-bbe8-61c8f9c463aa,1af3e057-aba9-440a-ba72-8322438c8b36,61345fcc-db36-431c-b4cb-70b3963078a8,87,,2026-08-28T04:30:37+07:00
b4de680f-ac6a-49b0-9db3-a822e74aa4b2,1af3e057-aba9-440a-ba72-8322438c8b36,,77,,2026-09-07T12:05:34+07:00
03c374fd-1f0a-4b1a-980a-0af2689db4f1,1af3e057-aba9-440a-ba72-8322438c8b36,fcd40acc-4f8f-45c8-82df-e9d0f8206796,91,,2026-09-17T12:05:00+07:00
8a33f053-f7ac-453b-bc1f-49dc329050b4,125374c6-e433-4094-9d87-b1cd9b7e86c7,52e73b62-4559-490f-bc2e-7ada5e1bb367,91,,2026-08-30T03:34:11+07:00
d199fd02-8541-4a36-be11-7352d09e1853,434f5f44-fa3c-451b-a892-527964dc645b,73832518-b9b2-4f5a-bff7-cd820a5da9c8,91,,2026-08-25T09:06:04+07:00
39844f04-8f9f-42cd-bac1-4c1731e7302c,f19b53ac-61ef-4816-a12d-6eab7348350d,52e73b62-4559-490f-bc2e-7ada5e1bb367,89,,2026-08-26T10:24:50+07:00
d4b506dd-7e6d-41fc-af25-7311c7e8c8b4,f19b53ac-61ef-4816-a12d-6eab7348350d,461e2ef5-600f-436b-8b20-ff6b5e1c1561,88,,2026-09-09T19:45:03+07:00
9ee5a71d-0bc8-4264-820b-a992ccfd4436,f19b53ac-61ef-4816-a12d-6eab7348350d,461e2ef5-600f-436b-8b20-ff6b5e1c1561,87,,2026-09-23T10:00:13+07:00
4c4410f7-c455-4d53-9052-19cf9a5be696,63d92eb4-90e5-47f7-a73f-6dfe88b1710a,b405bb76-c190-4857-97dd-8ee547b0c179,98,,2026-08-26T13:16:01+07:00
f452fba4-fe77-4ab0-b039-5d3c20844686,63d92eb4-90e5-47f7-a73f-6dfe88b1710a,d2c29091-0e3c-43d4-916f-76666e797354,86,,2026-08-29T10:43:52+07:00
3fb3cba6-3494-462d-b42f-282c8a8aa16a,63d92eb4-90e5-47f7-a73f-6dfe88b1710a,fcd40acc-4f8f-45c8-82df-e9d0f8206796,79,,2026-08-30T07:18:28+07:00
0dcfd162-6c5c-4974-b524-3f8d18ff0881,63d92eb4-90e5-47f7-a73f-6dfe88b1710a,1c9b4737-176c-445e-859d-330a859b0f5e,82,,2026-08-30T21:47:43+07:00
87db1d98-f8d1-4a01-94a5-81eea7aeb1d4,32dcf4af-871b-44d1-95db-f8cf29d10ed2,1b920a71-baaf-4adc-94e8-cd83874a8d54,97,,2026-08-27T01:06:17+07:00
e1fe8052-00d4-42e3-ad69-0d0a0b4bb53d,32dcf4af-871b-44d1-95db-f8cf29d10ed2,1b18c38d-637d-4ecd-a2a1-77ed14d655bb,85,,2026-09-06T05:03:21+07:00
237191ee-542f-4f9c-b325-0d925eae79d1,32dcf4af-871b-44d1-95db-f8cf29d10ed2,c337fe45-7f56-472a-8155-a61796ad3a76,89,,2026-09-06T06:24:56+07:00
8efb4a6c-c242-4e09-824b-f6fd3e813f56,315bc0db-b10c-41be-b5de-4b164af99b8f,385d7299-b7a7-4793-a42a-5185f3adf474,84,,2026-08-23T07:30:16+07:00
c0015fd1-35d2-419f-a445-4a90b9c5743f,315bc0db-b10c-41be-b5de-4b164af99b8f,ec2e17a2-948e-44b3-915f-caa14df50aa9,89,,2026-08-28T02:34:48+07:00
85a246b4-3c83-4dd0-96fe-cd78550ebf13,3e6b96bf-b509-4efe-ac32-a01d0e36c993,49ee8f81-45d9-4cdc-83e5-abf8f1539d56,84,,2026-08-24T00:20:31+07:00
aeacc5ca-f9b0-4449-921c-025cfc18f79b,3e6b96bf-b509-4efe-ac32-a01d0e36c993,88be6602-74af-4f89-b7fa-596e620aa8e4,92,,2026-08-24T02:09:32+07:00
494a6dcb-bad8-4d14-8c16-3a92eaad9b7d,3e6b96bf-b509-4efe-ac32-a01d0e36c993,,93,,2026-08-29T10:07:41+07:00
ab290ccf-50f6-4fa3-adc8-a77fbc0aecfd,81d33a09-8d3f-47c5-a69f-ab9c3141d16b,52e73b62-4559-490f-bc2e-7ada5e1bb367,76,,2026-08-24T04:03:34+07:00
c9fd13d5-c050-4842-b0e5-cdd3764c93a0,81d33a09-8d3f-47c5-a69f-ab9c3141d16b,9d3a744a-0add-4abc-9dee-e537ac062393,76,,2026-09-02T15:22:35+07:00
b1b46dc6-58a7-43e6-9c22-43147424c4bf,81d33a09-8d3f-47c5-a69f-ab9c3141d16b,ba952af1-6fd5-49fe-ba55-bdc465f95ca2,82,,2026-09-15T00:49:33+07:00
6cc249bc-3847-4b8f-9d6f-938910120146,2a5cce8d-8ff3-4370-b690-1154aa3cc4a0,fcd40acc-4f8f-45c8-82df-e9d0f8206796,92,,2026-09-02T04:07:49+07:00
398a4eb9-b091-41ce-b0d6-2e1211eeb5f7,2a5cce8d-8ff3-4370-b690-1154aa3cc4a0,a12b0378-6739-4162-9eba-0b93ccfdfff0,94,,2026-09-02T14:04:52+07:00
2a71d0fa-810d-485d-a358-0b67cc0927bf,b84033b5-9d73-49c0-8527-895a0fb45ba9,3d6b328b-442b-40b7-8f09-18653f0b20a1,89,,2026-08-28T20:32:56+07:00
d293b144-b5b1-4e75-bef9-18f1144c8c63,b84033b5-9d73-49c0-8527-895a0fb45ba9,1427b036-c60b-4c81-a3c6-d573dda80136,93,,2026-09-16T02:09:52+07:00
f32c7595-8d5d-4ab6-ae4d-fc7c1c902f45,da1334bc-3a88-4c70-ae80-c3fb1c61e5e0,4227322f-3efc-4249-9c82-bbd652717878,97,,2026-08-27T04:38:14+07:00
76360e99-6e50-499c-a612-edaddb0f54a4,da1334bc-3a88-4c70-ae80-c3fb1c61e5e0,028dcdfd-b509-4967-81ff-593ef33bb7ae,90,,2026-09-14T09:59:20+07:00
7ae16a96-a296-4847-951c-80739a633ea6,173aec10-91d4-4b72-9d17-47e4957ce356,f1eb7eeb-a8ef-4cb0-a886-09d74d3af598,88,,2026-08-26T00:52:15+07:00
d72df5bb-8c14-4ead-bf44-eb28230e7ffa,173aec10-91d4-4b72-9d17-47e4957ce356,461e2ef5-600f-436b-8b20-ff6b5e1c1561,94,,2026-09-24T22:47:01+07:00
d16cdab2-308c-4be3-8fa3-40ee1d1e93c1,30c1aa9f-abdb-45d2-9bc7-b2dd108cf0d5,9d3a744a-0add-4abc-9dee-e537ac062393,80,,2026-08-25T07:47:23+07:00
07032310-3800-41ec-a4be-abfe08736480,30c1aa9f-abdb-45d2-9bc7-b2dd108cf0d5,2c00434b-be5e-45ee-8122-ed4c038e59ae,91,,2026-09-11T04:04:13+07:00
f58a9c62-688f-4228-a27f-85f27c3de619,c1b5dbc2-a0ed-4afa-9029-a49b827d9421,61345fcc-db36-431c-b4cb-70b3963078a8,92,,2026-08-28T06:59:27+07:00
5fc28e3d-349d-4020-8177-ecc09b88a597,d49e4249-91f7-4caf-8b7e-762b95cbea2b,61345fcc-db36-431c-b4cb-70b3963078a8,91,,2026-08-25T13:08:23+07:00
a64162c9-853e-4acb-8a9a-6dc0dcda6f28,d49e4249-91f7-4caf-8b7e-762b95cbea2b,f1eb7eeb-a8ef-4cb0-a886-09d74d3af598,85,,2026-09-12T02:23:01+07:00
64f86ea6-f9b7-4bee-b0e7-2daba2d302f8,d49e4249-91f7-4caf-8b7e-762b95cbea2b,fcd40acc-4f8f-45c8-82df-e9d0f8206796,91,,2026-09-18T10:46:54+07:00
95d9c381-e48a-4884-af8d-10c6b61d677f,e7b67363-7bdb-4221-9afa-a2b551617741,,89,,2026-08-27T01:07:13+07:00
a37d0629-2e6f-4d4b-88d7-2d3089d3da85,9b2e93d1-19d6-4b6f-9a69-7c23e97755d2,4227322f-3efc-4249-9c82-bbd652717878,90,,2026-08-25T13:47:25+07:00
0dd8d9f9-31a0-4cd0-b0e0-b5aca3abeadd,e583dee4-899b-4095-989a-131c50e14767,,88,,2026-08-23T19:53:08+07:00
fd853fd2-beb4-4067-b0c5-340ab71f891e,e583dee4-899b-4095-989a-131c50e14767,4227322f-3efc-4249-9c82-bbd652717878,99,,2026-08-29T11:30:48+07:00
7eb1805e-cefd-457f-8517-6bc10e5b4b7b,a348266e-3865-4431-a754-5f16d9e9093d,d2c29091-0e3c-43d4-916f-76666e797354,99,,2026-08-25T11:49:46+07:00
37ee9d0a-2452-42ff-9f3a-efd334f94637,a348266e-3865-4431-a754-5f16d9e9093d,1b18c38d-637d-4ecd-a2a1-77ed14d655bb,68,,2026-08-27T14:39:12+07:00
7f62bfa6-5f36-4962-b0b8-bb80c0bf9fd3,f1a84006-669b-435d-a19e-990a92ce9331,d2c29091-0e3c-43d4-916f-76666e797354,91,,2026-08-24T09:48:23+07:00
51aa3ff6-3b3d-48bc-aa75-8ce91c74cbb2,f1a84006-669b-435d-a19e-990a92ce9331,,83,,2026-08-26T13:18:11+07:00
da993d5b-040a-4692-bc5d-aa4ce7621e28,f1a84006-669b-435d-a19e-990a92ce9331,fcd40acc-4f8f-45c8-82df-e9d0f8206796,90,,2026-09-02T04:23:34+07:00
56e3c91e-28c5-4108-876d-693f0f3f2919,38d1d747-16ee-4a13-8eb0-d4ec8d37ef12,506eaccd-4997-418d-8a64-a67ed9a58eaa,84,,2026-08-26T10:01:31+07:00
3727ef7a-cbf0-4100-926e-3c6dd8cd41ff,38d1d747-16ee-4a13-8eb0-d4ec8d37ef12,1427b036-c60b-4c81-a3c6-d573dda80136,88,,2026-09-18T02:40:29+07:00
5a78801b-4827-46cc-ae7c-804a95d39398,e8fce634-269d-4240-9764-2a282ac1534b,506eaccd-4997-418d-8a64-a67ed9a58eaa,97,,2026-08-27T06:26:51+07:00
d4d1fb71-52e1-43cd-be5e-84ad271a4fd5,a70df592-11ba-42ba-bd6f-fcd3b05ca189,506eaccd-4997-418d-8a64-a67ed9a58eaa,78,,2026-08-25T03:20:37+07:00
1856f37b-e280-4147-826c-a36b7c8d791b,a70df592-11ba-42ba-bd6f-fcd3b05ca189,1b920a71-baaf-4adc-94e8-cd83874a8d54,99,,2026-08-25T15:49:03+07:00
5dedf759-4d4d-441b-8062-3792814305f1,a70df592-11ba-42ba-bd6f-fcd3b05ca189,461e2ef5-600f-436b-8b20-ff6b5e1c1561,82,,2026-09-06T11:48:32+07:00
bc2780f5-33ca-4c3c-af64-d5a67a73e0fd,c01e6f64-0d70-4087-ac80-9030d82ce1b9,ec2e17a2-948e-44b3-915f-caa14df50aa9,91,,2026-08-26T11:44:27+07:00
7ef47ff8-50bb-4257-9e29-cca31de65efb,c01e6f64-0d70-4087-ac80-9030d82ce1b9,fcd40acc-4f8f-45c8-82df-e9d0f8206796,81,,2026-08-27T14:37:41+07:00
e5c702ab-e459-43a9-88fc-cac9ea9f918d,c01e6f64-0d70-4087-ac80-9030d82ce1b9,ec2e17a2-948e-44b3-915f-caa14df50aa9,89,,2026-09-03T13:28:45+07:00
812cd397-c66b-446e-b198-58d9077b6a39,c01e6f64-0d70-4087-ac80-9030d82ce1b9,9d3a744a-0add-4abc-9dee-e537ac062393,91,,2026-09-26T08:38:05+07:00
1d64e91e-be7d-4238-bd75-13b2c6f80910,079868d7-5ffd-4052-90fa-20c43602a35a,4227322f-3efc-4249-9c82-bbd652717878,80,,2026-08-24T19:03:33+07:00
43d1bcee-f732-46ad-8305-47629fd131f0,079868d7-5ffd-4052-90fa-20c43602a35a,edb26a70-31be-4abe-8303-15f94d51175b,93,,2026-08-24T19:16:29+07:00
f1555c40-e779-44e0-8ba0-59a7d2d32a09,079868d7-5ffd-4052-90fa-20c43602a35a,,92,,2026-08-25T23:15:24+07:00
48ab10d5-e38c-4f78-bbfa-6d08ae29ae0d,079868d7-5ffd-4052-90fa-20c43602a35a,46d4a03e-c262-49ec-8695-987a04d7dc4b,97,,2026-08-27T01:08:59+07:00
bc72e001-fc62-4f05-a836-091c4045d48a,079868d7-5ffd-4052-90fa-20c43602a35a,10d05c09-bdb2-4253-8e44-856ad5336f34,99,,2026-08-27T02:06:29+07:00
d492ed8a-363b-4307-921b-1418f20ee9e8,079868d7-5ffd-4052-90fa-20c43602a35a,49ee8f81-45d9-4cdc-83e5-abf8f1539d56,79,,2026-08-28T10:14:27+07:00
77f65176-dcfc-438c-8098-a6742db21ec7,079868d7-5ffd-4052-90fa-20c43602a35a,,93,,2026-08-30T12:26:09+07:00
6716c47f-5e2a-4fe9-bad5-e43f8d81b681,079868d7-5ffd-4052-90fa-20c43602a35a,028dcdfd-b509-4967-81ff-593ef33bb7ae,95,,2026-08-30T23:47:59+07:00
9f88de31-d1cd-467a-a92d-8857458741e0,079868d7-5ffd-4052-90fa-20c43602a35a,,89,,2026-08-31T14:29:25+07:00
28c03100-333c-4dc8-8348-620c9600b67f,079868d7-5ffd-4052-90fa-20c43602a35a,1b920a71-baaf-4adc-94e8-cd83874a8d54,88,,2026-09-01T05:48:48+07:00
35c7330d-e3fb-41c6-8d25-74152d72c29e,079868d7-5ffd-4052-90fa-20c43602a35a,83d2e570-56ce-4981-937c-fd58fd390509,99,,2026-09-03T19:30:31+07:00
af936297-aa14-4fa0-b2b7-dde099539a16,079868d7-5ffd-4052-90fa-20c43602a35a,1c9b4737-176c-445e-859d-330a859b0f5e,95,,2026-09-05T06:21:01+07:00
615ca4b2-0b3d-4cf9-a0c0-706cf8d64269,079868d7-5ffd-4052-90fa-20c43602a35a,52dd34ca-96f4-4b5c-b960-b9886b7f2605,97,,2026-09-12T02:24:34+07:00
55c25513-c6ac-4236-940e-e86b935ff005,079868d7-5ffd-4052-90fa-20c43602a35a,f07af7a6-e284-4594-bf88-9240894b8c96,99,,2026-09-14T03:41:24+07:00
dbdd8f91-5d7b-401f-a251-c5b911b15966,079868d7-5ffd-4052-90fa-20c43602a35a,028dcdfd-b509-4967-81ff-593ef33bb7ae,94,,2026-09-20T13:41:25+07:00
b606e8f2-5f59-4d6a-ad3d-6d33021c9d71,079868d7-5ffd-4052-90fa-20c43602a35a,1b920a71-baaf-4adc-94e8-cd83874a8d54,96,,2026-09-23T20:51:57+07:00
8de44a72-4ae3-4f6b-b0a0-26bd3522d503,079868d7-5ffd-4052-90fa-20c43602a35a,2c00434b-be5e-45ee-8122-ed4c038e59ae,94,,2026-09-25T18:59:16+07:00
b8cab043-7b59-4b74-be9b-100886455538,5258da77-a3d1-4b91-822b-06b5fff6b91f,fcd40acc-4f8f-45c8-82df-e9d0f8206796,96,,2026-08-26T08:03:11+07:00
92fab34b-2061-439c-a5ec-ed59f80e5ccd,5258da77-a3d1-4b91-822b-06b5fff6b91f,1427b036-c60b-4c81-a3c6-d573dda80136,91,,2026-09-12T18:35:08+07:00
3b19ca0a-0782-4bfe-9021-65084431c6b4,23b5f69f-88d9-4695-8d9c-fe2eaa94e648,,87,,2026-09-03T12:24:16+07:00
17c5ad3a-111c-42de-b0c3-bb59b7bc9cd0,f02f4d0d-5f8b-4693-9d1f-80fa05c5b788,61345fcc-db36-431c-b4cb-70b3963078a8,87,,2026-09-01T15:47:02+07:00
f4c74117-8d63-4453-b983-98c901ebcd1a,46291841-0ffc-44bb-bc30-e0991700830a,1c9b4737-176c-445e-859d-330a859b0f5e,88,,2026-08-25T19:49:26+07:00
f27c378a-6571-4c0f-9ccf-e3d69c7ebb22,46291841-0ffc-44bb-bc30-e0991700830a,,95,,2026-09-21T00:01:58+07:00
0cf0cbdf-08ee-4fa3-8922-8922512c18da,8114192e-97ae-4fb5-b41e-95df469d5352,ec2e17a2-948e-44b3-915f-caa14df50aa9,86,,2026-08-24T20:00:43+07:00
260cd16b-f633-4acb-b34c-d942cf6326a8,8114192e-97ae-4fb5-b41e-95df469d5352,fcd40acc-4f8f-45c8-82df-e9d0f8206796,82,,2026-08-25T22:24:32+07:00
34a72543-2be3-4585-90de-eb2792f721eb,fc03db2f-9854-4a84-888e-518b1e8170db,6ac69667-8033-4d4c-8a2c-fb6006a2c00e,87,,2026-08-26T20:03:59+07:00
eac0e8ef-17c8-47da-9658-931c963b8a8e,3c8e994d-c78d-4e09-8d7f-5293ebde42f4,b405bb76-c190-4857-97dd-8ee547b0c179,80,,2026-08-25T02:24:02+07:00
ff5f3333-7194-4f4f-a6cf-0a5c1866ea64,3c8e994d-c78d-4e09-8d7f-5293ebde42f4,ec2e17a2-948e-44b3-915f-caa14df50aa9,64,,2026-09-09T15:05:30+07:00
3653c902-a0d3-41f6-95d6-dec4d220b2eb,bfe3f528-cadf-48a3-9349-f951cbdb7b52,,97,,2026-08-25T06:47:53+07:00
5b235b0b-1f30-4495-9784-76ab42fc0ac7,bfe3f528-cadf-48a3-9349-f951cbdb7b52,,94,,2026-08-30T20:56:56+07:00
9704521e-e121-4fae-8188-7146a5af8e4d,6f4e524a-a6db-42d5-ac54-3ba59dcea5c4,1b18c38d-637d-4ecd-a2a1-77ed14d655bb,79,,2026-09-02T18:44:40+07:00
db292171-e759-4bdd-99ae-3d1ff3ba6d8a,5cea05b1-0bff-4dc9-ad04-1f4de4d6a85f,c337fe45-7f56-472a-8155-a61796ad3a76,95,,2026-08-24T23:10:55+07:00
2d310463-f926-4b01-9e86-c792600a56f8,5cea05b1-0bff-4dc9-ad04-1f4de4d6a85f,c337fe45-7f56-472a-8155-a61796ad3a76,87,,2026-08-29T21:53:17+07:00
a72742b7-bc93-49a2-a508-fd7589bfa274,5cea05b1-0bff-4dc9-ad04-1f4de4d6a85f,fcd40acc-4f8f-45c8-82df-e9d0f8206796,84,,2026-09-10T05:20:20+07:00
62950252-bfd8-4003-b04c-3da7a05fd823,3320f6b5-a282-42f8-a9cf-c502dba19db9,3d6b328b-442b-40b7-8f09-18653f0b20a1,82,,2026-08-24T22:53:54+07:00
a616df35-ba5b-4736-901e-015df0fc4269,3320f6b5-a282-42f8-a9cf-c502dba19db9,028dcdfd-b509-4967-81ff-593ef33bb7ae,93,,2026-08-27T08:59:57+07:00
040c561d-5ae2-4e65-9ef5-6a197c2ddc3a,3320f6b5-a282-42f8-a9cf-c502dba19db9,4227322f-3efc-4249-9c82-bbd652717878,93,,2026-09-06T21:10:38+07:00
72a4d514-6d63-416d-be42-d4e197bec3e6,940aa1a6-7a67-4573-9ca7-e49cac776e88,73832518-b9b2-4f5a-bff7-cd820a5da9c8,91,,2026-08-26T12:21:49+07:00
3255ecf0-92c3-41fd-856d-b9e508682eaa,940aa1a6-7a67-4573-9ca7-e49cac776e88,4227322f-3efc-4249-9c82-bbd652717878,85,,2026-09-01T06:49:27+07:00
ad157026-86fe-419c-a7b1-cf32f91fa0ba,efcefc47-7fb7-4945-9a03-b246485f620b,c337fe45-7f56-472a-8155-a61796ad3a76,79,,2026-08-26T16:58:26+07:00
47413336-9ab9-4421-972c-02ac806f9a05,efcefc47-7fb7-4945-9a03-b246485f620b,b405bb76-c190-4857-97dd-8ee547b0c179,85,,2026-09-16T02:48:49+07:00
8b6b19d6-7a91-471a-ba04-34119c0af911,69530332-87ff-4a39-b6db-45cbb51d559c,,98,,2026-08-25T20:59:19+07:00
168d076a-8279-4685-8430-68d814f75e8e,69530332-87ff-4a39-b6db-45cbb51d559c,028dcdfd-b509-4967-81ff-593ef33bb7ae,84,,2026-08-26T08:09:13+07:00
0d3df7bd-b92b-4a06-a383-f472e7e84dee,69530332-87ff-4a39-b6db-45cbb51d559c,028dcdfd-b509-4967-81ff-593ef33bb7ae,84,,2026-08-27T12:30:40+07:00
22234fc1-2883-401a-b4cf-9e6fce3a9020,69530332-87ff-4a39-b6db-45cbb51d559c,46d4a03e-c262-49ec-8695-987a04d7dc4b,91,,2026-09-06T18:36:09+07:00
34078af3-ced7-403a-956b-bab95313ee1e,69530332-87ff-4a39-b6db-45cbb51d559c,,84,,2026-09-08T20:17:33+07:00
acfa079e-cee7-4fa1-975d-2359a155b9f5,69530332-87ff-4a39-b6db-45cbb51d559c,b405bb76-c190-4857-97dd-8ee547b0c179,86,,2026-09-13T19:46:01+07:00
89e9f92f-de34-4b2c-9d11-bcee029ef538,6d51299b-403d-46ac-99b3-bbdeed52dc81,d2c29091-0e3c-43d4-916f-76666e797354,76,,2026-09-04T22:33:02+07:00
1e8449b0-ff0d-4304-bd5f-9d66649f6043,6d51299b-403d-46ac-99b3-bbdeed52dc81,,85,,2026-09-13T17:42:13+07:00
9c709421-39df-483a-9af3-8093a84a2f77,c2ee8ad3-3029-4ea2-a961-6e5bde84383a,52e73b62-4559-490f-bc2e-7ada5e1bb367,83,,2026-08-26T06:37:59+07:00
60ee9acc-4a88-46a1-a51b-eea7755c7b26,c2ee8ad3-3029-4ea2-a961-6e5bde84383a,66637ead-7b55-4701-918c-347f1ff9573c,88,,2026-08-28T01:06:40+07:00
fd5645b0-b847-4e7a-bec4-3d69a1d61152,c2ee8ad3-3029-4ea2-a961-6e5bde84383a,ec2e17a2-948e-44b3-915f-caa14df50aa9,93,,2026-09-13T15:51:36+07:00
38b5ad95-bbae-4152-880f-154773fb6d8b,c2ee8ad3-3029-4ea2-a961-6e5bde84383a,73832518-b9b2-4f5a-bff7-cd820a5da9c8,92,,2026-09-16T05:27:14+07:00
67c0e7aa-d147-4d4c-bcf5-abf51929783e,8e847b95-eef9-42c0-bc3a-1d932c491ca5,d2c29091-0e3c-43d4-916f-76666e797354,73,,2026-08-27T16:01:07+07:00
5686babf-5b1c-4f31-938f-ad0d9ae650b6,8e847b95-eef9-42c0-bc3a-1d932c491ca5,d2c29091-0e3c-43d4-916f-76666e797354,89,,2026-09-03T17:27:04+07:00
c20529c1-fa30-4ace-b622-d1286f982a87,8e847b95-eef9-42c0-bc3a-1d932c491ca5,,90,,2026-09-12T02:03:46+07:00
158da17b-70a6-4264-b690-5ff053fef3b8,8e847b95-eef9-42c0-bc3a-1d932c491ca5,f07af7a6-e284-4594-bf88-9240894b8c96,82,,2026-09-18T14:20:23+07:00
69fcafed-9a52-4a1d-8ff5-b4ae0d9db07e,8e847b95-eef9-42c0-bc3a-1d932c491ca5,a12b0378-6739-4162-9eba-0b93ccfdfff0,88,,2026-09-24T05:14:52+07:00
219a1736-2478-4d79-8a7f-863ddabe171f,b7ac151a-2b9c-4e4a-92f9-a3668678ae74,52dd34ca-96f4-4b5c-b960-b9886b7f2605,83,,2026-08-26T16:49:49+07:00
4bd62a3d-b28e-4ad1-9d18-9b349c405724,b7ac151a-2b9c-4e4a-92f9-a3668678ae74,461e2ef5-600f-436b-8b20-ff6b5e1c1561,95,,2026-09-18T05:52:21+07:00
19ed3722-86b7-41cc-a5a6-69a3fa227a7f,7e545bff-fc12-4585-87fa-b572a46c2809,ec2e17a2-948e-44b3-915f-caa14df50aa9,99,,2026-08-29T14:02:53+07:00
e9d12057-2768-496d-b878-fc22c899cbf1,7e545bff-fc12-4585-87fa-b572a46c2809,506eaccd-4997-418d-8a64-a67ed9a58eaa,88,,2026-09-21T15:08:45+07:00
4c6d822f-0070-441f-b419-06ce5284f670,35981d81-8519-4950-9776-f7ce5fbc9ec1,7fd4dcb0-dc6b-4e20-86e0-79dc05bf63ce,90,,2026-08-28T08:05:42+07:00
ea34ffc0-9163-4033-8896-41263b2017a0,35981d81-8519-4950-9776-f7ce5fbc9ec1,61345fcc-db36-431c-b4cb-70b3963078a8,89,,2026-09-04T16:58:53+07:00
3109bdaa-0e46-442e-b1ef-9573d3ca77f7,35981d81-8519-4950-9776-f7ce5fbc9ec1,4227322f-3efc-4249-9c82-bbd652717878,98,,2026-09-15T05:31:58+07:00
6d569192-cbf1-42ed-b6c7-894b4159111d,9024acca-d7f1-4fe1-9c81-e767f566a3c8,506eaccd-4997-418d-8a64-a67ed9a58eaa,89,,2026-08-29T23:01:25+07:00
61c53a76-06c9-4f85-9b9d-ab9da43c2eca,9024acca-d7f1-4fe1-9c81-e767f566a3c8,1b18c38d-637d-4ecd-a2a1-77ed14d655bb,96,,2026-09-14T19:40:54+07:00
8c5b7d67-ccda-4b63-a70c-de857ebaa4ec,23efd977-c19c-4fd5-9c4b-c091b9d64d3b,6ac69667-8033-4d4c-8a2c-fb6006a2c00e,95,,2026-08-26T04:38:18+07:00
7dbc80ca-18f1-4790-b306-1b0744da2f8a,23efd977-c19c-4fd5-9c4b-c091b9d64d3b,73832518-b9b2-4f5a-bff7-cd820a5da9c8,86,,2026-09-05T20:38:21+07:00
d4c1c2c1-cff4-4518-b884-d54777b8973c,661ecd4f-2d73-41da-8af5-fc177f0141be,66637ead-7b55-4701-918c-347f1ff9573c,84,,2026-08-26T23:24:21+07:00
ec24e49a-2b60-4ad2-ba7a-f4a982d019c3,844d12d5-acc0-4664-a4ac-957114b92dd2,d2c29091-0e3c-43d4-916f-76666e797354,99,,2026-08-29T03:23:57+07:00
4a097247-228c-468c-bb53-c94c1f0f4d87,ad80d5df-cdf8-48fc-a23e-6308d9bd9913,d2c29091-0e3c-43d4-916f-76666e797354,83,,2026-08-31T13:19:31+07:00
bb0ee61e-9b30-4204-8da2-a5a85e93683e,ad80d5df-cdf8-48fc-a23e-6308d9bd9913,,92,,2026-09-04T14:52:00+07:00
75000c40-1081-4ed5-bf56-6e2abef993d4,a9212fee-e062-4ac7-ad42-7589f5ceaf4a,1b18c38d-637d-4ecd-a2a1-77ed14d655bb,97,,2026-09-03T15:30:35+07:00
f9cb02de-eb6e-4608-848d-7a5bd01d8d53,a9212fee-e062-4ac7-ad42-7589f5ceaf4a,ba952af1-6fd5-49fe-ba55-bdc465f95ca2,85,,2026-09-18T16:43:24+07:00
05b0db1d-8b54-4154-ba52-ddcadad85761,cf41bfbe-5d66-4ab7-b34f-badb4e6e48eb,f07af7a6-e284-4594-bf88-9240894b8c96,83,,2026-08-26T18:49:06+07:00
9f9e12c9-5cdb-4d19-8b70-9176865f2c05,cf41bfbe-5d66-4ab7-b34f-badb4e6e48eb,2c00434b-be5e-45ee-8122-ed4c038e59ae,84,,2026-08-27T03:10:47+07:00
77d5ab4b-6a44-4545-b481-715b136941d3,cf41bfbe-5d66-4ab7-b34f-badb4e6e48eb,9d3a744a-0add-4abc-9dee-e537ac062393,99,,2026-08-30T19:39:57+07:00
f27e3530-530a-4688-98eb-e8a7b482e5ac,d34bbccc-74d3-4638-b322-0faf8a66b0ea,49ee8f81-45d9-4cdc-83e5-abf8f1539d56,85,,2026-08-27T08:55:45+07:00
293e04bd-5a6a-445f-be9c-35f69a617991,d34bbccc-74d3-4638-b322-0faf8a66b0ea,461e2ef5-600f-436b-8b20-ff6b5e1c1561,87,,2026-09-11T18:04:09+07:00
7786b109-920a-4d68-9d6f-0937d2e8addb,d34bbccc-74d3-4638-b322-0faf8a66b0ea,f1eb7eeb-a8ef-4cb0-a886-09d74d3af598,92,,2026-09-26T14:56:25+07:00
84b0ff08-b30a-4ff4-b9e4-cc4396b6134f,f0aeb196-d8d0-4520-b7d0-638557efcae3,46d4a03e-c262-49ec-8695-987a04d7dc4b,90,,2026-08-31T11:30:43+07:00
937143e9-086b-4eb8-970f-405fda1f2863,f0aeb196-d8d0-4520-b7d0-638557efcae3,1b18c38d-637d-4ecd-a2a1-77ed14d655bb,86,,2026-09-01T02:13:15+07:00
1d3fd3e3-bd38-437b-be5d-2ae11f71dc80,55f8743a-a414-425b-9892-625ccf844b7c,1427b036-c60b-4c81-a3c6-d573dda80136,85,,2026-09-03T22:48:32+07:00
c7333209-6978-4062-816b-2624e73c292b,55f8743a-a414-425b-9892-625ccf844b7c,028dcdfd-b509-4967-81ff-593ef33bb7ae,88,,2026-09-17T13:01:51+07:00
bc0d4cd4-abd4-4237-a654-8494b61130af,55f8743a-a414-425b-9892-625ccf844b7c,506eaccd-4997-418d-8a64-a67ed9a58eaa,83,,2026-09-18T04:35:22+07:00
278fc8e1-8d8e-4327-b0d1-1fff9b1c8a9e,e22e70e2-e485-4a90-8ad3-5df1b058b925,52e73b62-4559-490f-bc2e-7ada5e1bb367,99,,2026-09-02T03:12:41+07:00
71e60745-633b-488c-abc8-cceef92eefdc,e22e70e2-e485-4a90-8ad3-5df1b058b925,9d3a744a-0add-4abc-9dee-e537ac062393,82,,2026-09-22T21:14:21+07:00
8a9fe4af-6a3b-4c9c-8914-5f73e4e5e179,e22e70e2-e485-4a90-8ad3-5df1b058b925,d2c29091-0e3c-43d4-916f-76666e797354,88,,2026-09-28T15:04:06+07:00
feac2775-4a0b-420d-adc8-9f036ee51aa6,141fe1b5-fbcb-477b-8fb3-a91012be95a9,1c9b4737-176c-445e-859d-330a859b0f5e,91,,2026-09-02T08:12:43+07:00
e160afc0-16bc-48c8-9f26-4e1dcbb8977e,141fe1b5-fbcb-477b-8fb3-a91012be95a9,506eaccd-4997-418d-8a64-a67ed9a58eaa,85,,2026-09-08T03:35:41+07:00
f5b2d2ec-bb36-4777-a995-cb815b785972,141fe1b5-fbcb-477b-8fb3-a91012be95a9,2c00434b-be5e-45ee-8122-ed4c038e59ae,85,,2026-09-13T18:03:18+07:00
27217bb2-97c7-498e-a3af-32e0c8ed7096,27c975b7-dc11-452c-af5e-04fadf33ebe0,fcd40acc-4f8f-45c8-82df-e9d0f8206796,87,,2026-09-04T08:46:18+07:00
89eae177-81a6-4891-bfad-3e52263cbf42,27c975b7-dc11-452c-af5e-04fadf33ebe0,,99,,2026-09-07T15:09:30+07:00
ff9794aa-ca74-41cc-9678-b126c90c67ae,f14c61a7-196a-4fcf-b9a0-e143d2a59487,66637ead-7b55-4701-918c-347f1ff9573c,96,,2026-09-03T19:00:29+07:00
6cba6602-5e28-4d8e-82c1-eb3731f757fc,e18f7676-0258-4799-a3ee-fca5a0f2f095,ec2e17a2-948e-44b3-915f-caa14df50aa9,94,,2026-08-30T20:55:52+07:00
4c676891-eac7-4814-92d3-b0387ba908eb,e18f7676-0258-4799-a3ee-fca5a0f2f095,385d7299-b7a7-4793-a42a-5185f3adf474,90,,2026-08-30T22:54:28+07:00
55291697-394e-48c6-9593-d797e3ae17d9,e18f7676-0258-4799-a3ee-fca5a0f2f095,4227322f-3efc-4249-9c82-bbd652717878,86,,2026-09-13T10:41:18+07:00
841b506f-fea2-4e69-ad75-7f7b73945b70,efbe99d9-9b93-4464-9250-203481ee2434,edb26a70-31be-4abe-8303-15f94d51175b,78,,2026-08-29T15:50:33+07:00
f718f01d-0093-4847-b39a-8011f6abe3d1,efbe99d9-9b93-4464-9250-203481ee2434,1b920a71-baaf-4adc-94e8-cd83874a8d54,78,,2026-09-01T02:28:55+07:00
d5cbf228-ea66-41c9-88e3-fff8a5d14cf9,efbe99d9-9b93-4464-9250-203481ee2434,,87,,2026-09-01T21:18:10+07:00
8130c031-19b5-4c82-86ec-4e3397c130bc,efbe99d9-9b93-4464-9250-203481ee2434,f07af7a6-e284-4594-bf88-9240894b8c96,89,,2026-09-06T01:50:59+07:00
df86ba9f-0bb0-46b1-a417-ab9c420e289a,efbe99d9-9b93-4464-9250-203481ee2434,,85,,2026-09-07T21:52:06+07:00
3406dcc1-f0b7-417b-b80f-6a39c3df3672,efbe99d9-9b93-4464-9250-203481ee2434,028dcdfd-b509-4967-81ff-593ef33bb7ae,78,,2026-09-12T03:01:26+07:00
3587ef85-eeab-4d30-a0ba-2d210a12fc6e,262100f3-e507-4625-9b87-43f217a8d538,66637ead-7b55-4701-918c-347f1ff9573c,90,,2026-08-28T16:03:59+07:00
07fdf58c-83cd-4866-a7e1-6be26caa02a5,262100f3-e507-4625-9b87-43f217a8d538,2c00434b-be5e-45ee-8122-ed4c038e59ae,93,,2026-09-12T14:50:42+07:00
14b9fec7-5f35-460f-aeb9-d369c3db96cb,262100f3-e507-4625-9b87-43f217a8d538,,86,,2026-09-17T08:04:40+07:00
04d052a4-4ed8-4d56-8747-ec83b6255c49,ac64ae94-aab9-4616-a49a-96d39403e02e,9d3a744a-0add-4abc-9dee-e537ac062393,87,,2026-08-29T05:54:10+07:00
6b98530d-f1de-422f-9c2b-6835fde6e63b,ac64ae94-aab9-4616-a49a-96d39403e02e,,87,,2026-08-30T15:15:54+07:00
376f87d7-c4da-41ab-bbac-ff02e45f6078,ac64ae94-aab9-4616-a49a-96d39403e02e,,99,,2026-09-03T03:36:02+07:00
15457f61-3504-4111-9a8f-4c1d43ab3f42,51b55940-458c-41a4-afc9-fe034fa83822,506eaccd-4997-418d-8a64-a67ed9a58eaa,93,,2026-09-01T21:46:09+07:00
d98f072a-067e-41a3-815b-86b9f4066fcc,51b55940-458c-41a4-afc9-fe034fa83822,,87,,2026-09-17T14:13:08+07:00
b12a3594-abc6-4171-89e5-ce9034dd8be3,5a1cc98f-fed9-4117-a0d2-d073cc5e9168,52dd34ca-96f4-4b5c-b960-b9886b7f2605,93,,2026-09-02T09:14:13+07:00
2dc21a47-ca2a-4df9-affb-e4b3d5e61da4,5a1cc98f-fed9-4117-a0d2-d073cc5e9168,ba952af1-6fd5-49fe-ba55-bdc465f95ca2,79,,2026-09-21T17:05:07+07:00
f49896d1-dbc5-43c9-bcf2-97034c3cc31e,323cd005-7a36-45ea-a42c-2b14ac2a4dc4,88be6602-74af-4f89-b7fa-596e620aa8e4,79,,2026-08-29T00:54:06+07:00
11a5cea9-54c5-46e0-a417-f59cc68bac85,323cd005-7a36-45ea-a42c-2b14ac2a4dc4,1c9b4737-176c-445e-859d-330a859b0f5e,82,,2026-09-14T05:46:44+07:00
4af0c12d-4c22-47a4-a4ca-7bbe43aa07a7,323cd005-7a36-45ea-a42c-2b14ac2a4dc4,028dcdfd-b509-4967-81ff-593ef33bb7ae,92,,2026-09-20T00:45:25+07:00
88fe5392-ea7d-416c-a521-ea2cb45e8a42,73b9594d-ed9c-40d0-a24e-3415ffc9a2ee,,85,,2026-08-29T16:54:44+07:00
bdab82ce-2fd3-4c90-af0f-bc1b6a276303,73b9594d-ed9c-40d0-a24e-3415ffc9a2ee,46d4a03e-c262-49ec-8695-987a04d7dc4b,81,,2026-09-20T10:19:33+07:00
44145f48-1f66-4567-aa06-c62eca5249ce,d7d6f9e8-bc10-4374-b70e-c36ab63e810e,88be6602-74af-4f89-b7fa-596e620aa8e4,83,,2026-08-29T18:25:44+07:00
5d95af10-a940-4ace-819d-e87c5ae4ca49,d7d6f9e8-bc10-4374-b70e-c36ab63e810e,2c00434b-be5e-45ee-8122-ed4c038e59ae,82,,2026-08-30T10:03:19+07:00
4f173999-7dbf-499e-aa33-a49b31cb5423,d7d6f9e8-bc10-4374-b70e-c36ab63e810e,73832518-b9b2-4f5a-bff7-cd820a5da9c8,88,,2026-09-02T07:37:35+07:00
7c1f08c3-6040-4e36-b158-5c68d0e256c2,9edbd83a-f2e0-4fd8-9a68-feca9b90ba06,,86,,2026-08-29T22:20:30+07:00
d69878c1-450d-4580-a007-6d8884151e91,9edbd83a-f2e0-4fd8-9a68-feca9b90ba06,1b920a71-baaf-4adc-94e8-cd83874a8d54,76,,2026-09-01T02:09:43+07:00
b022f19a-755d-4213-abca-90bb282a94dc,9edbd83a-f2e0-4fd8-9a68-feca9b90ba06,83d2e570-56ce-4981-937c-fd58fd390509,84,,2026-09-03T14:35:15+07:00
ed18d041-f616-40ef-9a85-a5aaca7f2ae4,9edbd83a-f2e0-4fd8-9a68-feca9b90ba06,385d7299-b7a7-4793-a42a-5185f3adf474,86,,2026-09-06T13:48:39+07:00
a9a3617d-2b22-4fe3-b5d1-c196daa4216e,55ef3a1c-8ffa-4ff4-ad0e-86acb65fb269,83d2e570-56ce-4981-937c-fd58fd390509,95,,2026-09-10T14:28:09+07:00
fa5667d5-80ab-4b0b-a7ab-66446f97b03a,55ef3a1c-8ffa-4ff4-ad0e-86acb65fb269,1427b036-c60b-4c81-a3c6-d573dda80136,89,,2026-09-18T06:56:14+07:00
723300ad-66a9-4ad6-9ff7-5389a11a8b11,d1d5e081-f768-465b-a15b-40588f78c8c7,edb26a70-31be-4abe-8303-15f94d51175b,81,,2026-08-29T13:53:57+07:00
70ea7b08-cac5-4781-9322-6101b080d193,d1d5e081-f768-465b-a15b-40588f78c8c7,88be6602-74af-4f89-b7fa-596e620aa8e4,84,,2026-09-06T08:15:36+07:00
b282f3cb-0f1e-454a-bcc0-6bd1e58e2956,d1d5e081-f768-465b-a15b-40588f78c8c7,49ee8f81-45d9-4cdc-83e5-abf8f1539d56,94,,2026-09-09T23:10:13+07:00
c008e151-f7e0-4870-bbc0-5fd657eb225c,d1d5e081-f768-465b-a15b-40588f78c8c7,,95,,2026-09-22T22:16:02+07:00
1684f9ce-d683-4165-a419-d06091bb7109,d1d5e081-f768-465b-a15b-40588f78c8c7,,91,,2026-09-27T19:23:51+07:00
35eb7489-cdac-4cec-a097-be943c017cfb,28aac29f-1d05-4644-995a-1b2fd5fccaed,c337fe45-7f56-472a-8155-a61796ad3a76,80,,2026-08-29T22:34:57+07:00
1fbdc9c6-e3f7-4bd5-bb8b-404a3ddeca0d,28aac29f-1d05-4644-995a-1b2fd5fccaed,6ac69667-8033-4d4c-8a2c-fb6006a2c00e,92,,2026-09-06T20:23:16+07:00
f12365e5-e22a-4396-a420-9839ac14e2d4,28aac29f-1d05-4644-995a-1b2fd5fccaed,edb26a70-31be-4abe-8303-15f94d51175b,79,,2026-09-10T19:34:07+07:00
b3ec468c-96a6-477e-bc10-3722dd33a115,dee1fdd1-39e2-4f58-8441-ee7e2a22fcca,f07af7a6-e284-4594-bf88-9240894b8c96,92,,2026-08-28T11:39:41+07:00
cfab1246-d43e-49f1-a87f-11c8972bb5a2,dee1fdd1-39e2-4f58-8441-ee7e2a22fcca,,77,,2026-09-05T21:59:40+07:00
3ba10a9a-4c80-4a66-8802-fdc601190bb5,1a7f2f83-a307-4476-aac5-d0cd1903541e,10d05c09-bdb2-4253-8e44-856ad5336f34,97,,2026-08-29T20:29:32+07:00
e33c738a-1988-4144-b5c8-3933945c16a5,1a7f2f83-a307-4476-aac5-d0cd1903541e,d2c29091-0e3c-43d4-916f-76666e797354,75,,2026-09-02T00:29:42+07:00
fa6c9d7f-8033-4464-809e-004f1bc1fd9a,1a7f2f83-a307-4476-aac5-d0cd1903541e,4227322f-3efc-4249-9c82-bbd652717878,90,,2026-09-06T01:46:37+07:00
8edde679-c545-43b1-b104-0dabbfdbab45,1a7f2f83-a307-4476-aac5-d0cd1903541e,461e2ef5-600f-436b-8b20-ff6b5e1c1561,91,,2026-09-06T10:28:38+07:00
87d13f61-a8c8-4ffb-9b67-8fdcaf80f2b5,aaf6dc20-145f-4f72-bf1f-9f1e9fe1ff75,6ac69667-8033-4d4c-8a2c-fb6006a2c00e,74,,2026-08-30T05:33:34+07:00
bee5cfda-2d31-42e4-aad5-4f4d6d5ebb13,aaf6dc20-145f-4f72-bf1f-9f1e9fe1ff75,,70,,2026-09-24T12:38:30+07:00
6d57a3f8-aaec-49f8-9d1a-6f1d104282c4,f5cdb52a-91bc-460e-8dfd-23e720951a06,,75,,2026-09-01T21:07:07+07:00
d31905d8-ba1a-48a7-a390-c199767e5097,09703e3d-79f6-4378-9237-4f87d0ce215f,ba952af1-6fd5-49fe-ba55-bdc465f95ca2,88,,2026-09-02T22:49:26+07:00
264f036b-4dd6-4546-add6-c043d9e9440b,09703e3d-79f6-4378-9237-4f87d0ce215f,83d2e570-56ce-4981-937c-fd58fd390509,94,,2026-09-24T22:17:41+07:00
a1c7733e-77a3-41c3-ace0-5d295c10e05c,bd906df7-0edf-41b7-aea8-188d0a1833e2,edb26a70-31be-4abe-8303-15f94d51175b,83,,2026-09-05T02:09:23+07:00
564a02a9-27c3-47af-9712-97f446556c5b,bd906df7-0edf-41b7-aea8-188d0a1833e2,ec2e17a2-948e-44b3-915f-caa14df50aa9,80,,2026-09-18T17:11:27+07:00
59aff6f9-1f7b-45fe-b776-fcd8978210b6,bd906df7-0edf-41b7-aea8-188d0a1833e2,7fd4dcb0-dc6b-4e20-86e0-79dc05bf63ce,85,,2026-09-21T02:26:24+07:00
4f12acf0-3c74-4b06-9627-0c9b92d73d73,3df167c3-8854-4bb0-a750-64186ca134a8,1427b036-c60b-4c81-a3c6-d573dda80136,88,,2026-09-01T13:14:49+07:00
4bd6503f-bb04-437c-b580-67c53a60d0ca,3df167c3-8854-4bb0-a750-64186ca134a8,461e2ef5-600f-436b-8b20-ff6b5e1c1561,96,,2026-09-06T23:54:31+07:00
19627d85-34bf-4518-b60c-bba5d821ceac,2a84720e-fe29-4154-9c10-296e9ae13595,52dd34ca-96f4-4b5c-b960-b9886b7f2605,96,,2026-09-04T00:34:05+07:00
847a0d44-ec88-4918-863b-6f5eb6e4bc6c,2a84720e-fe29-4154-9c10-296e9ae13595,4227322f-3efc-4249-9c82-bbd652717878,83,,2026-09-04T11:58:28+07:00
d0284878-32c9-4937-bc0d-69eb653b2837,6cfe1dbe-d314-40f5-97ad-f50b10a71147,2c00434b-be5e-45ee-8122-ed4c038e59ae,82,,2026-09-02T02:46:06+07:00
22780ebe-d583-423d-82ed-6682a63964fe,6cfe1dbe-d314-40f5-97ad-f50b10a71147,3d6b328b-442b-40b7-8f09-18653f0b20a1,88,,2026-09-04T06:05:38+07:00
7e53a14f-d166-412e-8976-e30f5c986710,6cfe1dbe-d314-40f5-97ad-f50b10a71147,73832518-b9b2-4f5a-bff7-cd820a5da9c8,85,,2026-09-06T00:50:17+07:00
646cf6f2-6a1f-4af9-906d-7eedaf09632e,4bf2ba3b-14c0-41b4-b7e6-168e7288a21d,1c9b4737-176c-445e-859d-330a859b0f5e,84,,2026-09-03T12:33:50+07:00
6f24a754-57ee-4d2b-aca8-caaa9f42eb79,4bf2ba3b-14c0-41b4-b7e6-168e7288a21d,1427b036-c60b-4c81-a3c6-d573dda80136,88,,2026-09-19T22:48:18+07:00
8f80bb7f-ccda-4cea-86b4-fae772547994,4e90a467-ef21-43c4-b371-6f07ea4a98d7,461e2ef5-600f-436b-8b20-ff6b5e1c1561,90,,2026-08-30T15:19:03+07:00
37610fad-f1ad-4ec1-9f36-418cd01db22b,e7814b81-b762-47bd-bda2-332aaefd5883,c337fe45-7f56-472a-8155-a61796ad3a76,75,,2026-08-31T17:25:59+07:00
4ae934df-3831-4236-8b99-fabb3d2be47f,e7814b81-b762-47bd-bda2-332aaefd5883,385d7299-b7a7-4793-a42a-5185f3adf474,85,,2026-09-09T11:01:29+07:00
3774e5f4-dd2a-4a3c-b1ab-10dc9b6e23b1,e7814b81-b762-47bd-bda2-332aaefd5883,3d6b328b-442b-40b7-8f09-18653f0b20a1,77,,2026-09-14T04:09:39+07:00
8a6f6220-5a9e-444d-8a8d-5644dbde4884,e7814b81-b762-47bd-bda2-332aaefd5883,,96,,2026-09-15T04:49:47+07:00
9eded312-70b2-4019-8375-e8df304bf5ef,e7814b81-b762-47bd-bda2-332aaefd5883,a12b0378-6739-4162-9eba-0b93ccfdfff0,93,,2026-09-15T05:44:28+07:00
acc5936f-ee7e-4472-8f11-e09b7b6caee3,e7814b81-b762-47bd-bda2-332aaefd5883,f1eb7eeb-a8ef-4cb0-a886-09d74d3af598,89,,2026-09-17T06:18:09+07:00
688a3915-9bde-41ef-a954-51b7d6be3d98,e7814b81-b762-47bd-bda2-332aaefd5883,88be6602-74af-4f89-b7fa-596e620aa8e4,81,,2026-09-20T11:15:19+07:00
8767534a-c6f5-4f4a-b74f-b82b0146ddb6,e7814b81-b762-47bd-bda2-332aaefd5883,61345fcc-db36-431c-b4cb-70b3963078a8,91,,2026-09-23T07:28:42+07:00
cf01d606-30ad-476b-adfa-823bbd267931,a8c3390e-920c-4d5e-b985-68de9062cf0f,83d2e570-56ce-4981-937c-fd58fd390509,85,,2026-08-31T03:49:40+07:00
d2865b6b-2996-48e9-9498-fab7329f3c06,a8c3390e-920c-4d5e-b985-68de9062cf0f,7fd4dcb0-dc6b-4e20-86e0-79dc05bf63ce,92,,2026-09-30T10:25:10+07:00
80c854c0-d434-4ce8-911f-4b21f839e915,1f61987d-aeef-45fa-bff8-87c873721be6,,84,,2026-08-29T22:20:54+07:00
4d30dd45-83f4-49f7-bffb-3af495988595,1f61987d-aeef-45fa-bff8-87c873721be6,73832518-b9b2-4f5a-bff7-cd820a5da9c8,95,,2026-09-01T04:55:05+07:00
b2233c56-0fdd-4cbf-a8b1-f0880a8bf553,882beab2-98b0-4e28-ab59-e9553ac97582,88be6602-74af-4f89-b7fa-596e620aa8e4,77,,2026-08-30T07:26:31+07:00
9f1e3010-3221-4b40-95d4-31c814ae2781,882beab2-98b0-4e28-ab59-e9553ac97582,b405bb76-c190-4857-97dd-8ee547b0c179,80,,2026-08-30T13:29:18+07:00
bf9570ed-8352-477a-8e96-bc383d81c1f0,ca926aba-023c-4316-a3ce-8371cc2b6558,46d4a03e-c262-49ec-8695-987a04d7dc4b,84,,2026-08-31T19:54:16+07:00
75b1486a-8953-4258-9793-4d5b7b821a3b,ca926aba-023c-4316-a3ce-8371cc2b6558,b405bb76-c190-4857-97dd-8ee547b0c179,89,,2026-09-13T11:21:26+07:00
c373afc8-16ab-4481-a55d-78cbdf745087,ca926aba-023c-4316-a3ce-8371cc2b6558,7fd4dcb0-dc6b-4e20-86e0-79dc05bf63ce,94,,2026-09-22T14:26:33+07:00
a69edbb7-244e-475e-8169-464b989a8f7d,08029d10-6908-4c90-93be-a9f07bcd742d,1c9b4737-176c-445e-859d-330a859b0f5e,83,,2026-09-04T08:49:11+07:00
2652e5fd-efb7-445c-bf34-7531b7427fc5,8b20ae88-e202-488d-bda6-ea1baef477d8,,96,,2026-09-02T03:55:57+07:00
f5e185e9-46bd-463d-af62-16353ffa3219,93a1e469-324a-4c38-9894-b0ca88179127,028dcdfd-b509-4967-81ff-593ef33bb7ae,83,,2026-09-03T04:15:32+07:00
304afd04-e1b0-46f1-ba35-e9fcabaa24dd,93a1e469-324a-4c38-9894-b0ca88179127,52dd34ca-96f4-4b5c-b960-b9886b7f2605,98,,2026-09-07T20:40:13+07:00
dd4450e5-9987-4c81-b9c6-49aee7cfc17e,93a1e469-324a-4c38-9894-b0ca88179127,b405bb76-c190-4857-97dd-8ee547b0c179,79,,2026-09-14T15:17:19+07:00
d7930383-95cd-437f-be93-c4588a2acd7a,f8fd05d1-2399-4489-9f22-782b81f0b4d6,028dcdfd-b509-4967-81ff-593ef33bb7ae,80,,2026-08-31T19:54:25+07:00
fcc04bac-52b6-4847-a288-aa5a5a4bbc44,f8fd05d1-2399-4489-9f22-782b81f0b4d6,2c00434b-be5e-45ee-8122-ed4c038e59ae,98,,2026-09-02T18:54:20+07:00
707d6339-8b05-4f15-b9a6-a78be24176dd,3cf534b1-feff-460c-91da-ecf37587d4c6,1b920a71-baaf-4adc-94e8-cd83874a8d54,92,,2026-09-08T00:32:58+07:00
745e1031-c7ae-45fa-b2b0-e7fe02cd2775,3cf534b1-feff-460c-91da-ecf37587d4c6,6ac69667-8033-4d4c-8a2c-fb6006a2c00e,84,,2026-09-20T15:18:22+07:00
e7adad94-6b9e-4946-a951-428b5ff60c84,87a96521-1f3e-49af-b714-f6bce6fe98c0,385d7299-b7a7-4793-a42a-5185f3adf474,94,,2026-09-11T03:57:37+07:00
1e2e7e06-ee4a-42dd-825a-ad0ba62a256f,71e1a456-8143-494e-97bd-6f44437d41d7,4227322f-3efc-4249-9c82-bbd652717878,79,,2026-09-01T04:41:16+07:00
9aade419-ecd1-469a-9375-b35d7c1f138f,71e1a456-8143-494e-97bd-6f44437d41d7,4227322f-3efc-4249-9c82-bbd652717878,93,,2026-09-01T05:46:50+07:00
90a60190-7794-4e2f-b255-5ff6a756be4f,71e1a456-8143-494e-97bd-6f44437d41d7,10d05c09-bdb2-4253-8e44-856ad5336f34,91,,2026-09-20T05:05:30+07:00
d5ca51fe-3def-4cb3-8a2c-ef4f4026ad9f,f264535e-b2a3-421b-bec8-2d26b0533e51,49ee8f81-45d9-4cdc-83e5-abf8f1539d56,94,,2026-09-05T15:06:25+07:00
10b3673a-ef05-4f90-a869-bd758b4237d9,f264535e-b2a3-421b-bec8-2d26b0533e51,3d6b328b-442b-40b7-8f09-18653f0b20a1,89,,2026-09-16T02:43:22+07:00
2c856b34-8f4d-4968-954f-97051067ca53,b265fea9-8d77-419f-a484-e3db838ed33f,f1eb7eeb-a8ef-4cb0-a886-09d74d3af598,93,,2026-09-02T00:52:31+07:00
d43c25c7-4ccb-49f6-bc73-65f9a4fa5b4a,b265fea9-8d77-419f-a484-e3db838ed33f,88be6602-74af-4f89-b7fa-596e620aa8e4,87,,2026-09-03T16:08:58+07:00
7b56444d-5e56-43b9-b738-92c4893d31ff,0c77ac70-218e-4f88-8fd5-087da42a38b4,52e73b62-4559-490f-bc2e-7ada5e1bb367,82,,2026-09-01T03:38:11+07:00
c7ab1826-d15b-48f7-9a43-0708cf8feb77,0c77ac70-218e-4f88-8fd5-087da42a38b4,461e2ef5-600f-436b-8b20-ff6b5e1c1561,82,,2026-09-01T13:07:15+07:00
fe2e90de-83dc-4a62-82d8-3b5909b3bb2e,32a8e6f5-101d-471b-8a28-2c5802bcc202,7fd4dcb0-dc6b-4e20-86e0-79dc05bf63ce,88,,2026-09-01T18:16:27+07:00
2dfd3bd2-77fb-4402-af81-cb0196138c41,32a8e6f5-101d-471b-8a28-2c5802bcc202,49ee8f81-45d9-4cdc-83e5-abf8f1539d56,99,,2026-09-23T09:08:24+07:00
1e7fcfe9-69cf-4382-97f9-a63fe84ed991,16b9c3fd-b844-4994-bafa-eef8413b7ad4,d2c29091-0e3c-43d4-916f-76666e797354,90,,2026-09-01T04:35:48+07:00
f5a41572-cfd3-4866-b210-c7fedfab68f2,16b9c3fd-b844-4994-bafa-eef8413b7ad4,506eaccd-4997-418d-8a64-a67ed9a58eaa,89,,2026-09-01T05:24:55+07:00
6113890e-e176-4a62-8825-b7f18f2ee4de,16b9c3fd-b844-4994-bafa-eef8413b7ad4,385d7299-b7a7-4793-a42a-5185f3adf474,70,,2026-09-03T06:16:24+07:00
dc1db757-e7ea-413a-8cf1-b17b45951f6b,16b9c3fd-b844-4994-bafa-eef8413b7ad4,f07af7a6-e284-4594-bf88-9240894b8c96,88,,2026-09-07T00:55:13+07:00
e5a7dbe2-234c-4e6c-8d3f-228eeea458a5,16b9c3fd-b844-4994-bafa-eef8413b7ad4,6ac69667-8033-4d4c-8a2c-fb6006a2c00e,89,,2026-09-08T21:30:27+07:00
94c16c49-285c-49f6-99bf-0143bb0076d6,16b9c3fd-b844-4994-bafa-eef8413b7ad4,1c9b4737-176c-445e-859d-330a859b0f5e,92,,2026-09-11T17:14:36+07:00
c4578f51-d32c-4eb8-a021-3c8ce5a0a46a,16b9c3fd-b844-4994-bafa-eef8413b7ad4,4227322f-3efc-4249-9c82-bbd652717878,81,,2026-09-14T23:15:24+07:00
ebda5959-5851-4443-be5b-1045e79d40a8,16b9c3fd-b844-4994-bafa-eef8413b7ad4,73832518-b9b2-4f5a-bff7-cd820a5da9c8,94,,2026-09-16T13:19:08+07:00
67599560-9ed5-46a2-94da-ff1cf5fad16e,16b9c3fd-b844-4994-bafa-eef8413b7ad4,9d3a744a-0add-4abc-9dee-e537ac062393,97,,2026-09-18T23:03:18+07:00
0eaf868d-58ba-4ba1-8475-99c2c24dedec,16b9c3fd-b844-4994-bafa-eef8413b7ad4,7fd4dcb0-dc6b-4e20-86e0-79dc05bf63ce,95,,2026-09-20T18:17:43+07:00
e1ad8ad5-386c-4ad0-a857-bc1ba0240f79,16b9c3fd-b844-4994-bafa-eef8413b7ad4,,90,,2026-09-21T14:40:55+07:00
862508bb-296b-4a51-a435-6fa83f4a51b5,16b9c3fd-b844-4994-bafa-eef8413b7ad4,d2c29091-0e3c-43d4-916f-76666e797354,96,,2026-09-25T23:40:23+07:00
d34865da-70fb-4698-b3c3-ae9376e69030,16b9c3fd-b844-4994-bafa-eef8413b7ad4,88be6602-74af-4f89-b7fa-596e620aa8e4,99,,2026-09-27T14:01:34+07:00
7b0d4a49-55e7-4990-ac44-cc290130e1dc,da77c4e5-f990-4c01-aed1-7fcedb5439a5,edb26a70-31be-4abe-8303-15f94d51175b,97,,2026-09-03T17:16:34+07:00
5a29950d-6e33-4c37-ae80-dab5e2259098,da77c4e5-f990-4c01-aed1-7fcedb5439a5,d2c29091-0e3c-43d4-916f-76666e797354,79,,2026-09-11T15:50:28+07:00
1f2ae4c9-f8f1-46e8-b640-2e97682d93a2,d22df9e5-070d-4c8e-affa-3af3d6ebf31c,fcd40acc-4f8f-45c8-82df-e9d0f8206796,76,,2026-08-31T18:02:25+07:00
ab2d0e3e-8ce9-4a85-a04b-c7ad38899281,f4fdce52-9c8b-408b-aef1-2fec069ebef3,52e73b62-4559-490f-bc2e-7ada5e1bb367,81,,2026-09-02T12:15:11+07:00
8977b8ff-7298-4424-b2a0-52425632308a,f4fdce52-9c8b-408b-aef1-2fec069ebef3,a12b0378-6739-4162-9eba-0b93ccfdfff0,84,,2026-09-03T14:09:32+07:00
7600f239-2de4-478f-b60e-c0f0e6457ac0,f4fdce52-9c8b-408b-aef1-2fec069ebef3,385d7299-b7a7-4793-a42a-5185f3adf474,88,,2026-09-17T02:23:13+07:00
412566d4-9e53-4449-b388-0cafaddd76cf,6e818e93-1d24-4f85-b276-75d31fa8ef34,49ee8f81-45d9-4cdc-83e5-abf8f1539d56,94,,2026-09-08T22:52:34+07:00
dd696851-8e6c-43ca-b9a9-f8955a7ea2dd,6e818e93-1d24-4f85-b276-75d31fa8ef34,506eaccd-4997-418d-8a64-a67ed9a58eaa,86,,2026-09-22T11:00:16+07:00
d0a97600-1951-432f-b2ba-7b9cef72cdc3,01acf5a2-311f-4355-81b3-6c494dc35bdf,1b18c38d-637d-4ecd-a2a1-77ed14d655bb,87,,2026-09-03T01:48:09+07:00
95ab5ca2-0e8b-486d-8dd2-15e3cc168f23,01acf5a2-311f-4355-81b3-6c494dc35bdf,,88,,2026-09-07T21:33:21+07:00
7028a804-97f7-4616-b656-94d484d58afd,c8da51fb-f35a-4e95-9e70-7da468428994,461e2ef5-600f-436b-8b20-ff6b5e1c1561,92,,2026-08-31T19:40:30+07:00
4f141cb4-b1c7-4794-9ba2-63a9e852dbe4,c8da51fb-f35a-4e95-9e70-7da468428994,88be6602-74af-4f89-b7fa-596e620aa8e4,89,,2026-09-05T22:26:21+07:00
98fefe7a-b913-40f6-a67a-d3c3c2ca14ee,c8da51fb-f35a-4e95-9e70-7da468428994,,94,,2026-09-17T08:50:25+07:00
e3e97ba5-5b2c-4a84-a008-a977c9c6da29,1bacf4d5-4ddb-422a-bd0f-fc3d92b68cf5,1b920a71-baaf-4adc-94e8-cd83874a8d54,82,,2026-09-01T00:45:20+07:00
c06f657e-9369-4022-8532-17d8080a348b,1bacf4d5-4ddb-422a-bd0f-fc3d92b68cf5,66637ead-7b55-4701-918c-347f1ff9573c,90,,2026-09-05T14:04:11+07:00
043beae7-f942-46a2-8f93-7f871832ccbb,1bacf4d5-4ddb-422a-bd0f-fc3d92b68cf5,1b920a71-baaf-4adc-94e8-cd83874a8d54,93,,2026-09-09T22:31:51+07:00
f39542f5-9c45-499d-ac3d-5ac59943de90,6bebf9ae-481d-45b5-bbec-f6c1a6afda4a,,72,,2026-09-02T14:00:36+07:00
85bbea19-c002-4df1-a98e-69e6789bc307,6bebf9ae-481d-45b5-bbec-f6c1a6afda4a,49ee8f81-45d9-4cdc-83e5-abf8f1539d56,91,,2026-09-02T17:45:02+07:00
c2171b12-bc68-492d-86b3-7e080f7cbc61,6bebf9ae-481d-45b5-bbec-f6c1a6afda4a,3d6b328b-442b-40b7-8f09-18653f0b20a1,94,,2026-09-04T06:00:54+07:00
edc76b4f-ddd4-45bf-bed6-57ed04a533f0,2a6b27c6-fe0a-4941-b828-5d1509f261a2,c337fe45-7f56-472a-8155-a61796ad3a76,96,,2026-09-02T08:41:32+07:00
c9e5cd21-f205-496b-a22e-9b8a035f00a9,2a6b27c6-fe0a-4941-b828-5d1509f261a2,1b18c38d-637d-4ecd-a2a1-77ed14d655bb,83,,2026-09-09T14:33:00+07:00
bc1339bc-b1df-461b-b424-ce44f555fde1,c14e3cb0-3cba-4b37-b4b4-2da4f7ca3ef3,6ac69667-8033-4d4c-8a2c-fb6006a2c00e,92,,2026-09-03T00:16:20+07:00
c2e612e2-c3db-4e95-9ea1-6437ce28daec,c14e3cb0-3cba-4b37-b4b4-2da4f7ca3ef3,10d05c09-bdb2-4253-8e44-856ad5336f34,81,,2026-09-30T12:16:06+07:00
73ce4d60-f704-4e95-9ee8-7ff4932cb8fd,d5d88f6c-237e-4aaa-acf1-fab3ba87581f,4227322f-3efc-4249-9c82-bbd652717878,82,,2026-09-02T09:48:16+07:00
af25e403-5fb9-4d14-802f-8c9c8fcf3b92,d5d88f6c-237e-4aaa-acf1-fab3ba87581f,66637ead-7b55-4701-918c-347f1ff9573c,92,,2026-09-05T18:32:43+07:00
1cfb8f0e-ce30-4d23-b6e2-646308905836,d5d88f6c-237e-4aaa-acf1-fab3ba87581f,52dd34ca-96f4-4b5c-b960-b9886b7f2605,86,,2026-09-14T00:49:07+07:00
db3f2345-ea38-4b33-837e-95ec93397a02,8a23acef-8261-4392-b334-8b1b3407bded,52dd34ca-96f4-4b5c-b960-b9886b7f2605,83,,2026-09-02T10:38:25+07:00
e1ccc52a-b6e9-4238-842c-462a2b06d40c,8a23acef-8261-4392-b334-8b1b3407bded,ba952af1-6fd5-49fe-ba55-bdc465f95ca2,92,,2026-09-05T16:27:33+07:00
f0515669-83ed-4733-ab24-95a0d0afb4e1,8a23acef-8261-4392-b334-8b1b3407bded,1c9b4737-176c-445e-859d-330a859b0f5e,86,,2026-09-05T19:22:15+07:00
ca75188f-6bba-4e88-9e33-46db4d143abd,9f91d1ef-1168-4d0f-ba51-d47fa68669eb,4227322f-3efc-4249-9c82-bbd652717878,94,,2026-09-02T05:37:15+07:00
e133170e-ce9d-4c42-a6bc-c49a5385b6e1,9f91d1ef-1168-4d0f-ba51-d47fa68669eb,f07af7a6-e284-4594-bf88-9240894b8c96,84,,2026-09-02T11:53:26+07:00
c6c55af6-1312-40f1-8bf5-aa74261db8d5,9f91d1ef-1168-4d0f-ba51-d47fa68669eb,1b18c38d-637d-4ecd-a2a1-77ed14d655bb,84,,2026-09-03T11:22:46+07:00
6a38b5cd-a4e7-4db8-bc64-d6f36a4fedd7,9f91d1ef-1168-4d0f-ba51-d47fa68669eb,385d7299-b7a7-4793-a42a-5185f3adf474,93,,2026-09-13T21:39:11+07:00
bd95b6c4-d639-4851-8e51-c2333e47a6be,9f91d1ef-1168-4d0f-ba51-d47fa68669eb,46d4a03e-c262-49ec-8695-987a04d7dc4b,88,,2026-09-21T15:25:32+07:00
70957d02-81b8-4027-9773-f0db55181f28,9f91d1ef-1168-4d0f-ba51-d47fa68669eb,9d3a744a-0add-4abc-9dee-e537ac062393,90,,2026-09-22T21:13:06+07:00
322a4ee2-b2ca-4550-b054-353b2636e23e,9f91d1ef-1168-4d0f-ba51-d47fa68669eb,,88,,2026-09-23T06:08:18+07:00
2ee3e6ca-b5f8-4ed0-85a0-0b6dc53931d9,087e5708-8b65-49a8-85e4-7cab094a86c9,61345fcc-db36-431c-b4cb-70b3963078a8,82,,2026-09-02T17:59:17+07:00
83f05356-e21c-4803-8d7d-d19b2e1a95a9,087e5708-8b65-49a8-85e4-7cab094a86c9,88be6602-74af-4f89-b7fa-596e620aa8e4,91,,2026-09-03T01:19:38+07:00
f63229f2-a30c-4ede-b3b9-3c7c841727ad,11428c9a-ac0f-4d06-a7ef-1866593d4344,fcd40acc-4f8f-45c8-82df-e9d0f8206796,99,,2026-09-01T22:03:12+07:00
058b230a-a4c2-4de1-864f-cfaec4f41ae9,11428c9a-ac0f-4d06-a7ef-1866593d4344,f1eb7eeb-a8ef-4cb0-a886-09d74d3af598,87,,2026-09-18T13:05:05+07:00
8013ceb2-3f38-4db1-b60b-727b678fd26e,11428c9a-ac0f-4d06-a7ef-1866593d4344,506eaccd-4997-418d-8a64-a67ed9a58eaa,89,,2026-09-19T04:54:39+07:00
3f7fa79e-e909-4e2d-8c84-92035e397a7f,11428c9a-ac0f-4d06-a7ef-1866593d4344,1b920a71-baaf-4adc-94e8-cd83874a8d54,91,,2026-09-29T15:52:46+07:00
52fa1f6d-3401-43b1-84e5-9e8af8de5fca,d9615e68-ff50-4374-9def-433d36138019,1c9b4737-176c-445e-859d-330a859b0f5e,85,,2026-09-02T02:42:17+07:00
954ef440-f904-4bc5-9e39-68d41fd91c72,d9615e68-ff50-4374-9def-433d36138019,a12b0378-6739-4162-9eba-0b93ccfdfff0,71,,2026-09-29T10:44:54+07:00
8866dbdc-4fc4-4485-b35a-2d97d5a015d0,8c4c3b2d-605f-48a9-88cd-527dda5e0033,fcd40acc-4f8f-45c8-82df-e9d0f8206796,79,,2026-09-09T02:57:55+07:00
08444d0c-aca3-4ff5-9a94-050d82e0336e,8c4c3b2d-605f-48a9-88cd-527dda5e0033,88be6602-74af-4f89-b7fa-596e620aa8e4,87,,2026-09-09T20:51:49+07:00
8e1a8e33-721c-4a3f-a86d-590bcb670b31,05e83d86-b96a-4e4b-90fd-dd29dd476a51,a12b0378-6739-4162-9eba-0b93ccfdfff0,90,,2026-09-06T18:53:14+07:00
6bc7165c-4a72-4ef5-878b-d84e07542f88,05e83d86-b96a-4e4b-90fd-dd29dd476a51,b405bb76-c190-4857-97dd-8ee547b0c179,81,,2026-09-11T11:43:06+07:00
070883d9-0401-4cd9-a650-3a55e714259a,39db3ca4-1f75-45d8-a4d7-a028365b061a,d2c29091-0e3c-43d4-916f-76666e797354,85,,2026-09-03T03:23:10+07:00
894ebb2d-a907-4527-954e-e4e3de247374,39db3ca4-1f75-45d8-a4d7-a028365b061a,ba952af1-6fd5-49fe-ba55-bdc465f95ca2,85,,2026-09-08T12:47:45+07:00
25a36b78-c133-41b0-b8a0-48a6c97ebdb1,6f8c3616-14b7-4213-b80d-73336de9b4d0,1c9b4737-176c-445e-859d-330a859b0f5e,92,,2026-09-06T00:22:51+07:00
efe1de20-a9dc-4686-b303-e8f8da163fbd,6f8c3616-14b7-4213-b80d-73336de9b4d0,,89,,2026-09-21T12:36:40+07:00
11b4279b-1b96-4cb9-b9ad-8ff7e07c1530,fb5756ad-4794-4d49-9d9b-4df3a30a61a3,7fd4dcb0-dc6b-4e20-86e0-79dc05bf63ce,90,,2026-09-07T04:53:38+07:00
7f73b15b-1d7f-4ea9-8a15-363f168aca19,e86c9e27-2475-4b96-b859-9b922bc48a38,506eaccd-4997-418d-8a64-a67ed9a58eaa,90,,2026-09-03T00:37:16+07:00
2e1f42e6-eca8-4dc1-89f3-f96bc3cff482,e86c9e27-2475-4b96-b859-9b922bc48a38,c337fe45-7f56-472a-8155-a61796ad3a76,87,,2026-09-07T01:01:57+07:00
c475efaa-f2fe-4c46-a208-3c708de014e9,e86c9e27-2475-4b96-b859-9b922bc48a38,,90,,2026-09-26T06:37:04+07:00
0523e950-995f-4781-9554-228119450c68,cc288882-e278-4988-ab2e-a2e45d4c6162,66637ead-7b55-4701-918c-347f1ff9573c,86,,2026-09-06T23:08:10+07:00
3ae830d5-57c0-4d02-afa2-679da4bd702e,cc288882-e278-4988-ab2e-a2e45d4c6162,52e73b62-4559-490f-bc2e-7ada5e1bb367,84,,2026-09-19T07:27:17+07:00
f2fdfb5d-982a-4abf-a97c-a42e9ca18e1e,1e97f241-2cf3-4d56-be8b-47f751d67ace,fcd40acc-4f8f-45c8-82df-e9d0f8206796,85,,2026-09-04T16:26:50+07:00
229e4f4c-97a0-48a3-84c4-d0284a3e96da,8128e700-1237-49ae-857d-a52eae232557,028dcdfd-b509-4967-81ff-593ef33bb7ae,86,,2026-09-02T16:43:24+07:00
cd5fb8c5-5bca-405d-89f8-9ec4053d9c11,6631d5f2-c511-49de-b9c2-a85d3485ddbc,ba952af1-6fd5-49fe-ba55-bdc465f95ca2,76,,2026-09-03T07:45:39+07:00
d1507ef4-0d08-4925-a885-6ae4d2d98f8a,6631d5f2-c511-49de-b9c2-a85d3485ddbc,1b920a71-baaf-4adc-94e8-cd83874a8d54,85,,2026-09-06T03:05:16+07:00
886e1448-2f41-4733-87dc-d447a4f8ac92,77976372-80ba-4cb2-8864-56e3d793f058,2c00434b-be5e-45ee-8122-ed4c038e59ae,88,,2026-09-02T21:35:19+07:00
0bdd7a73-879c-4c68-8a24-2174311ae5e0,77976372-80ba-4cb2-8864-56e3d793f058,506eaccd-4997-418d-8a64-a67ed9a58eaa,90,,2026-09-03T18:42:47+07:00
4bd9fb60-89d8-4616-8a5b-19c552e49034,77976372-80ba-4cb2-8864-56e3d793f058,2c00434b-be5e-45ee-8122-ed4c038e59ae,90,,2026-09-07T14:15:28+07:00
ffaa0c69-6cc7-4a2c-9439-87449967e8a4,77976372-80ba-4cb2-8864-56e3d793f058,10d05c09-bdb2-4253-8e44-856ad5336f34,85,,2026-09-08T04:04:14+07:00
63530762-71de-4c03-94d9-299dbe229753,77976372-80ba-4cb2-8864-56e3d793f058,88be6602-74af-4f89-b7fa-596e620aa8e4,92,,2026-09-15T16:10:51+07:00
a48bc184-521b-4b64-b45f-fd357be6af0e,77976372-80ba-4cb2-8864-56e3d793f058,f07af7a6-e284-4594-bf88-9240894b8c96,90,,2026-09-18T20:54:23+07:00
37bc1a4f-7f7e-47c7-a76c-687fecbea296,77976372-80ba-4cb2-8864-56e3d793f058,73832518-b9b2-4f5a-bff7-cd820a5da9c8,90,,2026-09-23T23:06:32+07:00
be6fb613-07e2-41e0-9d4f-e12f64b54522,a90fb4f3-02a5-4e4c-a995-28210dbe5746,52e73b62-4559-490f-bc2e-7ada5e1bb367,96,,2026-09-03T00:17:29+07:00
7c8d4edf-3830-4463-ba6c-692815ccadcc,a90fb4f3-02a5-4e4c-a995-28210dbe5746,,82,,2026-09-04T08:36:39+07:00
882c4829-019a-48d8-8bfc-24d7132edcda,a90fb4f3-02a5-4e4c-a995-28210dbe5746,3d6b328b-442b-40b7-8f09-18653f0b20a1,90,,2026-09-24T12:47:03+07:00
56d9d8fe-a136-4010-8bf4-3f7556e9b61c,52b523eb-32b3-4431-baa5-eca34a868dae,9d3a744a-0add-4abc-9dee-e537ac062393,85,,2026-09-03T23:23:44+07:00
38da396d-de8e-4955-be39-81668e0beb90,52b523eb-32b3-4431-baa5-eca34a868dae,1b920a71-baaf-4adc-94e8-cd83874a8d54,84,,2026-09-20T02:47:26+07:00
558633e9-d8fc-494f-9240-5eb78cadbd95,52b523eb-32b3-4431-baa5-eca34a868dae,ec2e17a2-948e-44b3-915f-caa14df50aa9,90,,2026-09-29T06:00:19+07:00
1b9834d9-1001-4a93-ad17-16b6969b0112,51bb1118-70c7-4d39-aae0-5cc330b7a1b2,461e2ef5-600f-436b-8b20-ff6b5e1c1561,85,,2026-09-03T09:03:43+07:00
d2f8afe2-9667-44f7-b9ce-f2edeae3fbbf,51bb1118-70c7-4d39-aae0-5cc330b7a1b2,ba952af1-6fd5-49fe-ba55-bdc465f95ca2,95,,2026-09-04T19:05:28+07:00
3b3ab573-1f04-42c3-9cd4-d9f7e2994508,51bb1118-70c7-4d39-aae0-5cc330b7a1b2,385d7299-b7a7-4793-a42a-5185f3adf474,86,,2026-09-07T17:04:48+07:00
ef96598c-22af-4d9e-a52e-4eac54761ba5,51bb1118-70c7-4d39-aae0-5cc330b7a1b2,10d05c09-bdb2-4253-8e44-856ad5336f34,84,,2026-09-08T08:54:03+07:00
446b9de8-3561-4719-87bc-7ec1e075b6c7,51bb1118-70c7-4d39-aae0-5cc330b7a1b2,506eaccd-4997-418d-8a64-a67ed9a58eaa,85,,2026-09-09T10:29:32+07:00
fd9d9ab4-af1d-4708-bb09-3897212d5dcc,f35f9528-4246-4628-9891-a9a466b0a09e,49ee8f81-45d9-4cdc-83e5-abf8f1539d56,94,,2026-09-06T23:55:33+07:00
c766f78f-8ce9-462e-9ad2-f651af0eb2ee,f35f9528-4246-4628-9891-a9a466b0a09e,c337fe45-7f56-472a-8155-a61796ad3a76,85,,2026-09-07T18:29:18+07:00
cc02b7f0-c8f3-4eff-a6dd-ad988c4c3abd,8aff8e73-5970-45f9-8e16-93671ae6939b,3d6b328b-442b-40b7-8f09-18653f0b20a1,85,,2026-09-09T02:12:00+07:00
49845f6e-fdb9-4632-abc0-94b712d7073a,8aff8e73-5970-45f9-8e16-93671ae6939b,edb26a70-31be-4abe-8303-15f94d51175b,89,,2026-09-17T04:36:58+07:00
88a3e4ff-39ff-4606-9b0c-08bef6eb3ec2,4d6390e9-2891-4163-86bc-aef56692d4a9,c337fe45-7f56-472a-8155-a61796ad3a76,93,,2026-09-11T02:44:13+07:00
e206a584-fb11-4156-9162-fe5bb7de3935,f2209516-d09a-460e-a752-bb2662cee840,c337fe45-7f56-472a-8155-a61796ad3a76,77,,2026-09-04T09:14:13+07:00
b4c5246f-8bfa-4a68-b78f-4d5263671e49,f2209516-d09a-460e-a752-bb2662cee840,ba952af1-6fd5-49fe-ba55-bdc465f95ca2,88,,2026-09-11T05:32:12+07:00
feab163f-6a35-4eac-85a5-fb4799168793,875c0f4a-0263-4e06-a9e1-50bbbc2aefc3,52dd34ca-96f4-4b5c-b960-b9886b7f2605,75,,2026-09-17T02:30:49+07:00
8c0c94c9-6d18-4436-bb79-5a5380598e46,875c0f4a-0263-4e06-a9e1-50bbbc2aefc3,,86,,2026-09-19T04:47:46+07:00
d66f97c3-8573-4612-b0f2-a32818f2ed92,5ce68a44-56ac-4098-b56f-329df8cedb17,fcd40acc-4f8f-45c8-82df-e9d0f8206796,75,,2026-09-04T23:19:06+07:00
152ce5e3-41e3-4efb-94e9-3655f77ee6ab,5ce68a44-56ac-4098-b56f-329df8cedb17,46d4a03e-c262-49ec-8695-987a04d7dc4b,84,,2026-09-10T05:51:32+07:00
9d9e8af9-9056-4297-be51-676763fe2262,5ce68a44-56ac-4098-b56f-329df8cedb17,b405bb76-c190-4857-97dd-8ee547b0c179,88,,2026-09-17T08:47:58+07:00
5f31afd5-787c-4ecb-ab16-e1558daccb7b,0520d05a-2216-4650-a4a5-d2f6d3c91ac1,1b920a71-baaf-4adc-94e8-cd83874a8d54,80,,2026-09-09T16:37:00+07:00
e787c0d1-78e9-4b72-9f5d-fce91e8f975e,0520d05a-2216-4650-a4a5-d2f6d3c91ac1,7fd4dcb0-dc6b-4e20-86e0-79dc05bf63ce,88,,2026-09-12T09:39:26+07:00
4db7096f-f561-458e-b7ae-52d5d5b9415c,87a67879-1ce9-4da7-bb30-b6185748ecb0,1c9b4737-176c-445e-859d-330a859b0f5e,90,,2026-09-09T12:19:43+07:00
a3e8105a-a882-4ad5-b11d-95f53abc8f0b,87a67879-1ce9-4da7-bb30-b6185748ecb0,73832518-b9b2-4f5a-bff7-cd820a5da9c8,88,,2026-09-13T21:18:37+07:00
58adcebe-92e9-4d5b-8ba4-9918fa6259c6,b5dbb6e7-a167-4365-8030-c42cebec7967,,82,,2026-09-05T06:32:10+07:00
7d1ebe14-1f32-42c0-8bd6-dfde603b3cb5,b5dbb6e7-a167-4365-8030-c42cebec7967,46d4a03e-c262-49ec-8695-987a04d7dc4b,86,,2026-09-05T22:52:01+07:00
2b3ba291-1cba-4427-8cc7-2b94c2256866,b5dbb6e7-a167-4365-8030-c42cebec7967,1c9b4737-176c-445e-859d-330a859b0f5e,87,,2026-09-06T04:47:52+07:00
38bce72f-58c2-4134-bef5-4a84eaacc40f,b5dbb6e7-a167-4365-8030-c42cebec7967,88be6602-74af-4f89-b7fa-596e620aa8e4,99,,2026-09-10T02:15:45+07:00
18d74d29-e91e-430a-91b7-da3377dac860,c5fd5f63-4f6d-4377-9085-64fbbdc53cff,9d3a744a-0add-4abc-9dee-e537ac062393,97,,2026-09-07T22:37:26+07:00
ecb85de1-defa-4060-9c7a-4b88c23aff25,c5fd5f63-4f6d-4377-9085-64fbbdc53cff,,90,,2026-09-17T00:20:17+07:00
f4b73e55-5d02-4af5-8829-b2193b9bd1e9,c8452207-fc44-44e1-81bc-b228afc82bac,2c00434b-be5e-45ee-8122-ed4c038e59ae,95,,2026-09-04T08:53:13+07:00
98d2bc16-bfa9-40a4-bd9b-cd90e76340c1,c8452207-fc44-44e1-81bc-b228afc82bac,f1eb7eeb-a8ef-4cb0-a886-09d74d3af598,86,,2026-09-23T18:30:14+07:00
6668fd50-06bf-4f08-a851-5e94c108282e,5b55667e-fb7d-4de9-96d5-225e63b2c2bd,61345fcc-db36-431c-b4cb-70b3963078a8,74,,2026-09-17T11:11:01+07:00
dd83a038-c846-48e7-a88c-ad87b3398d6d,5b55667e-fb7d-4de9-96d5-225e63b2c2bd,61345fcc-db36-431c-b4cb-70b3963078a8,91,,2026-09-17T23:08:31+07:00
49b581ce-7259-4a33-9070-69152d7d43c7,b56217dd-72a4-4d49-9bc3-b8807ea6b11d,66637ead-7b55-4701-918c-347f1ff9573c,78,,2026-09-14T18:49:26+07:00
c7a32fa2-3621-4fd2-ba61-d9dab0400b3a,b56217dd-72a4-4d49-9bc3-b8807ea6b11d,506eaccd-4997-418d-8a64-a67ed9a58eaa,79,,2026-09-18T10:02:21+07:00
36b6fc7f-9bfa-4e22-add1-3cfb6dda4956,b56217dd-72a4-4d49-9bc3-b8807ea6b11d,61345fcc-db36-431c-b4cb-70b3963078a8,85,,2026-09-20T17:59:35+07:00
bf5e01e7-776e-487a-809d-ff3fa93475dc,8dbf1cc1-900f-4c14-9219-c2580a232c8b,83d2e570-56ce-4981-937c-fd58fd390509,84,,2026-09-12T12:47:25+07:00
388886d1-7648-4693-b797-89ebcf91937f,8dbf1cc1-900f-4c14-9219-c2580a232c8b,52e73b62-4559-490f-bc2e-7ada5e1bb367,79,,2026-09-16T17:55:51+07:00
2a9db5cc-fed0-4a12-8827-b35efedcf44c,d04fd333-ea80-4b14-b980-ed7089d83356,49ee8f81-45d9-4cdc-83e5-abf8f1539d56,80,,2026-09-07T11:47:12+07:00
46d3a6e2-2806-48d1-b25e-cc2232aad398,d04fd333-ea80-4b14-b980-ed7089d83356,46d4a03e-c262-49ec-8695-987a04d7dc4b,89,,2026-09-15T08:21:38+07:00
f7d8923f-029b-4559-9b86-43e06d5576c9,95534882-86f3-4c74-8108-7ec20e1b1f8f,028dcdfd-b509-4967-81ff-593ef33bb7ae,87,,2026-09-08T05:11:13+07:00
274fa6ad-f8dd-4861-9d15-75b9e3d99eaf,95534882-86f3-4c74-8108-7ec20e1b1f8f,10d05c09-bdb2-4253-8e44-856ad5336f34,98,,2026-09-15T16:58:12+07:00
74939fad-84f8-416f-b7ae-87a84b304831,95534882-86f3-4c74-8108-7ec20e1b1f8f,506eaccd-4997-418d-8a64-a67ed9a58eaa,78,,2026-09-17T03:16:39+07:00
5ac9c815-f69c-4b96-9de7-1a5d876a5550,761bd84d-dec3-4590-b939-965e7825e279,c337fe45-7f56-472a-8155-a61796ad3a76,99,,2026-09-04T22:52:27+07:00
2c54d12f-2eac-44ab-b81c-81667423846f,761bd84d-dec3-4590-b939-965e7825e279,61345fcc-db36-431c-b4cb-70b3963078a8,93,,2026-09-18T20:12:15+07:00
104ef6da-878c-4815-9d89-2b0beff5cfaa,e941b9f6-8349-465b-9a13-f0613291efd8,49ee8f81-45d9-4cdc-83e5-abf8f1539d56,96,,2026-09-05T09:06:13+07:00
9a18834f-1bdc-4f6c-ae76-01a39921d5f5,e941b9f6-8349-465b-9a13-f0613291efd8,88be6602-74af-4f89-b7fa-596e620aa8e4,89,,2026-09-07T04:08:21+07:00
e584be2c-1849-48f4-880b-4d861829bfbc,e941b9f6-8349-465b-9a13-f0613291efd8,b405bb76-c190-4857-97dd-8ee547b0c179,84,,2026-09-08T18:33:47+07:00
20bf255c-366b-4b0c-b4c0-71eb2e1e5e7b,e941b9f6-8349-465b-9a13-f0613291efd8,506eaccd-4997-418d-8a64-a67ed9a58eaa,91,,2026-09-14T03:38:51+07:00
2d932d9a-28ab-4b0d-8290-ed5fd1343176,e941b9f6-8349-465b-9a13-f0613291efd8,506eaccd-4997-418d-8a64-a67ed9a58eaa,94,,2026-09-17T04:23:18+07:00
82348f8f-48c5-4d2c-b0f1-9567ff620288,6308c707-2820-495c-8790-6cabf7b10af7,73832518-b9b2-4f5a-bff7-cd820a5da9c8,88,,2026-09-11T18:04:16+07:00
f0cfcc60-7ee2-4ae7-8a8d-553d5de0750e,87473172-4c48-4b18-b021-9162db3434d6,,93,,2026-09-05T17:46:38+07:00
7ec79685-eb47-48f5-a240-45b4faf113d0,87473172-4c48-4b18-b021-9162db3434d6,ba952af1-6fd5-49fe-ba55-bdc465f95ca2,85,,2026-09-07T23:42:20+07:00
3e7885e5-78e1-4d35-92ea-d9b9c3170910,87473172-4c48-4b18-b021-9162db3434d6,b405bb76-c190-4857-97dd-8ee547b0c179,86,,2026-09-12T15:39:12+07:00
a1265dba-e730-45de-9c44-5daf649fa92d,941ddd78-0878-4078-90eb-c27bac0585ed,f1eb7eeb-a8ef-4cb0-a886-09d74d3af598,91,,2026-09-05T14:11:57+07:00
664b470b-d510-434d-ad56-e56cb44b2915,941ddd78-0878-4078-90eb-c27bac0585ed,,90,,2026-09-06T23:15:58+07:00
de22f972-f275-489e-924a-5a5ad1912a7c,6aaf59f4-52bb-40f8-947f-698a84efb8d4,d2c29091-0e3c-43d4-916f-76666e797354,96,,2026-09-09T08:18:16+07:00
cb9b2775-7a82-4c67-b5f1-b444126f8c40,6aaf59f4-52bb-40f8-947f-698a84efb8d4,,83,,2026-09-10T10:54:15+07:00
0f58feb0-ebb5-4850-9434-69f72734d412,6aaf59f4-52bb-40f8-947f-698a84efb8d4,1b920a71-baaf-4adc-94e8-cd83874a8d54,92,,2026-09-19T05:14:47+07:00
69d37e4c-65e3-4a46-bcff-2cda08d2cf29,dfe5be47-bb7c-4bc3-9463-1d61ec535064,46d4a03e-c262-49ec-8695-987a04d7dc4b,86,,2026-09-04T22:18:36+07:00
97f10067-7d0b-4e07-8a4c-3ab295d08f7a,dfe5be47-bb7c-4bc3-9463-1d61ec535064,52e73b62-4559-490f-bc2e-7ada5e1bb367,98,,2026-09-22T10:16:00+07:00
b2977325-8a86-4162-a44f-59af8b56a999,dfe5be47-bb7c-4bc3-9463-1d61ec535064,ba952af1-6fd5-49fe-ba55-bdc465f95ca2,81,,2026-09-25T04:11:52+07:00
ea9570ec-48a2-42e6-889f-9082306dcf2f,516a791d-d025-4e88-9ecb-2203763d6129,028dcdfd-b509-4967-81ff-593ef33bb7ae,88,,2026-09-12T10:43:32+07:00
fc273781-f62b-497d-a929-7536fcba8b54,516a791d-d025-4e88-9ecb-2203763d6129,1c9b4737-176c-445e-859d-330a859b0f5e,90,,2026-09-13T09:53:04+07:00
4eaf0cea-e21b-4aa9-9c83-711960fa3035,6e9ae224-f144-4b75-ab22-b575fcd3934b,1c9b4737-176c-445e-859d-330a859b0f5e,87,,2026-09-07T07:55:54+07:00
95769f57-47f0-4034-b965-07ce573c60ea,6e9ae224-f144-4b75-ab22-b575fcd3934b,61345fcc-db36-431c-b4cb-70b3963078a8,89,,2026-09-07T16:48:40+07:00
51cb9605-5ca1-433f-82ac-c63d82633ddd,6e9ae224-f144-4b75-ab22-b575fcd3934b,49ee8f81-45d9-4cdc-83e5-abf8f1539d56,89,,2026-09-22T23:20:10+07:00
cd3d0eda-7ab3-4add-8cf7-8773ad870d38,d05409c6-91b9-4838-be72-152610967fdf,9d3a744a-0add-4abc-9dee-e537ac062393,80,,2026-09-09T22:28:32+07:00
a7fa2aa2-b8aa-4638-89d6-6e9811f84687,d05409c6-91b9-4838-be72-152610967fdf,028dcdfd-b509-4967-81ff-593ef33bb7ae,84,,2026-09-16T00:36:29+07:00
cea7f2b6-06a3-4581-a9c9-afad629bfb7f,fd5131f0-1b81-4e57-b99e-b3bddc702fb3,ec2e17a2-948e-44b3-915f-caa14df50aa9,81,,2026-09-08T11:35:58+07:00
062ea844-5b6f-4bed-98f2-277490bcec47,fd5131f0-1b81-4e57-b99e-b3bddc702fb3,,89,,2026-09-08T11:52:34+07:00
53144584-66d3-4588-bc4e-211e49ccefce,fd5131f0-1b81-4e57-b99e-b3bddc702fb3,61345fcc-db36-431c-b4cb-70b3963078a8,81,,2026-09-18T06:48:16+07:00
1c9e9ba9-0d4e-4f71-9d5e-95a3041b4b37,fd5131f0-1b81-4e57-b99e-b3bddc702fb3,46d4a03e-c262-49ec-8695-987a04d7dc4b,95,,2026-09-22T13:14:24+07:00
aacd6aa0-d5d6-4b2f-acc4-5599a327c0b7,fd5131f0-1b81-4e57-b99e-b3bddc702fb3,52e73b62-4559-490f-bc2e-7ada5e1bb367,94,,2026-09-28T05:22:52+07:00
319e6b0d-f9b0-448e-a32f-28ac5039828d,86244b66-991b-4784-998c-8472e6c7401b,61345fcc-db36-431c-b4cb-70b3963078a8,91,,2026-09-11T04:44:11+07:00
fdd7f00d-a377-45b2-a85f-373d5020772d,86244b66-991b-4784-998c-8472e6c7401b,66637ead-7b55-4701-918c-347f1ff9573c,73,,2026-09-26T07:04:51+07:00
2ebec7f3-cfcd-48f9-b218-ed2f41b1c4ed,a7e1d41f-f7ac-4743-8560-f733a073d9ee,,86,,2026-09-17T23:08:22+07:00
d5a20601-f967-4924-9d80-5bccc8d29ab2,a7e1d41f-f7ac-4743-8560-f733a073d9ee,028dcdfd-b509-4967-81ff-593ef33bb7ae,92,,2026-09-25T14:09:04+07:00
9b0fb9fe-88ad-4e35-b26c-d2ed1521bc18,b321c46c-9bf2-475f-a2ad-135306768488,b405bb76-c190-4857-97dd-8ee547b0c179,76,,2026-09-12T07:47:24+07:00
6645ce0d-3134-4895-a642-34b799d0cfa4,b321c46c-9bf2-475f-a2ad-135306768488,ec2e17a2-948e-44b3-915f-caa14df50aa9,84,,2026-09-15T02:16:07+07:00
50246efb-c1d3-4ef2-a0fb-c1a5f2baa61d,53f05acd-8589-4403-9ea2-ea7e71e47007,ba952af1-6fd5-49fe-ba55-bdc465f95ca2,83,,2026-09-07T03:46:55+07:00
6fd6a8af-d667-405d-be1a-5712693aeca8,53f05acd-8589-4403-9ea2-ea7e71e47007,4227322f-3efc-4249-9c82-bbd652717878,75,,2026-09-08T20:27:48+07:00
e0d0430b-81a7-44f5-baf1-ffb2d8e79d5a,d838eff0-cee9-4831-9da4-36ab392752d4,52e73b62-4559-490f-bc2e-7ada5e1bb367,81,,2026-09-05T15:13:47+07:00
3b327de1-fee4-4f14-817e-13b322da6d57,d838eff0-cee9-4831-9da4-36ab392752d4,d2c29091-0e3c-43d4-916f-76666e797354,95,,2026-09-08T21:18:22+07:00
e74e207a-d2c7-4405-8004-fb59a1ad43ba,7e5bc8e6-40f1-467d-a025-1b3f922cc96a,10d05c09-bdb2-4253-8e44-856ad5336f34,94,,2026-09-08T02:20:39+07:00
2f1e2221-7a82-4a20-89ce-cd65ac8b7058,7e5bc8e6-40f1-467d-a025-1b3f922cc96a,2c00434b-be5e-45ee-8122-ed4c038e59ae,90,,2026-09-16T13:10:41+07:00
9ba2e285-356f-4987-a6b2-5e4b8fa145c1,cec542e7-3d83-410f-9f49-cbf6a3413035,6ac69667-8033-4d4c-8a2c-fb6006a2c00e,85,,2026-09-05T20:07:51+07:00
1e0f425c-dc3d-4633-9b36-e78b47355249,cec542e7-3d83-410f-9f49-cbf6a3413035,2c00434b-be5e-45ee-8122-ed4c038e59ae,81,,2026-09-07T22:42:41+07:00
7b688c24-3916-42f3-b1ac-f4c394d01b22,d76c58e4-80c1-488b-a640-d806cd2c2c8a,1b920a71-baaf-4adc-94e8-cd83874a8d54,73,,2026-09-07T03:57:45+07:00
7cf0c0de-3dd9-4858-913d-34fa9d51a331,d76c58e4-80c1-488b-a640-d806cd2c2c8a,4227322f-3efc-4249-9c82-bbd652717878,82,,2026-09-15T03:22:29+07:00
2ba47580-071e-40db-9eb2-ecb1156d3fa7,d76c58e4-80c1-488b-a640-d806cd2c2c8a,fcd40acc-4f8f-45c8-82df-e9d0f8206796,78,,2026-09-17T03:53:50+07:00
5418882d-ab8c-4a09-8147-b45a3438b99e,d76c58e4-80c1-488b-a640-d806cd2c2c8a,1427b036-c60b-4c81-a3c6-d573dda80136,83,,2026-09-25T11:51:55+07:00
0ab1cdde-6e87-4609-95a8-5fcfc973ccc2,6b080f20-e0a7-4493-b3d2-68a98dbc8107,f1eb7eeb-a8ef-4cb0-a886-09d74d3af598,93,,2026-09-09T10:13:56+07:00
45abcc82-0388-4f35-9a95-bbe78dc7c860,6b080f20-e0a7-4493-b3d2-68a98dbc8107,,97,,2026-09-09T11:54:55+07:00
9accdebb-29cb-4c39-ac49-aaf7c9c02e96,c2a308c0-4c52-48ec-9a0f-06ad1a5a9667,ba952af1-6fd5-49fe-ba55-bdc465f95ca2,85,,2026-09-07T23:54:30+07:00
f4bee552-e48a-4525-b578-4fec3b545767,c2a308c0-4c52-48ec-9a0f-06ad1a5a9667,4227322f-3efc-4249-9c82-bbd652717878,95,,2026-09-12T01:24:30+07:00
2b224cff-b43b-45df-85e4-aefef939d8db,c2a308c0-4c52-48ec-9a0f-06ad1a5a9667,49ee8f81-45d9-4cdc-83e5-abf8f1539d56,94,,2026-09-23T09:27:43+07:00
1c802a0c-a585-4013-ada8-d1756e7ff302,3cecead8-c7ac-4520-abe5-fdd558afc042,,93,,2026-09-07T03:43:29+07:00
eb01395e-5dd8-4431-9f7a-60287de812b9,3cecead8-c7ac-4520-abe5-fdd558afc042,88be6602-74af-4f89-b7fa-596e620aa8e4,99,,2026-09-07T14:59:15+07:00
f0181c92-f99e-4cfc-abb2-7e541efcbc4b,3cecead8-c7ac-4520-abe5-fdd558afc042,ba952af1-6fd5-49fe-ba55-bdc465f95ca2,95,,2026-09-07T23:08:11+07:00
c49070eb-25dc-4205-a8d0-45a989b19e2d,3cecead8-c7ac-4520-abe5-fdd558afc042,6ac69667-8033-4d4c-8a2c-fb6006a2c00e,85,,2026-09-08T16:43:57+07:00
7594f2bf-41a2-4e38-a577-64efff0662d7,3cecead8-c7ac-4520-abe5-fdd558afc042,a12b0378-6739-4162-9eba-0b93ccfdfff0,82,,2026-09-10T11:10:28+07:00
000c5b24-3346-48e0-96fa-a8a0649a245e,3cecead8-c7ac-4520-abe5-fdd558afc042,,94,,2026-09-11T23:31:13+07:00
9e79c58c-3c2b-43e7-825d-dbebec4f7a20,3cecead8-c7ac-4520-abe5-fdd558afc042,52dd34ca-96f4-4b5c-b960-b9886b7f2605,91,,2026-09-12T20:22:13+07:00
ff7a97fe-a27c-4b3a-b472-e0e019a5867b,3cecead8-c7ac-4520-abe5-fdd558afc042,fcd40acc-4f8f-45c8-82df-e9d0f8206796,87,,2026-09-20T16:29:21+07:00
de0ab780-18c2-4467-86b1-0e34872e7519,3cecead8-c7ac-4520-abe5-fdd558afc042,88be6602-74af-4f89-b7fa-596e620aa8e4,86,,2026-09-20T17:19:36+07:00
6b44aa29-715a-45ca-a732-6bb338035441,3cecead8-c7ac-4520-abe5-fdd558afc042,9d3a744a-0add-4abc-9dee-e537ac062393,88,,2026-09-27T18:09:23+07:00
ebb86a16-5f44-4356-b53d-80672e9404e4,3cecead8-c7ac-4520-abe5-fdd558afc042,3d6b328b-442b-40b7-8f09-18653f0b20a1,99,,2026-09-27T21:20:08+07:00
7335bc6e-8079-4ba0-928e-715693f8a787,c09a0797-1a65-4b19-b3be-4041bc6822d9,c337fe45-7f56-472a-8155-a61796ad3a76,79,,2026-09-10T00:58:59+07:00
20d3180e-4df0-497e-b0ca-46e49dffe8d9,c09a0797-1a65-4b19-b3be-4041bc6822d9,7fd4dcb0-dc6b-4e20-86e0-79dc05bf63ce,81,,2026-09-26T02:45:36+07:00
706621d1-676f-4513-8cfe-8500dd1ebb73,502cb20d-1b3d-4812-bc0d-504af678f118,3d6b328b-442b-40b7-8f09-18653f0b20a1,89,,2026-09-10T03:45:59+07:00
ace8f83e-5bf9-49fe-8b63-965cbfc456ab,502cb20d-1b3d-4812-bc0d-504af678f118,,77,,2026-09-10T16:58:00+07:00
da4a2d20-134a-49c4-b184-615fcd3e7fc4,502cb20d-1b3d-4812-bc0d-504af678f118,3d6b328b-442b-40b7-8f09-18653f0b20a1,85,,2026-09-13T01:44:47+07:00
64b98069-24d1-495f-bb2d-c9f5a9c6357f,21123bcb-a9ea-4558-a671-03e65888fc42,4227322f-3efc-4249-9c82-bbd652717878,74,,2026-09-09T04:38:40+07:00
fb1d2ae7-6294-410a-bafa-b712af1305c2,21123bcb-a9ea-4558-a671-03e65888fc42,10d05c09-bdb2-4253-8e44-856ad5336f34,70,,2026-09-09T05:20:07+07:00
6b3884bc-1236-4138-91f3-060bd90eed63,21123bcb-a9ea-4558-a671-03e65888fc42,46d4a03e-c262-49ec-8695-987a04d7dc4b,84,,2026-09-09T14:21:38+07:00
dd17c1ba-0205-4d64-b29e-0d3af6040980,21123bcb-a9ea-4558-a671-03e65888fc42,66637ead-7b55-4701-918c-347f1ff9573c,86,,2026-09-10T22:48:33+07:00
73171779-c170-4329-873f-2144bb4d1f4f,21123bcb-a9ea-4558-a671-03e65888fc42,1b920a71-baaf-4adc-94e8-cd83874a8d54,86,,2026-09-13T01:46:48+07:00
832c3e16-487f-428d-8bf5-2c8e5b8310d1,21123bcb-a9ea-4558-a671-03e65888fc42,,80,,2026-09-15T18:35:55+07:00
5a7f7cf8-466a-4fa0-bac0-d39b3ce320c8,21123bcb-a9ea-4558-a671-03e65888fc42,9d3a744a-0add-4abc-9dee-e537ac062393,95,,2026-09-15T19:02:30+07:00
eed8e555-48b2-43f3-ae81-5f15b5000dc0,21123bcb-a9ea-4558-a671-03e65888fc42,88be6602-74af-4f89-b7fa-596e620aa8e4,87,,2026-09-16T07:02:18+07:00
993be982-b49a-4731-8805-e2c1ba06a425,21123bcb-a9ea-4558-a671-03e65888fc42,028dcdfd-b509-4967-81ff-593ef33bb7ae,82,,2026-09-18T05:02:34+07:00
c13dc2a9-1beb-4b96-b101-94b07d7f0de6,21123bcb-a9ea-4558-a671-03e65888fc42,f07af7a6-e284-4594-bf88-9240894b8c96,78,,2026-09-19T21:06:06+07:00
14d15805-24d5-4421-a5c9-c1496f863a6b,21123bcb-a9ea-4558-a671-03e65888fc42,,82,,2026-09-23T18:26:36+07:00
309911a3-1d39-4832-89f2-e0e3052422a4,21123bcb-a9ea-4558-a671-03e65888fc42,88be6602-74af-4f89-b7fa-596e620aa8e4,80,,2026-09-25T23:53:11+07:00
3f6a75a3-6103-4ad3-9efe-b99e9342857a,21123bcb-a9ea-4558-a671-03e65888fc42,028dcdfd-b509-4967-81ff-593ef33bb7ae,88,,2026-09-29T06:46:41+07:00
853274eb-140a-42f7-bd6a-e9c9a556fdce,9ff684e6-4658-4012-8d13-3f1f8c81fb33,9d3a744a-0add-4abc-9dee-e537ac062393,80,,2026-09-09T18:17:37+07:00
5ee2ac76-7ab3-42f5-9312-747f7c0114c1,9ff684e6-4658-4012-8d13-3f1f8c81fb33,49ee8f81-45d9-4cdc-83e5-abf8f1539d56,95,,2026-09-15T19:21:33+07:00
c68dd971-cdd1-4912-9cb1-b36f0bb382f0,9ff684e6-4658-4012-8d13-3f1f8c81fb33,385d7299-b7a7-4793-a42a-5185f3adf474,81,,2026-09-30T19:32:47+07:00
70723f32-0f84-4619-9a0d-c7cf1ff88b1b,dff24eca-fdce-4477-93cd-acbba56ed21f,f1eb7eeb-a8ef-4cb0-a886-09d74d3af598,79,,2026-09-08T00:09:40+07:00
aa51c2a4-6975-4339-a793-b169c7c05cbb,dff24eca-fdce-4477-93cd-acbba56ed21f,61345fcc-db36-431c-b4cb-70b3963078a8,90,,2026-09-08T06:12:43+07:00
6b52695c-139b-4ef5-9d08-af2d162111a8,dff24eca-fdce-4477-93cd-acbba56ed21f,b405bb76-c190-4857-97dd-8ee547b0c179,86,,2026-09-11T14:09:10+07:00
ff192692-de2a-424c-aef3-1d6f1b312d5b,dff24eca-fdce-4477-93cd-acbba56ed21f,a12b0378-6739-4162-9eba-0b93ccfdfff0,93,,2026-09-13T02:10:29+07:00
43b41d58-1357-4592-9b58-f3ce4d4d37e6,dff24eca-fdce-4477-93cd-acbba56ed21f,,87,,2026-09-16T05:57:06+07:00
d6104fb5-3db5-48f1-8211-0aa5229e6ae7,dff24eca-fdce-4477-93cd-acbba56ed21f,10d05c09-bdb2-4253-8e44-856ad5336f34,91,,2026-09-16T16:07:01+07:00
7240326e-1ab2-47cd-b514-515e45c978cd,dff24eca-fdce-4477-93cd-acbba56ed21f,c337fe45-7f56-472a-8155-a61796ad3a76,77,,2026-09-16T23:28:27+07:00
b928e393-509a-4ff0-81e4-49b7b6abaef7,dff24eca-fdce-4477-93cd-acbba56ed21f,4227322f-3efc-4249-9c82-bbd652717878,99,,2026-09-18T12:58:10+07:00
03f86694-119b-4a05-bc63-422819f1a0f5,f35365dc-8182-4d34-9e88-f60ceaee143b,461e2ef5-600f-436b-8b20-ff6b5e1c1561,89,,2026-09-11T21:33:02+07:00
d2a3eaf5-ec30-4314-b052-7ca804e01706,f35365dc-8182-4d34-9e88-f60ceaee143b,61345fcc-db36-431c-b4cb-70b3963078a8,86,,2026-09-15T06:40:51+07:00
92bfbed4-432d-4ca1-947f-9ae709563606,c94253a2-a80f-455d-97c3-247e5d8b2661,2c00434b-be5e-45ee-8122-ed4c038e59ae,88,,2026-09-09T07:46:21+07:00
ce0fd4cc-a6f2-4d52-b6de-b2496f9d2e09,c94253a2-a80f-455d-97c3-247e5d8b2661,66637ead-7b55-4701-918c-347f1ff9573c,97,,2026-09-13T09:48:46+07:00
f54db46b-c083-45b6-aa74-003d24f22836,57ab8b45-adc1-453a-9a86-08927ab6fb61,73832518-b9b2-4f5a-bff7-cd820a5da9c8,76,,2026-09-09T20:23:27+07:00
f86d3342-b9c3-4890-8a20-6146f7b6ba77,57ab8b45-adc1-453a-9a86-08927ab6fb61,49ee8f81-45d9-4cdc-83e5-abf8f1539d56,89,,2026-09-16T10:34:39+07:00
f8e39baa-fc7a-4cdd-b3d1-8deed96485af,d864285a-cb80-46df-a2dd-b9a9d4cdcc77,49ee8f81-45d9-4cdc-83e5-abf8f1539d56,89,,2026-09-16T07:51:20+07:00
2288446e-fbf9-42db-ad10-e5472d8f4cc5,0510dc49-b029-416d-be4d-10cc1c51633e,10d05c09-bdb2-4253-8e44-856ad5336f34,94,,2026-09-08T07:15:07+07:00
9db27d1c-8dbb-487e-b8c8-af1dbb819c8c,0510dc49-b029-416d-be4d-10cc1c51633e,,85,,2026-09-09T18:02:32+07:00
f6e886fc-4c86-4f8e-aca2-700d37cb7c69,0510dc49-b029-416d-be4d-10cc1c51633e,66637ead-7b55-4701-918c-347f1ff9573c,85,,2026-09-11T10:53:45+07:00
070adde0-f8e8-4667-99b4-36b6a6113079,c3727576-cda8-405c-aa25-4d5b857e9938,a12b0378-6739-4162-9eba-0b93ccfdfff0,99,,2026-09-08T23:53:18+07:00
2a1f7fb1-25ae-4726-8120-8b5332dacf21,a51dd667-e0d2-4d44-8f57-297072c0438f,6ac69667-8033-4d4c-8a2c-fb6006a2c00e,75,,2026-09-08T19:21:45+07:00
556173bc-b5d3-4391-b27c-0bbb2a3ca2bb,a51dd667-e0d2-4d44-8f57-297072c0438f,f07af7a6-e284-4594-bf88-9240894b8c96,86,,2026-09-08T20:06:11+07:00
fb51e9b6-6d23-4b3a-b831-e3cd35a0fb7a,a51dd667-e0d2-4d44-8f57-297072c0438f,f1eb7eeb-a8ef-4cb0-a886-09d74d3af598,96,,2026-09-11T21:34:56+07:00
e97040b2-6840-4642-b60f-549bd907e7e1,a51dd667-e0d2-4d44-8f57-297072c0438f,,95,,2026-09-17T03:24:02+07:00
494113c8-8b70-49ee-8b4e-b589dba000d7,e7d3cfe7-fa3c-4480-bdda-489c660dee85,d2c29091-0e3c-43d4-916f-76666e797354,90,,2026-09-09T02:17:34+07:00
dc11473d-5ec7-41db-8b63-a151956803ec,e7d3cfe7-fa3c-4480-bdda-489c660dee85,,85,,2026-09-14T12:57:30+07:00
3997ba8c-c6dd-4b33-bc04-cc6f71fe48c3,d121698b-0a16-44d1-aa20-dd401b819dda,7fd4dcb0-dc6b-4e20-86e0-79dc05bf63ce,84,,2026-09-22T17:32:32+07:00
c6053148-70eb-471f-8725-d41aaae420f4,7b06b2ef-954c-49b8-b52d-b0dd45fc1487,f1eb7eeb-a8ef-4cb0-a886-09d74d3af598,97,,2026-09-08T17:28:19+07:00
4ecc2b7b-9484-4412-bf75-cf4c4e0ff20c,7b06b2ef-954c-49b8-b52d-b0dd45fc1487,46d4a03e-c262-49ec-8695-987a04d7dc4b,90,,2026-09-15T11:20:33+07:00
3c901370-5096-4d8d-a0e0-6400c9c2a47f,7b06b2ef-954c-49b8-b52d-b0dd45fc1487,1427b036-c60b-4c81-a3c6-d573dda80136,97,,2026-09-27T17:12:29+07:00
0dd009c4-fa9c-4beb-92ec-7eccc469c34c,55913c29-ce39-4825-80cb-baf90978302e,6ac69667-8033-4d4c-8a2c-fb6006a2c00e,86,,2026-09-13T06:32:24+07:00
db6dccb7-65e7-4b52-acaa-150f84b2455d,45a48bf1-cf62-4c38-9ec5-aeaae767d199,7fd4dcb0-dc6b-4e20-86e0-79dc05bf63ce,83,,2026-09-08T19:06:47+07:00
48bb60cd-1daf-42fe-a522-7f363bcc3e5a,45a48bf1-cf62-4c38-9ec5-aeaae767d199,66637ead-7b55-4701-918c-347f1ff9573c,91,,2026-09-17T15:08:51+07:00
34a9c971-015f-4c8b-8ed7-6ad419ca4c12,45a48bf1-cf62-4c38-9ec5-aeaae767d199,83d2e570-56ce-4981-937c-fd58fd390509,94,,2026-09-23T03:21:13+07:00
8f646ba0-073a-401b-892e-a5a906cc7225,1aed44d5-ef55-49c3-85fb-0e0b9ec10729,46d4a03e-c262-49ec-8695-987a04d7dc4b,92,,2026-09-11T01:51:56+07:00
e87e103d-9f14-4a3c-9aec-2bcead85c93f,1aed44d5-ef55-49c3-85fb-0e0b9ec10729,1b920a71-baaf-4adc-94e8-cd83874a8d54,92,,2026-09-11T10:13:37+07:00
e739162f-8c47-4199-908b-2883ba2bfaca,67b6c796-d863-4dc6-aeea-3913f820d5f3,1427b036-c60b-4c81-a3c6-d573dda80136,85,,2026-09-09T02:32:16+07:00
67ab7af4-3035-4fe2-84d4-63b81caf4cda,67b6c796-d863-4dc6-aeea-3913f820d5f3,b405bb76-c190-4857-97dd-8ee547b0c179,80,,2026-09-12T05:37:47+07:00
7aabf04b-41a4-4e71-9c6c-7705209f6aec,e13d323b-437d-4f1e-bb6b-b7df9ac0532e,ec2e17a2-948e-44b3-915f-caa14df50aa9,83,,2026-09-18T03:14:13+07:00
d6fea1ea-3cb2-4e5c-b0a9-25d6ac5c29d1,e13d323b-437d-4f1e-bb6b-b7df9ac0532e,52dd34ca-96f4-4b5c-b960-b9886b7f2605,87,,2026-09-18T08:55:00+07:00
c038924b-2269-47a1-aacf-9a184aba3748,e52a39ac-f3d8-4418-bf7f-fb1daa080290,385d7299-b7a7-4793-a42a-5185f3adf474,90,,2026-09-09T11:55:09+07:00
5f9cfc01-f503-4cf3-bc3e-1eab2de39715,e52a39ac-f3d8-4418-bf7f-fb1daa080290,,85,,2026-09-09T16:28:32+07:00
5a1a604f-b91c-4f3d-a034-f263ef478b92,e52a39ac-f3d8-4418-bf7f-fb1daa080290,10d05c09-bdb2-4253-8e44-856ad5336f34,90,,2026-09-19T11:55:31+07:00
0342a6b3-eb7c-4fce-9c7e-96fef56cc174,7f72ea5d-a5c9-4959-8510-0676d91d68dc,edb26a70-31be-4abe-8303-15f94d51175b,87,,2026-09-11T20:32:23+07:00
e3cc9382-96b7-4ca4-b58f-52eea8be1e04,7f72ea5d-a5c9-4959-8510-0676d91d68dc,c337fe45-7f56-472a-8155-a61796ad3a76,82,,2026-09-14T17:44:28+07:00
67a1a887-bea3-4670-ab3f-9b542676595f,85da9a10-d5d5-4d5f-ab6a-eb4957cc843b,,97,,2026-09-09T22:38:49+07:00
954aae32-7f00-45ac-958f-f3f3f59fc1ac,85da9a10-d5d5-4d5f-ab6a-eb4957cc843b,52dd34ca-96f4-4b5c-b960-b9886b7f2605,89,,2026-09-22T14:54:31+07:00
1884fba5-b596-4cdc-b879-0d91537d82b6,0b7ae8ee-9945-4396-a6a8-08a767649ae3,ba952af1-6fd5-49fe-ba55-bdc465f95ca2,92,,2026-09-10T05:16:52+07:00
fec2fa88-20a5-4440-b200-46e4009fc31e,0b7ae8ee-9945-4396-a6a8-08a767649ae3,1b920a71-baaf-4adc-94e8-cd83874a8d54,84,,2026-09-14T14:11:46+07:00
c2264698-b3bd-4874-803a-a282f56ad6b4,0b7ae8ee-9945-4396-a6a8-08a767649ae3,66637ead-7b55-4701-918c-347f1ff9573c,91,,2026-09-19T03:32:48+07:00
e6f19ebb-c35d-4184-8c1d-c753c4fb5104,2088f19d-02cb-4262-8f1b-373c699347d4,1b920a71-baaf-4adc-94e8-cd83874a8d54,99,,2026-09-11T06:03:59+07:00
fa80d283-b5ca-4354-93bf-860d821c2af1,66cd61ef-621e-43cf-bd2a-23d5fbde4f04,,84,,2026-09-08T17:17:05+07:00
4bdce9f3-8f7f-44be-b653-7e33b915da33,c2a3bdc9-696b-4ea8-8c21-51fe5134532d,,84,,2026-09-09T17:25:48+07:00
fe4d92e5-a02f-405e-bcc6-896ac5e7f495,c2a3bdc9-696b-4ea8-8c21-51fe5134532d,f07af7a6-e284-4594-bf88-9240894b8c96,80,,2026-09-10T00:26:35+07:00
cc582b08-bbb3-430b-910e-9569d655ebd2,25fee8c3-bc53-4a6c-b944-42ca9a7fb289,6ac69667-8033-4d4c-8a2c-fb6006a2c00e,91,,2026-09-09T04:00:42+07:00
ea9f372a-9dd3-4606-9a7a-14eb949d1fe8,25fee8c3-bc53-4a6c-b944-42ca9a7fb289,1b920a71-baaf-4adc-94e8-cd83874a8d54,93,,2026-09-17T11:03:50+07:00
146f5ba2-bb44-41d9-8cef-4ae5c2feea78,827c1cf8-334f-4589-966e-e0bec8e6b274,6ac69667-8033-4d4c-8a2c-fb6006a2c00e,78,,2026-09-08T21:41:39+07:00
0197544a-f403-4a70-a918-73f449bcd48e,827c1cf8-334f-4589-966e-e0bec8e6b274,506eaccd-4997-418d-8a64-a67ed9a58eaa,93,,2026-09-29T21:47:02+07:00
fd4d6d82-8707-4ea8-b03d-b8c6290d92bd,8d789ff1-71c1-4309-8b93-235c1c8ac0bc,,89,,2026-09-16T16:14:40+07:00
9b3d3aee-3396-4b0d-891a-c41a7320165f,8d789ff1-71c1-4309-8b93-235c1c8ac0bc,2c00434b-be5e-45ee-8122-ed4c038e59ae,83,,2026-09-25T05:05:37+07:00
49da8801-9515-4c72-9071-24c5feecdd05,1312c003-0109-4325-bc39-ffa127844d17,1c9b4737-176c-445e-859d-330a859b0f5e,83,,2026-09-10T19:50:36+07:00
3da89245-ad43-4774-848a-637098b6d52b,1312c003-0109-4325-bc39-ffa127844d17,88be6602-74af-4f89-b7fa-596e620aa8e4,90,,2026-09-27T20:21:10+07:00
902d526c-5a70-4899-84fd-522bbc345374,51c0a473-343b-4760-8c4f-7c2c152801eb,88be6602-74af-4f89-b7fa-596e620aa8e4,94,,2026-09-10T02:23:37+07:00
5a158cf6-7755-4dc9-90cf-da4d5210c449,51c0a473-343b-4760-8c4f-7c2c152801eb,1c9b4737-176c-445e-859d-330a859b0f5e,87,,2026-09-23T03:44:28+07:00
39a5596d-c80c-4d30-a729-8ad49b6879fb,5e9e595c-1099-4fee-a6f4-91849bf2a16a,506eaccd-4997-418d-8a64-a67ed9a58eaa,93,,2026-09-10T02:08:07+07:00
03349e0e-50c4-42cc-82a7-d533e313c801,5e9e595c-1099-4fee-a6f4-91849bf2a16a,1427b036-c60b-4c81-a3c6-d573dda80136,90,,2026-09-10T02:21:04+07:00
53bf68ad-a4e4-405d-97c1-bd5d226c4558,5e9e595c-1099-4fee-a6f4-91849bf2a16a,fcd40acc-4f8f-45c8-82df-e9d0f8206796,85,,2026-09-10T09:08:03+07:00
40beb9ef-098a-43f6-b103-ccfbf3cddfb6,5e9e595c-1099-4fee-a6f4-91849bf2a16a,7fd4dcb0-dc6b-4e20-86e0-79dc05bf63ce,88,,2026-09-11T09:25:37+07:00
47a10d85-cccf-4884-a434-b313792852dc,5e9e595c-1099-4fee-a6f4-91849bf2a16a,66637ead-7b55-4701-918c-347f1ff9573c,90,,2026-09-13T04:48:21+07:00
f0ec09ae-3d4e-486a-8c1c-4ea21aba6847,5e9e595c-1099-4fee-a6f4-91849bf2a16a,edb26a70-31be-4abe-8303-15f94d51175b,95,,2026-09-13T15:55:35+07:00
4bb5a1d5-8801-4925-85c6-840a127c08ef,5e9e595c-1099-4fee-a6f4-91849bf2a16a,d2c29091-0e3c-43d4-916f-76666e797354,89,,2026-09-14T13:19:53+07:00
a6fb0769-07fd-4db8-a43d-ecdd2ba2175c,5e9e595c-1099-4fee-a6f4-91849bf2a16a,88be6602-74af-4f89-b7fa-596e620aa8e4,83,,2026-09-14T23:43:50+07:00
f954dfef-aa73-42a1-9f13-94206b87ae3e,5e9e595c-1099-4fee-a6f4-91849bf2a16a,52dd34ca-96f4-4b5c-b960-b9886b7f2605,96,,2026-09-15T22:17:14+07:00
ab17e048-059e-4cab-9beb-e835d3e2ac76,5e9e595c-1099-4fee-a6f4-91849bf2a16a,52dd34ca-96f4-4b5c-b960-b9886b7f2605,99,,2026-09-17T00:56:09+07:00
2cd58f5c-f20a-4cc4-99f1-d7126de0c061,5e9e595c-1099-4fee-a6f4-91849bf2a16a,52dd34ca-96f4-4b5c-b960-b9886b7f2605,94,,2026-09-18T19:16:51+07:00
75f4b5bb-c3fc-4ca4-8ccf-f23759756424,5e9e595c-1099-4fee-a6f4-91849bf2a16a,1b18c38d-637d-4ecd-a2a1-77ed14d655bb,92,,2026-09-19T11:51:01+07:00
0050b085-18ab-485a-bd43-f5ac65107f3c,5e9e595c-1099-4fee-a6f4-91849bf2a16a,edb26a70-31be-4abe-8303-15f94d51175b,99,,2026-09-21T07:34:37+07:00
8be11fa5-4b06-4678-a7ba-f83eb8fa1709,5e9e595c-1099-4fee-a6f4-91849bf2a16a,6ac69667-8033-4d4c-8a2c-fb6006a2c00e,87,,2026-09-22T07:58:41+07:00
6690c1c0-d118-414c-958d-5bf7b342a2ea,5e9e595c-1099-4fee-a6f4-91849bf2a16a,028dcdfd-b509-4967-81ff-593ef33bb7ae,99,,2026-09-23T10:28:17+07:00
bdbfb180-98bb-453c-a019-279dd9f8f5d9,5e9e595c-1099-4fee-a6f4-91849bf2a16a,f1eb7eeb-a8ef-4cb0-a886-09d74d3af598,99,,2026-09-26T04:11:41+07:00
c3edce22-7d12-440d-bc5d-d7917cc3f7c6,5e9e595c-1099-4fee-a6f4-91849bf2a16a,1b920a71-baaf-4adc-94e8-cd83874a8d54,99,,2026-09-26T11:13:03+07:00
5c8af5fe-7c35-43c3-8b73-32162fb02910,5e9e595c-1099-4fee-a6f4-91849bf2a16a,3d6b328b-442b-40b7-8f09-18653f0b20a1,97,,2026-09-29T18:30:21+07:00
e93a9d7d-56b4-4660-8494-a8a4a99ec79b,5e9e595c-1099-4fee-a6f4-91849bf2a16a,6ac69667-8033-4d4c-8a2c-fb6006a2c00e,99,,2026-09-30T01:22:06+07:00
ca3e8350-eaf7-4515-8671-fcf6e885fff6,f0d963eb-99c3-473e-91ef-b3f9cd9e84fa,2c00434b-be5e-45ee-8122-ed4c038e59ae,93,,2026-09-13T18:59:04+07:00
2c6e1504-9810-4ce9-a8d0-094eac2d5057,f0d963eb-99c3-473e-91ef-b3f9cd9e84fa,385d7299-b7a7-4793-a42a-5185f3adf474,86,,2026-09-15T03:09:25+07:00
41f4a92b-d770-4bc1-9a71-db861283b7b2,79ec3cd2-9214-4463-b2b5-f8771b9ba9ae,4227322f-3efc-4249-9c82-bbd652717878,85,,2026-09-10T22:47:29+07:00
ffd7692f-1827-40c8-b103-bb5b535e8f85,79ec3cd2-9214-4463-b2b5-f8771b9ba9ae,edb26a70-31be-4abe-8303-15f94d51175b,83,,2026-09-11T00:41:45+07:00
9d958772-e368-4d47-98bf-adf3333f7bb7,49ac9e2d-bdd4-4e4f-976a-1fa8032a27b4,88be6602-74af-4f89-b7fa-596e620aa8e4,86,,2026-09-14T22:07:37+07:00
9a39e21a-c5f0-4202-9c28-0c1050f6ec37,76e68021-c1e0-4554-b3bb-b61c552ae0db,6ac69667-8033-4d4c-8a2c-fb6006a2c00e,92,,2026-09-11T05:11:01+07:00
a50aa2b3-2ae4-49fb-b47d-babc885bf317,76e68021-c1e0-4554-b3bb-b61c552ae0db,,93,,2026-09-29T00:05:45+07:00
c00f5bce-0fe3-4543-95f3-3d32a7e93b4a,0aef3a87-922b-4d90-9f68-43fd22cd63e7,4227322f-3efc-4249-9c82-bbd652717878,84,,2026-09-19T02:52:24+07:00
215d8e97-b84e-4450-9181-eb43c8213631,17baa3d8-4969-40b1-ba16-b42c064885e2,461e2ef5-600f-436b-8b20-ff6b5e1c1561,79,,2026-09-25T04:49:37+07:00
46167af4-a177-43b1-979a-140dad98d617,faca02c2-5b55-4980-b240-55c41658e874,ec2e17a2-948e-44b3-915f-caa14df50aa9,87,,2026-09-09T21:05:11+07:00
51555c0d-e667-43da-8689-8329f0d81270,faca02c2-5b55-4980-b240-55c41658e874,b405bb76-c190-4857-97dd-8ee547b0c179,84,,2026-09-14T12:09:49+07:00
9dee5289-d764-42e5-9f94-6f9d8dede16c,faca02c2-5b55-4980-b240-55c41658e874,4227322f-3efc-4249-9c82-bbd652717878,90,,2026-09-27T19:20:58+07:00
11901215-a9f8-44c5-8297-52e938dfb93a,fa301196-6e2a-4220-a751-93ea5201fbcf,fcd40acc-4f8f-45c8-82df-e9d0f8206796,88,,2026-09-11T05:04:22+07:00
df73e57a-5f2f-407a-9f16-7179b9e4dfc3,fa301196-6e2a-4220-a751-93ea5201fbcf,506eaccd-4997-418d-8a64-a67ed9a58eaa,86,,2026-09-12T08:14:03+07:00
698cda13-9d4f-4559-b9e7-a215a84f95cc,388ecd17-c178-42b0-9aa7-031d926e4567,61345fcc-db36-431c-b4cb-70b3963078a8,89,,2026-09-16T17:01:43+07:00
c2138ad1-be60-45f5-9679-841b557474b8,388ecd17-c178-42b0-9aa7-031d926e4567,f1eb7eeb-a8ef-4cb0-a886-09d74d3af598,91,,2026-09-16T21:44:50+07:00
79ac779b-0dc4-446e-a78a-a1f2bd023502,0147d68c-5b63-443a-8be4-0d346441b7d6,a12b0378-6739-4162-9eba-0b93ccfdfff0,95,,2026-09-12T19:46:32+07:00
58828151-1bc9-4f38-9c8a-d3123908133a,0147d68c-5b63-443a-8be4-0d346441b7d6,6ac69667-8033-4d4c-8a2c-fb6006a2c00e,90,,2026-09-23T13:11:15+07:00
2f7056a5-8698-41d4-841a-5e13c8c482c5,4f5b975d-1786-441f-acf8-e5e8cc2351d4,fcd40acc-4f8f-45c8-82df-e9d0f8206796,81,,2026-09-23T21:24:11+07:00
061650a6-b1a0-4a31-9697-9dd69b75f544,4f5b975d-1786-441f-acf8-e5e8cc2351d4,385d7299-b7a7-4793-a42a-5185f3adf474,87,,2026-09-26T01:55:55+07:00
b83c6151-04d7-4399-b8bd-3f0e528247ec,b9b404d4-116f-4dc1-83da-e870c7aa40a3,,82,,2026-09-11T09:18:38+07:00
c480a66c-04ab-4a42-b8be-513b1de4715d,b9b404d4-116f-4dc1-83da-e870c7aa40a3,1b920a71-baaf-4adc-94e8-cd83874a8d54,91,,2026-09-15T19:40:07+07:00
66e5f6a2-7040-4285-b1a4-fa907cbe388f,8e35f0dd-af0c-4b59-a5b2-029825803a72,52e73b62-4559-490f-bc2e-7ada5e1bb367,92,,2026-09-11T20:42:14+07:00
4443e7cd-6889-43c8-b7d7-c4af9f399706,8e35f0dd-af0c-4b59-a5b2-029825803a72,1c9b4737-176c-445e-859d-330a859b0f5e,88,,2026-09-12T09:07:24+07:00
76152ca7-6e81-4f55-9af3-503eb020ca4a,ad5dbbf7-ca7f-44e8-a280-7410160a20cc,385d7299-b7a7-4793-a42a-5185f3adf474,86,,2026-09-13T17:23:09+07:00
55c99f1d-cd0e-4ff3-b088-eb65b7b81df0,ad5dbbf7-ca7f-44e8-a280-7410160a20cc,4227322f-3efc-4249-9c82-bbd652717878,83,,2026-09-13T23:16:38+07:00
4d9af25e-d49e-41cd-9ff7-fbad261033e7,dbfff099-ab3e-4d01-b288-dd17a0919cf2,fcd40acc-4f8f-45c8-82df-e9d0f8206796,87,,2026-09-16T00:06:45+07:00
574b8dc6-a31e-49f3-a720-4d5d9d7895b7,dbfff099-ab3e-4d01-b288-dd17a0919cf2,a12b0378-6739-4162-9eba-0b93ccfdfff0,86,,2026-09-25T06:32:07+07:00
c963d27c-30e6-4637-b077-d7880608a109,769c3ff5-178c-455c-824c-3e3ac00f662b,10d05c09-bdb2-4253-8e44-856ad5336f34,90,,2026-09-16T18:17:31+07:00
accb2dce-59fb-4884-8962-ef10fd31f397,5cbddeb2-3d9a-463c-95eb-cdc136c3f96b,49ee8f81-45d9-4cdc-83e5-abf8f1539d56,92,,2026-09-11T05:41:51+07:00
1e91e623-a0be-4dfe-acd6-5f98ea2d081a,5cbddeb2-3d9a-463c-95eb-cdc136c3f96b,46d4a03e-c262-49ec-8695-987a04d7dc4b,94,,2026-09-12T05:10:57+07:00
494ab271-2f9f-46b9-9ee6-8bacc5a24817,8a8754bb-554c-4e12-a060-cf3337df6832,1c9b4737-176c-445e-859d-330a859b0f5e,84,,2026-09-11T18:54:45+07:00
2f1925c0-8f99-45cb-9d62-27e2af77646d,8a8754bb-554c-4e12-a060-cf3337df6832,10d05c09-bdb2-4253-8e44-856ad5336f34,84,,2026-09-21T07:03:21+07:00
aa347789-57cd-4384-af41-72b044820262,43cddd08-f80f-4ce9-a164-a6d703a24f7a,52dd34ca-96f4-4b5c-b960-b9886b7f2605,91,,2026-09-15T04:23:49+07:00
46bb6d48-82ce-4d5e-a692-db025f09811b,43cddd08-f80f-4ce9-a164-a6d703a24f7a,f07af7a6-e284-4594-bf88-9240894b8c96,99,,2026-09-29T06:11:45+07:00
dad781e9-00ac-44be-add6-76f020a78f89,2e7c08ab-4ff5-4e54-b360-742c1cd5c2fd,10d05c09-bdb2-4253-8e44-856ad5336f34,81,,2026-09-12T20:58:45+07:00
acb70c2a-20b0-4459-aa9a-cbd8bf18199a,2e7c08ab-4ff5-4e54-b360-742c1cd5c2fd,4227322f-3efc-4249-9c82-bbd652717878,87,,2026-09-21T00:02:53+07:00
92a8cd0f-719c-48e1-b8bc-96db8d423a92,855ad6ba-c429-4750-a1ba-c93bb2768e6a,fcd40acc-4f8f-45c8-82df-e9d0f8206796,84,,2026-09-15T22:21:14+07:00
4ee0e206-cf7b-46bf-8e27-1f6179150a2f,855ad6ba-c429-4750-a1ba-c93bb2768e6a,52e73b62-4559-490f-bc2e-7ada5e1bb367,87,,2026-09-16T04:36:56+07:00
41a89cd5-eaf7-4376-a473-1487e431dbe3,855ad6ba-c429-4750-a1ba-c93bb2768e6a,9d3a744a-0add-4abc-9dee-e537ac062393,84,,2026-09-21T14:09:22+07:00
7a3a2bc4-9a8c-47b3-b870-1c550961d512,9ec58cb6-8458-4fe2-b8f8-caa70270c42b,1b920a71-baaf-4adc-94e8-cd83874a8d54,95,,2026-09-12T02:05:30+07:00
cdd94c3f-6279-45b2-95c9-fd78f70e8382,9ec58cb6-8458-4fe2-b8f8-caa70270c42b,a12b0378-6739-4162-9eba-0b93ccfdfff0,88,,2026-09-13T15:52:15+07:00
a1e50f87-6999-47e7-bb2c-8d920a022f29,9ec58cb6-8458-4fe2-b8f8-caa70270c42b,88be6602-74af-4f89-b7fa-596e620aa8e4,84,,2026-09-21T00:53:17+07:00
90ad73e4-f0ad-427f-9cd5-6e120c119e03,62fd32d5-950f-424b-a5cf-6a7973073f39,fcd40acc-4f8f-45c8-82df-e9d0f8206796,81,,2026-09-25T13:54:25+07:00
a25b71a6-2296-4c76-80e9-191ac4ff3095,b5dfee00-7eb8-4088-a7f9-5c58cb2a755c,1b18c38d-637d-4ecd-a2a1-77ed14d655bb,87,,2026-09-11T23:03:23+07:00
5679095a-b8f2-4874-8ca0-5f067a6ce33f,b5dfee00-7eb8-4088-a7f9-5c58cb2a755c,4227322f-3efc-4249-9c82-bbd652717878,78,,2026-09-12T04:07:45+07:00
d1cbe726-6264-41a1-8d64-8948c2107a80,3ea8c2e5-4f29-4407-9fad-4fcae129da4f,edb26a70-31be-4abe-8303-15f94d51175b,89,,2026-09-16T10:59:52+07:00
ed427c10-9c7f-4cb0-9f44-6995f76baef6,3ea8c2e5-4f29-4407-9fad-4fcae129da4f,9d3a744a-0add-4abc-9dee-e537ac062393,87,,2026-09-27T06:44:09+07:00
bae8264e-7b8a-44f5-9beb-52c369ff20ca,91783faf-1b93-4e9d-933e-0d3f2e7e66d1,83d2e570-56ce-4981-937c-fd58fd390509,88,,2026-09-14T06:11:57+07:00
fbd41ab3-bdcd-4d6e-9f16-73720cc21459,91783faf-1b93-4e9d-933e-0d3f2e7e66d1,028dcdfd-b509-4967-81ff-593ef33bb7ae,93,,2026-09-21T12:38:24+07:00
a146bbb1-6eb8-4c00-bdc8-22d4dacca3f6,d584f6bf-8461-4320-b352-aa9e24dde589,,88,,2026-09-12T06:05:39+07:00
55229af6-d01d-4daf-adf4-fad528de7ce4,d584f6bf-8461-4320-b352-aa9e24dde589,73832518-b9b2-4f5a-bff7-cd820a5da9c8,83,,2026-09-12T15:42:44+07:00
469fa76c-b744-4263-99a8-9b807daa921b,d584f6bf-8461-4320-b352-aa9e24dde589,b405bb76-c190-4857-97dd-8ee547b0c179,86,,2026-09-25T10:32:06+07:00
25049494-b141-4aa4-9b94-7bb06c410341,db0a9474-a25f-46ac-bf29-ea5b0bf5bc19,61345fcc-db36-431c-b4cb-70b3963078a8,84,,2026-09-18T20:50:54+07:00
6758dd5f-4938-46ec-b3c0-ae99b4f6eecd,ac66bdc4-3e95-4cdd-ac79-53700e23f9b3,9d3a744a-0add-4abc-9dee-e537ac062393,92,,2026-09-13T16:59:46+07:00
b1e70d8b-29c9-429f-8a11-8ae3c2df00dd,ac66bdc4-3e95-4cdd-ac79-53700e23f9b3,,85,,2026-09-14T01:05:42+07:00
e2cb8ec8-bfda-48f9-9988-36c8bfafd05e,ac66bdc4-3e95-4cdd-ac79-53700e23f9b3,7fd4dcb0-dc6b-4e20-86e0-79dc05bf63ce,93,,2026-09-29T13:51:43+07:00
de9cbd1e-8ff6-4435-ab7c-b3856a4b9967,ccc6638a-5b1d-4ab7-b37c-76896675df6f,7fd4dcb0-dc6b-4e20-86e0-79dc05bf63ce,89,,2026-09-25T07:07:07+07:00
22261f8b-48a2-4443-b306-afaaa91b5a25,ccc6638a-5b1d-4ab7-b37c-76896675df6f,,88,,2026-09-26T14:12:50+07:00
cd892fea-b489-4603-b0f2-66fcd5cd5931,9e6e0c89-c314-43f8-b630-25da3657be0e,49ee8f81-45d9-4cdc-83e5-abf8f1539d56,83,,2026-09-13T10:15:00+07:00
6ced5fae-2943-4a77-9a53-96369da18ac8,9e6e0c89-c314-43f8-b630-25da3657be0e,fcd40acc-4f8f-45c8-82df-e9d0f8206796,84,,2026-09-13T11:26:15+07:00
2c5997e5-92a6-4c9c-9316-9a09d70afb51,9e6e0c89-c314-43f8-b630-25da3657be0e,73832518-b9b2-4f5a-bff7-cd820a5da9c8,79,,2026-09-15T14:27:01+07:00
99655766-bfd4-45a4-9fff-a7ce62765c6d,3663f2d7-365b-4ff2-9ade-058c4ee05293,c337fe45-7f56-472a-8155-a61796ad3a76,87,,2026-09-14T07:38:22+07:00
6a13cbe3-3010-49f5-9ca5-a3c73e3ccf69,3663f2d7-365b-4ff2-9ade-058c4ee05293,461e2ef5-600f-436b-8b20-ff6b5e1c1561,87,,2026-09-16T17:03:29+07:00
08950862-1eec-44a5-8f2a-9384a501219d,3663f2d7-365b-4ff2-9ade-058c4ee05293,9d3a744a-0add-4abc-9dee-e537ac062393,95,,2026-09-19T13:11:24+07:00
3e0da800-d3df-4620-ada5-7ea32bc0c54b,8989a377-00fb-4397-9608-7c56d5879546,88be6602-74af-4f89-b7fa-596e620aa8e4,72,,2026-09-16T04:25:45+07:00
9a7f64e0-8415-4844-ae17-2784646f852c,8989a377-00fb-4397-9608-7c56d5879546,ba952af1-6fd5-49fe-ba55-bdc465f95ca2,80,,2026-09-22T16:15:36+07:00
59851444-c5ca-4f9f-a9c2-de368f6075aa,0c9257ba-f743-4f20-967f-fde97cf022c4,fcd40acc-4f8f-45c8-82df-e9d0f8206796,87,,2026-09-17T06:18:09+07:00
2d9dbf1a-a34f-4a95-b9a6-dadaf3c7060a,a550cafe-9897-4ac9-b05b-2808637e6405,10d05c09-bdb2-4253-8e44-856ad5336f34,86,,2026-09-15T18:14:43+07:00
0098891a-2237-4d96-b082-7ec8399d9b9c,a550cafe-9897-4ac9-b05b-2808637e6405,,95,,2026-09-20T03:30:37+07:00
b087dbfe-c6dc-495a-81ff-d9ee88436c10,a550cafe-9897-4ac9-b05b-2808637e6405,506eaccd-4997-418d-8a64-a67ed9a58eaa,99,,2026-09-20T15:23:05+07:00
456d66ad-6cec-4c40-887d-686505e03678,ce5d65cc-3ea1-4bd8-9db1-38ef214784dc,2c00434b-be5e-45ee-8122-ed4c038e59ae,84,,2026-09-15T07:34:38+07:00
ce2d8acb-82c9-4d69-9160-e46989effb9a,ce5d65cc-3ea1-4bd8-9db1-38ef214784dc,506eaccd-4997-418d-8a64-a67ed9a58eaa,82,,2026-09-18T22:01:14+07:00
ae576d9d-f370-40eb-bb77-ab79c9253044,ce5d65cc-3ea1-4bd8-9db1-38ef214784dc,6ac69667-8033-4d4c-8a2c-fb6006a2c00e,87,,2026-09-24T12:03:44+07:00
4f113340-fc19-49ef-9d2f-64177912e09c,755818ef-cf89-40fd-a38b-9e4c39adecef,46d4a03e-c262-49ec-8695-987a04d7dc4b,86,,2026-09-17T02:18:18+07:00
f9bf3486-f34c-401a-b0bd-c80dc9bb1c67,755818ef-cf89-40fd-a38b-9e4c39adecef,88be6602-74af-4f89-b7fa-596e620aa8e4,96,,2026-09-17T05:41:11+07:00
48381045-b0c8-467f-8296-9306dac0a0e3,755818ef-cf89-40fd-a38b-9e4c39adecef,1b18c38d-637d-4ecd-a2a1-77ed14d655bb,84,,2026-09-29T21:14:59+07:00
985d2031-5a68-43d6-8f4f-fb37b814e44e,b80d05ea-8c05-4842-bc29-c86bd82aa03f,d2c29091-0e3c-43d4-916f-76666e797354,82,,2026-09-14T02:50:06+07:00
6b07d544-c719-4d7f-aa9c-79d7133f459b,b80d05ea-8c05-4842-bc29-c86bd82aa03f,7fd4dcb0-dc6b-4e20-86e0-79dc05bf63ce,81,,2026-09-18T14:44:22+07:00
684b600a-db8e-4e3d-a62b-169ef0a7f02c,b3252f3f-4352-479d-82c0-be3bebe07f20,1b920a71-baaf-4adc-94e8-cd83874a8d54,79,,2026-09-13T00:42:55+07:00
bf2da4ca-4a7d-4cc0-be31-5799647e6b6e,b3252f3f-4352-479d-82c0-be3bebe07f20,9d3a744a-0add-4abc-9dee-e537ac062393,86,,2026-09-19T04:47:33+07:00
4c67d444-8a13-41d0-a6f8-0fb747a977db,676777c7-0a89-45ad-9db0-b58a680300f4,fcd40acc-4f8f-45c8-82df-e9d0f8206796,91,,2026-09-14T21:59:59+07:00
26705702-c8ca-4753-b1a1-9c365bae9781,676777c7-0a89-45ad-9db0-b58a680300f4,3d6b328b-442b-40b7-8f09-18653f0b20a1,91,,2026-09-14T23:32:15+07:00
17fe1140-9acf-47e0-9ce8-77a58ccd11d8,dd6f286c-ab27-46cc-91f9-25ca2cb5d162,,81,,2026-09-17T05:55:18+07:00
cb3e9bb4-ea12-4404-b370-3694f602a22f,9c3413b5-ec5b-42ed-bc80-bdf6c5db75cb,73832518-b9b2-4f5a-bff7-cd820a5da9c8,81,,2026-09-16T12:28:26+07:00
97ba3c27-0bee-4298-bfa0-e531d497f3fe,af7a546f-a4df-4950-80d8-eccba17da07f,ba952af1-6fd5-49fe-ba55-bdc465f95ca2,85,,2026-09-16T06:33:22+07:00
c82747ea-bf82-449a-b361-90bdbbe163af,af7a546f-a4df-4950-80d8-eccba17da07f,edb26a70-31be-4abe-8303-15f94d51175b,90,,2026-09-24T17:57:56+07:00
4a7f0c77-e2cd-4a1e-a2c0-170ae1da8ea2,d5b96c6b-0c21-48c0-951c-5fb9ebecc632,,90,,2026-09-16T12:33:30+07:00
261190d7-46d4-460f-9115-bd53f1d84bb1,5ab6be6a-bd48-4817-a22c-bd67b2e71352,88be6602-74af-4f89-b7fa-596e620aa8e4,84,,2026-09-16T05:05:44+07:00
e6509b53-a27c-4556-95b8-559ff24d7456,5ab6be6a-bd48-4817-a22c-bd67b2e71352,52dd34ca-96f4-4b5c-b960-b9886b7f2605,99,,2026-09-16T14:23:37+07:00
02027279-e70a-4466-a7a7-5dde4dba25a9,5ab6be6a-bd48-4817-a22c-bd67b2e71352,66637ead-7b55-4701-918c-347f1ff9573c,99,,2026-09-17T18:42:13+07:00
c517cb79-f84e-4ff1-8f01-b225e001b58c,d5609950-f3ed-4ef6-b6d0-21d39bd41f5d,61345fcc-db36-431c-b4cb-70b3963078a8,86,,2026-09-19T23:31:27+07:00
69926906-a192-4121-a81f-2702a7b6a21f,d5609950-f3ed-4ef6-b6d0-21d39bd41f5d,d2c29091-0e3c-43d4-916f-76666e797354,96,,2026-09-22T15:55:02+07:00
3675968b-14dd-4ff0-8a2d-cf869903fb58,860fbd5b-88db-4655-bca3-3ac567e31e8d,1c9b4737-176c-445e-859d-330a859b0f5e,73,,2026-09-16T03:49:22+07:00
81538fc5-63c9-4dd4-a544-0b9007cc6574,860fbd5b-88db-4655-bca3-3ac567e31e8d,,78,,2026-09-17T22:54:16+07:00
43224f28-c847-4d4d-b006-2744e2d2c179,fd77d1ea-6bb9-4948-9893-539eb1879586,7fd4dcb0-dc6b-4e20-86e0-79dc05bf63ce,88,,2026-09-14T04:35:02+07:00
766e6f05-86d7-4643-9bb6-9586a2309be7,fd77d1ea-6bb9-4948-9893-539eb1879586,,96,,2026-09-20T00:35:42+07:00
fe606333-f75e-4b7e-9bcc-ba1ac5f3ffda,203dacdc-2708-48f0-959f-3926b64fb118,,94,,2026-09-25T13:26:47+07:00
11b9aa31-907e-42dd-b71f-3eb38803a619,f9a93129-a950-4f18-a3a4-e916064e4100,1b920a71-baaf-4adc-94e8-cd83874a8d54,92,,2026-09-16T01:10:04+07:00
54728c30-fbfa-442a-8e64-e46fd0f6edd1,f9a93129-a950-4f18-a3a4-e916064e4100,385d7299-b7a7-4793-a42a-5185f3adf474,77,,2026-09-16T06:19:05+07:00
5957c569-2351-40ba-bf57-3c30d97f8a3b,f9a93129-a950-4f18-a3a4-e916064e4100,1c9b4737-176c-445e-859d-330a859b0f5e,89,,2026-09-19T18:32:52+07:00
a9d80768-26df-4149-b9f8-65ea08369c83,da40717a-600e-4edf-8edb-684e69defd86,ec2e17a2-948e-44b3-915f-caa14df50aa9,89,,2026-09-16T00:31:39+07:00
70a39e23-afb6-4ca9-9977-64cf88f33ca3,da40717a-600e-4edf-8edb-684e69defd86,52e73b62-4559-490f-bc2e-7ada5e1bb367,84,,2026-09-28T17:06:53+07:00
bce41a9c-1ff1-4f3c-8ccb-179d0ec59617,8c6a47cf-3d7b-4239-904f-5dcd728fc002,73832518-b9b2-4f5a-bff7-cd820a5da9c8,85,,2026-09-15T08:05:35+07:00
56bb0acf-7544-4945-bd18-65a53519bd2a,8c6a47cf-3d7b-4239-904f-5dcd728fc002,f07af7a6-e284-4594-bf88-9240894b8c96,98,,2026-09-26T05:27:35+07:00
af31c2e6-414c-424f-97f6-7aac81f7342d,6e765719-136b-4228-8240-9fa363c8a166,,93,,2026-09-16T08:47:34+07:00
bae2661b-a851-45e3-bbe0-57653e8dafc9,6e765719-136b-4228-8240-9fa363c8a166,4227322f-3efc-4249-9c82-bbd652717878,88,,2026-09-19T09:00:45+07:00
6c367e95-aeb4-4cc1-834d-10adab7716a4,a9790310-c4c5-4877-97e2-eeac1e897236,3d6b328b-442b-40b7-8f09-18653f0b20a1,82,,2026-09-16T16:59:57+07:00
90075fea-4edc-4fbe-99d2-132862486b4e,a9790310-c4c5-4877-97e2-eeac1e897236,9d3a744a-0add-4abc-9dee-e537ac062393,85,,2026-09-20T17:21:09+07:00
7031d7b4-b8f7-42e2-842b-bc49b86754ce,8f088391-9af5-4166-83b6-1355762a7666,,81,,2026-09-17T21:46:51+07:00
1e095326-0cb4-40ea-be1a-e54c75907e92,8f088391-9af5-4166-83b6-1355762a7666,385d7299-b7a7-4793-a42a-5185f3adf474,88,,2026-09-26T06:21:53+07:00
d6f52c77-d2fe-4a29-9dd6-2edeb75ba24b,b3c244ed-9732-4e0e-983d-24fde32f23f4,1c9b4737-176c-445e-859d-330a859b0f5e,93,,2026-09-15T21:04:29+07:00
d4a0373a-ccbd-4385-9cc5-a9c0a8649ca2,b3c244ed-9732-4e0e-983d-24fde32f23f4,2c00434b-be5e-45ee-8122-ed4c038e59ae,88,,2026-09-17T08:34:36+07:00
3aeb64c2-47c7-43a1-af30-0ffc464d3bac,2639dab5-20af-4b32-8065-9f36d56951cc,9d3a744a-0add-4abc-9dee-e537ac062393,89,,2026-09-20T03:58:04+07:00
94af9a22-8864-48eb-bf3e-97b44398509c,0d2d9925-5852-4460-a99a-d4d735142688,1b18c38d-637d-4ecd-a2a1-77ed14d655bb,88,,2026-09-15T00:09:38+07:00
2015ad98-29fb-4d47-a3c4-e36f3ec328c0,0d2d9925-5852-4460-a99a-d4d735142688,,84,,2026-09-17T13:22:14+07:00
7d477785-2072-417e-9240-2e0a352c5a3e,0d2d9925-5852-4460-a99a-d4d735142688,4227322f-3efc-4249-9c82-bbd652717878,76,,2026-09-21T11:51:55+07:00
60f9a615-eda7-4ffa-ab4f-ab2b2a290ca2,0d2d9925-5852-4460-a99a-d4d735142688,a12b0378-6739-4162-9eba-0b93ccfdfff0,87,,2026-09-21T23:43:29+07:00
c58da6a5-1ec7-4407-854a-3687591e48aa,7097ddad-d0d7-4252-8a76-6e16b839d896,49ee8f81-45d9-4cdc-83e5-abf8f1539d56,85,,2026-09-18T07:03:50+07:00
7ebd0c0f-fecc-4b14-ad06-4aac877cf253,7097ddad-d0d7-4252-8a76-6e16b839d896,73832518-b9b2-4f5a-bff7-cd820a5da9c8,89,,2026-09-22T08:51:58+07:00
759e6a12-012c-4848-87c4-1ac82ecb3fd8,4062c4f6-5739-48b1-a76b-c5d20461ae5d,fcd40acc-4f8f-45c8-82df-e9d0f8206796,91,,2026-09-18T21:57:19+07:00
3f9bc188-aead-4597-856f-6b32070eb495,4062c4f6-5739-48b1-a76b-c5d20461ae5d,61345fcc-db36-431c-b4cb-70b3963078a8,91,,2026-09-22T15:58:23+07:00
e5d55a7c-d6c5-4c58-bf29-f5bd48bd491e,fd1491ab-99ab-475d-a87b-6af2872887bb,c337fe45-7f56-472a-8155-a61796ad3a76,73,,2026-09-16T03:36:37+07:00
b66dfc82-12fd-4b2a-b38b-201509081707,fd1491ab-99ab-475d-a87b-6af2872887bb,46d4a03e-c262-49ec-8695-987a04d7dc4b,85,,2026-09-20T07:28:09+07:00
04e9991a-1cec-441b-a2dc-018a0ff873ad,5cd14464-2b23-40ac-9e17-313cadf645ca,,86,,2026-09-18T06:35:49+07:00
fc498b33-1a50-4c49-b7ca-cfdeadd165e6,5cd14464-2b23-40ac-9e17-313cadf645ca,10d05c09-bdb2-4253-8e44-856ad5336f34,91,,2026-09-26T06:07:05+07:00
5ec5d6cc-a989-4876-abc3-5d201f5932ab,a1b1c05a-67cc-4031-a730-2219b3f8abd1,73832518-b9b2-4f5a-bff7-cd820a5da9c8,89,,2026-09-16T19:07:08+07:00
c8c5bc46-049e-4282-a406-6b3518242471,7a740aee-4b96-4be8-a664-9d71ebd97ce0,1b920a71-baaf-4adc-94e8-cd83874a8d54,87,,2026-09-17T23:36:23+07:00
f774c66d-fdf3-40f8-854a-0712cff419c5,7a740aee-4b96-4be8-a664-9d71ebd97ce0,3d6b328b-442b-40b7-8f09-18653f0b20a1,87,,2026-09-28T00:30:01+07:00
b895ac29-d2f3-4fe7-a656-fc9fca63484f,d20038a5-a6e5-4c3c-b2b1-f329ac2325f1,1b18c38d-637d-4ecd-a2a1-77ed14d655bb,83,,2026-09-29T16:42:16+07:00
085b2a4e-3ccd-41da-969e-4e4ddb3b041c,d20038a5-a6e5-4c3c-b2b1-f329ac2325f1,61345fcc-db36-431c-b4cb-70b3963078a8,98,,2026-09-30T22:00:39+07:00
8997d39b-c424-42b8-8027-0b3787475ebc,e1567d97-351d-4a64-9289-93f2c9b1e4be,,99,,2026-09-16T17:09:34+07:00
168243ea-da87-4cca-b393-774e1c0c6110,e1567d97-351d-4a64-9289-93f2c9b1e4be,506eaccd-4997-418d-8a64-a67ed9a58eaa,84,,2026-09-16T19:44:40+07:00
8fa00e9d-c83b-40b3-9e04-911bd8f4554f,9ba4fc52-e16f-4a71-a03f-12656e7a8954,73832518-b9b2-4f5a-bff7-cd820a5da9c8,84,,2026-09-15T19:30:20+07:00
31bc5c82-65bb-468f-9e50-c986cb2adcdd,597db1f4-a4d0-4b37-9cff-92af2a4d584e,506eaccd-4997-418d-8a64-a67ed9a58eaa,84,,2026-09-16T00:49:21+07:00
0d97d8a0-ed41-4cb8-9189-73df402b21e1,597db1f4-a4d0-4b37-9cff-92af2a4d584e,506eaccd-4997-418d-8a64-a67ed9a58eaa,91,,2026-09-26T09:17:51+07:00
9f2c8804-635b-4b8a-a584-6c201fdadbab,23f3e4b4-7673-41c0-800c-0d5404632f93,66637ead-7b55-4701-918c-347f1ff9573c,88,,2026-09-25T02:27:43+07:00
993fce3a-5042-48cf-ac65-07257a0626a3,23f3e4b4-7673-41c0-800c-0d5404632f93,52dd34ca-96f4-4b5c-b960-b9886b7f2605,88,,2026-09-29T16:18:10+07:00
67cfa662-1127-46f0-9bbd-2d51c3f70487,6af96b51-36a7-46a0-a134-381b23ea6408,d2c29091-0e3c-43d4-916f-76666e797354,98,,2026-09-17T00:50:07+07:00
9c3f78d7-8838-4575-a617-18cca9d20121,6af96b51-36a7-46a0-a134-381b23ea6408,c337fe45-7f56-472a-8155-a61796ad3a76,91,,2026-09-17T06:21:51+07:00
9ae9933b-b72f-451d-a376-9019bd098f7d,ff5241b5-c81c-41cc-a857-509db4bfaf65,,93,,2026-09-17T23:19:24+07:00
fb7db77d-634a-4f36-a5d7-3b7a9b09390a,0aaae96a-77d9-4778-9aa2-e138f0dfb850,83d2e570-56ce-4981-937c-fd58fd390509,81,,2026-09-16T01:57:06+07:00
1ab50724-3bb8-4f03-a32a-9536f6d13056,0aaae96a-77d9-4778-9aa2-e138f0dfb850,,87,,2026-09-22T10:48:14+07:00
9cd58004-e33e-4473-ae97-4b4f0c4f2a4c,14dabcac-1679-4aa2-9f1b-1989d120c783,,83,,2026-09-17T07:30:34+07:00
dc3995ec-40cb-4cf0-a4b1-da8f7dd9b0fe,14dabcac-1679-4aa2-9f1b-1989d120c783,461e2ef5-600f-436b-8b20-ff6b5e1c1561,89,,2026-09-19T16:41:38+07:00
fe324d19-5493-4d29-b938-263b54de90bd,8daead99-0613-470a-af59-8d4b7b54675c,1b920a71-baaf-4adc-94e8-cd83874a8d54,86,,2026-09-16T09:56:33+07:00
bbda4271-664b-4dbc-b20f-faaebd9df385,8daead99-0613-470a-af59-8d4b7b54675c,73832518-b9b2-4f5a-bff7-cd820a5da9c8,84,,2026-09-16T13:48:57+07:00
dab2e60b-ef90-4416-b61b-ae6830816a8f,8daead99-0613-470a-af59-8d4b7b54675c,c337fe45-7f56-472a-8155-a61796ad3a76,97,,2026-09-26T19:28:12+07:00
8719176b-127d-4249-9085-91b9ed19eaf1,dcf5130e-89df-4d76-bfc3-8b7cd848aea2,,95,,2026-09-16T04:51:43+07:00
35e4f384-d4d8-4ff0-a3b6-fc55013d36e2,dcf5130e-89df-4d76-bfc3-8b7cd848aea2,52e73b62-4559-490f-bc2e-7ada5e1bb367,88,,2026-09-28T10:35:43+07:00
23053db2-0538-4760-97fd-abb192c96153,ef71ad0e-1474-445d-854d-fe619dc33891,,89,,2026-09-17T01:30:56+07:00
dfdf2891-d119-4b00-be18-601675308027,afa33352-f1b5-417e-9bc6-de4905ecee51,9d3a744a-0add-4abc-9dee-e537ac062393,93,,2026-09-19T12:29:43+07:00
4158486b-14a3-42cb-8c75-77be530a79ce,afa33352-f1b5-417e-9bc6-de4905ecee51,028dcdfd-b509-4967-81ff-593ef33bb7ae,99,,2026-09-25T19:00:06+07:00
5b855a89-2663-43bc-9d06-0cad23b6c1d5,1a9642a8-dd38-4f01-a880-86d187cc1db1,1427b036-c60b-4c81-a3c6-d573dda80136,97,,2026-09-18T20:37:05+07:00
5e79bd1f-36e1-47b1-a554-77f980634d9a,5f1326ae-fb41-42b4-8a50-a076d5d896bc,1427b036-c60b-4c81-a3c6-d573dda80136,83,,2026-09-26T03:15:56+07:00
9eb296db-4ec5-4d4f-8ca5-ffcaf4be6ffb,5f1326ae-fb41-42b4-8a50-a076d5d896bc,52e73b62-4559-490f-bc2e-7ada5e1bb367,86,,2026-09-28T23:34:31+07:00
e49f93d3-3fcd-473d-95e3-52398d63a12f,966ed54a-eef6-4a5d-94cb-01468a610245,a12b0378-6739-4162-9eba-0b93ccfdfff0,76,,2026-09-19T03:08:55+07:00
c6ecded5-5c65-48c9-8510-73ad2c78da88,25072b55-e87f-4b8f-a09a-3b2c3a5b3608,46d4a03e-c262-49ec-8695-987a04d7dc4b,99,,2026-09-20T23:21:52+07:00
1476d581-d512-4f23-bfe5-efb0eafb1289,25072b55-e87f-4b8f-a09a-3b2c3a5b3608,edb26a70-31be-4abe-8303-15f94d51175b,94,,2026-09-30T12:11:32+07:00
7f807eb0-a3fe-47f4-9f74-e989f4f9d8f6,481a42b0-81a0-45d4-842e-59f76fd1133e,9d3a744a-0add-4abc-9dee-e537ac062393,87,,2026-09-19T09:17:15+07:00
3624de35-4819-441e-850e-3cfd1a0adfd4,481a42b0-81a0-45d4-842e-59f76fd1133e,b405bb76-c190-4857-97dd-8ee547b0c179,78,,2026-09-30T06:39:09+07:00
5c81a2e3-7f5a-419a-a693-cfad6f388c22,ef2c5e9f-257a-49fe-8185-c7873299023a,d2c29091-0e3c-43d4-916f-76666e797354,84,,2026-09-25T23:51:35+07:00
e2a3b165-98d8-4e5d-88e9-3f5193ff19fa,ce83af72-7c26-45e3-aef2-2e1150437e43,3d6b328b-442b-40b7-8f09-18653f0b20a1,76,,2026-09-18T11:30:41+07:00
7b8b58f9-ef5b-4d34-a66f-49318296ab0a,ce83af72-7c26-45e3-aef2-2e1150437e43,3d6b328b-442b-40b7-8f09-18653f0b20a1,94,,2026-09-19T13:25:24+07:00
73a7dc9c-eddf-4786-bc5f-45a2099b0a05,398d5655-768c-40c2-a66d-9d6bce37ec0e,49ee8f81-45d9-4cdc-83e5-abf8f1539d56,78,,2026-09-21T07:31:02+07:00
217cc909-9b09-48e5-b3e7-0e27516dcde9,398d5655-768c-40c2-a66d-9d6bce37ec0e,73832518-b9b2-4f5a-bff7-cd820a5da9c8,85,,2026-09-22T00:18:23+07:00
b058ddfd-f351-4da6-a5a8-c215e4d4f4e0,22ba6937-ea7d-4c19-8d12-1d2f363dc789,f1eb7eeb-a8ef-4cb0-a886-09d74d3af598,91,,2026-09-20T21:35:09+07:00
45d30cf6-1967-43fc-9b75-3ae41e61ce6d,22ba6937-ea7d-4c19-8d12-1d2f363dc789,a12b0378-6739-4162-9eba-0b93ccfdfff0,83,,2026-09-24T10:38:40+07:00
5ed7c9de-0159-4cd0-8c78-e31734aff440,18bff885-6fb1-43e6-bcbc-23d122683fc2,461e2ef5-600f-436b-8b20-ff6b5e1c1561,81,,2026-09-20T00:32:38+07:00
0291944f-1fba-4e57-b5c2-d64573078398,18bff885-6fb1-43e6-bcbc-23d122683fc2,f1eb7eeb-a8ef-4cb0-a886-09d74d3af598,86,,2026-09-26T18:38:13+07:00
7b8f34c4-b7ce-46c8-aaf3-6f1ef5e9e467,09bd1086-b97f-4414-84c6-c092811a0354,52dd34ca-96f4-4b5c-b960-b9886b7f2605,79,,2026-09-18T22:12:57+07:00
f3f4efc3-c99e-464b-9f62-639738b5458b,09bd1086-b97f-4414-84c6-c092811a0354,,86,,2026-09-20T19:25:52+07:00
d84cf775-1260-4b03-b074-bebd203ba789,d5663c4b-e114-470c-bd04-b6c9c411b8e1,1b18c38d-637d-4ecd-a2a1-77ed14d655bb,96,,2026-09-17T18:30:06+07:00
bf3db218-2ce3-427f-bc1d-e3d9d507b0c1,d5663c4b-e114-470c-bd04-b6c9c411b8e1,,84,,2026-09-18T23:26:00+07:00
e975fb92-7cef-464d-8ffc-d946c792ac3e,d5663c4b-e114-470c-bd04-b6c9c411b8e1,edb26a70-31be-4abe-8303-15f94d51175b,91,,2026-09-19T17:02:17+07:00
faab0503-2ba3-443c-b5ba-ad8a635da123,d5663c4b-e114-470c-bd04-b6c9c411b8e1,,85,,2026-09-27T12:04:35+07:00
1db7f1a9-8f0a-45ab-a644-ba4614e9d87e,d6902665-05fe-466b-bab7-3a68e2e9258a,,94,,2026-09-19T03:02:06+07:00
df6338da-5c09-4e94-b22b-34a6f29130b4,d6902665-05fe-466b-bab7-3a68e2e9258a,ba952af1-6fd5-49fe-ba55-bdc465f95ca2,84,,2026-09-19T05:38:28+07:00
bac8dae1-f3fb-4d0b-9d54-c77e02c5a635,9c9ea5e5-6514-4479-8bd9-424806f0df39,1427b036-c60b-4c81-a3c6-d573dda80136,90,,2026-09-22T22:38:32+07:00
6a5a2b7c-125a-496e-baf3-9d9f009cf097,9c9ea5e5-6514-4479-8bd9-424806f0df39,c337fe45-7f56-472a-8155-a61796ad3a76,79,,2026-09-22T22:54:17+07:00
aafe37fc-12d6-4f05-8200-0d493eea568b,cae1d852-ffd5-4775-b4da-546b138786e1,d2c29091-0e3c-43d4-916f-76666e797354,93,,2026-09-18T05:30:35+07:00
153ecec5-f4ca-47a0-ab9e-65188ff7ff65,cae1d852-ffd5-4775-b4da-546b138786e1,385d7299-b7a7-4793-a42a-5185f3adf474,83,,2026-09-25T04:47:25+07:00
c58d76ad-3cc1-4e03-97c3-2a98a52b35e9,cae1d852-ffd5-4775-b4da-546b138786e1,52e73b62-4559-490f-bc2e-7ada5e1bb367,89,,2026-09-29T19:32:26+07:00
a8c43271-42c4-47e3-bc37-e51777cc8767,b72f0525-d529-4d97-bf1e-50d4d0cbf16e,,90,,2026-09-22T03:40:12+07:00
34d6dcc9-406d-43ca-bacc-3bf29e840df0,066458a0-05b6-486c-9b16-9627fa23378d,49ee8f81-45d9-4cdc-83e5-abf8f1539d56,77,,2026-09-19T23:13:31+07:00
eedc805a-f064-47f0-957d-aa34087b5118,066458a0-05b6-486c-9b16-9627fa23378d,73832518-b9b2-4f5a-bff7-cd820a5da9c8,92,,2026-09-23T15:23:19+07:00
04c1769b-64f8-4811-a2b9-d64959248fd8,066458a0-05b6-486c-9b16-9627fa23378d,83d2e570-56ce-4981-937c-fd58fd390509,84,,2026-09-26T14:15:34+07:00
b94a0c49-4e8e-42ca-b7ca-f599b756ef21,086ea3de-b134-444d-b5d0-8e1e79be2ea9,506eaccd-4997-418d-8a64-a67ed9a58eaa,90,,2026-09-22T03:16:36+07:00
ef56b0fb-2681-4fb0-b7e7-3fc6268c1438,086ea3de-b134-444d-b5d0-8e1e79be2ea9,1427b036-c60b-4c81-a3c6-d573dda80136,90,,2026-09-23T00:37:33+07:00
5a8efbb8-29a5-4fa0-aeb3-6bedd5d19819,53fe220e-65a1-4033-a934-f06b1955fa74,edb26a70-31be-4abe-8303-15f94d51175b,95,,2026-09-23T04:43:16+07:00
2453355b-95e8-4bac-a620-b5210f46f14a,53fe220e-65a1-4033-a934-f06b1955fa74,1b920a71-baaf-4adc-94e8-cd83874a8d54,92,,2026-09-29T06:32:35+07:00
5cf45a0f-fb20-47cd-9923-8410fa4fc870,87aa73cf-f847-4bd7-9c5d-05135e0a712b,46d4a03e-c262-49ec-8695-987a04d7dc4b,91,,2026-09-19T12:47:32+07:00
56018295-df30-4414-8860-fef473a4848c,87aa73cf-f847-4bd7-9c5d-05135e0a712b,fcd40acc-4f8f-45c8-82df-e9d0f8206796,83,,2026-09-27T20:53:48+07:00
cd898a20-e0b8-4a9e-b251-c581d0d38a44,762d4068-f1ae-4400-b440-a4d42d5dcf43,46d4a03e-c262-49ec-8695-987a04d7dc4b,87,,2026-09-20T19:08:12+07:00
a8d42bcb-72aa-4b15-9a21-b2f18d5cd0ff,762d4068-f1ae-4400-b440-a4d42d5dcf43,1427b036-c60b-4c81-a3c6-d573dda80136,87,,2026-09-24T22:07:24+07:00
1d3666d3-2433-4f08-b5cc-51d2e4959d7e,df1f8a05-b54c-4e4a-9eb7-9a213f5cc3e6,4227322f-3efc-4249-9c82-bbd652717878,90,,2026-09-19T05:51:22+07:00
24b5cf3e-56a9-4819-9bb5-f81951173cba,1d4b59d5-4d19-454a-a179-a25571adbbbf,88be6602-74af-4f89-b7fa-596e620aa8e4,87,,2026-09-23T00:20:04+07:00
a7741f64-a149-4ea0-9a09-4d676a1f9d7b,70b57f10-a8cf-4271-9bea-7a18ddb6f44d,1b18c38d-637d-4ecd-a2a1-77ed14d655bb,98,,2026-09-21T08:12:35+07:00
ed2cd88d-4e93-4e96-a51c-760e22f2967e,70b57f10-a8cf-4271-9bea-7a18ddb6f44d,fcd40acc-4f8f-45c8-82df-e9d0f8206796,78,,2026-09-26T06:45:12+07:00
0380c013-8bfd-41c0-ab89-dcc113518bb4,c7a87826-7b8e-4213-bb03-1868fa15f88e,a12b0378-6739-4162-9eba-0b93ccfdfff0,90,,2026-09-22T23:50:32+07:00
d0801ba0-3b3f-448d-b7db-38b649c444ab,08084168-2c2d-436d-85c6-1e8a380520e8,1c9b4737-176c-445e-859d-330a859b0f5e,99,,2026-09-23T04:24:15+07:00
169530b6-ed06-414d-90c5-9b925d6e42e7,08084168-2c2d-436d-85c6-1e8a380520e8,9d3a744a-0add-4abc-9dee-e537ac062393,84,,2026-09-26T02:02:46+07:00
9a57c296-030a-4667-9f59-09460d8608c7,47a70fea-bfd7-4be8-9359-a4488a26f557,2c00434b-be5e-45ee-8122-ed4c038e59ae,79,,2026-09-22T05:07:28+07:00
44e14797-ee6c-4a37-8ca8-e1889c85e963,47a70fea-bfd7-4be8-9359-a4488a26f557,73832518-b9b2-4f5a-bff7-cd820a5da9c8,79,,2026-09-22T05:24:19+07:00
8870e384-b1a8-45c1-b560-435a59d6ed48,678f0a03-8dab-4b1a-beea-7b9848d66719,46d4a03e-c262-49ec-8695-987a04d7dc4b,90,,2026-09-22T11:24:36+07:00
96c78ab6-ec2e-428a-a727-e7c9fa567e7e,678f0a03-8dab-4b1a-beea-7b9848d66719,,99,,2026-09-24T12:24:10+07:00
e6ac3bb2-c893-49c8-b3fe-e3a7e8ac6dbb,9cfbac55-8f7c-460d-966b-dc51a74c8a1a,88be6602-74af-4f89-b7fa-596e620aa8e4,85,,2026-09-22T20:36:33+07:00
50e16944-7da5-461b-83c9-6247a0c5cdcc,f0a2cbff-02bc-4d28-ba98-d4368e32beb0,2c00434b-be5e-45ee-8122-ed4c038e59ae,87,,2026-09-20T11:55:50+07:00
0aa72df8-76d1-47c2-941f-94016c87dda5,f0a2cbff-02bc-4d28-ba98-d4368e32beb0,,91,,2026-09-21T04:01:36+07:00
b12f031d-ebdc-4ac6-b100-2a115529cc80,d1be7959-abc2-4dbe-a098-7fd97ebd79bb,2c00434b-be5e-45ee-8122-ed4c038e59ae,99,,2026-09-20T04:29:11+07:00
3d97432c-ce07-4d14-ae5c-70294da8a4ee,d1be7959-abc2-4dbe-a098-7fd97ebd79bb,3d6b328b-442b-40b7-8f09-18653f0b20a1,80,,2026-09-24T14:12:23+07:00
37496f28-c914-4151-a337-d075cae7ec3a,d1be7959-abc2-4dbe-a098-7fd97ebd79bb,ec2e17a2-948e-44b3-915f-caa14df50aa9,99,,2026-09-27T14:13:32+07:00
9d0cbe01-4b5e-4daf-8ccc-738aa6d8e77b,00d26840-7d2f-4ddf-bf14-a308b0e4c69e,73832518-b9b2-4f5a-bff7-cd820a5da9c8,84,,2026-09-20T06:35:14+07:00
da027a8c-3cb4-406f-b8e7-26078fb37aaa,021ea3a6-0807-4d00-9ca9-cbadb20e6866,4227322f-3efc-4249-9c82-bbd652717878,84,,2026-09-24T20:56:40+07:00
76af6bd2-cf12-4592-9879-6dd0b95e81bf,021ea3a6-0807-4d00-9ca9-cbadb20e6866,ec2e17a2-948e-44b3-915f-caa14df50aa9,85,,2026-09-25T09:44:05+07:00
7983dff4-fb00-4750-bbeb-1e9d0835c82d,07ae2e4d-0e11-468f-84cb-3290ca7784c4,49ee8f81-45d9-4cdc-83e5-abf8f1539d56,93,,2026-09-24T06:53:47+07:00
250b5eb0-afe6-47ea-b2cc-c30f2b37b889,fa936ea8-4e6d-43f1-b91d-5cb9df608ca1,a12b0378-6739-4162-9eba-0b93ccfdfff0,88,,2026-09-22T12:47:27+07:00
8b5f69c8-8df9-4797-805c-1f9e62e26bc8,1582e3e0-b233-4367-a165-67291a0ee792,2c00434b-be5e-45ee-8122-ed4c038e59ae,86,,2026-09-22T08:16:20+07:00
80774d5e-e621-4597-b149-c3621e54c8bd,1582e3e0-b233-4367-a165-67291a0ee792,028dcdfd-b509-4967-81ff-593ef33bb7ae,88,,2026-09-28T01:27:11+07:00
56877b98-12a6-4cb4-b996-3f321b4d29de,a15a8703-6f69-4161-8e65-589e69e44f29,2c00434b-be5e-45ee-8122-ed4c038e59ae,88,,2026-09-23T01:06:28+07:00
de932284-00d5-4c5a-a492-1642efc594be,a15a8703-6f69-4161-8e65-589e69e44f29,fcd40acc-4f8f-45c8-82df-e9d0f8206796,88,,2026-09-24T01:31:44+07:00
0d871afd-279f-46e0-8087-42a34bc27757,c1783e88-432c-4766-bfcc-7c2a233ee4a8,52dd34ca-96f4-4b5c-b960-b9886b7f2605,88,,2026-09-22T09:22:55+07:00
0c5f8475-9684-4060-ac24-7809a687438b,c1783e88-432c-4766-bfcc-7c2a233ee4a8,b405bb76-c190-4857-97dd-8ee547b0c179,88,,2026-09-30T23:49:45+07:00
2f3c0ce9-e7e7-447a-b11c-ae520cb55713,d39241e0-98e1-4bbe-8bba-e47c07cc8ede,66637ead-7b55-4701-918c-347f1ff9573c,90,,2026-09-21T23:58:12+07:00
8f5e6c6e-8c6e-4a81-9d05-999265965641,d39241e0-98e1-4bbe-8bba-e47c07cc8ede,ba952af1-6fd5-49fe-ba55-bdc465f95ca2,86,,2026-09-22T04:35:26+07:00
23628ce7-2edb-430b-8387-c5fd69d924f3,69f90d50-6e4a-4961-9d7b-a9a30ceb319c,f07af7a6-e284-4594-bf88-9240894b8c96,83,,2026-09-21T09:08:17+07:00
96308b0a-ce41-4b51-bf01-25dbffdc76db,69f90d50-6e4a-4961-9d7b-a9a30ceb319c,d2c29091-0e3c-43d4-916f-76666e797354,84,,2026-09-23T11:50:04+07:00
3cd3fb0d-b70c-4205-98a9-b396397514bb,096a6671-84d1-4c70-8b1d-208c17904df4,46d4a03e-c262-49ec-8695-987a04d7dc4b,94,,2026-09-22T08:17:03+07:00
c26682e9-35ff-48fd-bca8-23a5f13aeb41,096a6671-84d1-4c70-8b1d-208c17904df4,ec2e17a2-948e-44b3-915f-caa14df50aa9,89,,2026-09-28T15:44:58+07:00
5e379db2-1d6a-4186-8613-ae0af5176f47,1edcb9f4-cc43-486c-a2ba-cba59566b67d,a12b0378-6739-4162-9eba-0b93ccfdfff0,97,,2026-09-22T16:15:32+07:00
8620720b-18b0-4ef7-8cda-dafa9d4af2c7,1edcb9f4-cc43-486c-a2ba-cba59566b67d,83d2e570-56ce-4981-937c-fd58fd390509,90,,2026-09-24T22:39:38+07:00
5291b21d-f612-432b-96de-1e78392ac2a1,baca73e7-e14b-40f7-80c6-962ba82d767c,1c9b4737-176c-445e-859d-330a859b0f5e,84,,2026-09-24T22:09:16+07:00
b8e08149-15b0-40ed-a1e8-4179705aac24,baca73e7-e14b-40f7-80c6-962ba82d767c,a12b0378-6739-4162-9eba-0b93ccfdfff0,90,,2026-09-24T23:04:15+07:00
5e63f99c-1665-4ccf-a996-1d727e5041b5,6800ea72-6db3-4446-8b35-a1dc5ccc82b8,ba952af1-6fd5-49fe-ba55-bdc465f95ca2,95,,2026-09-22T18:28:16+07:00
05cafde4-fe81-453d-b6e5-457e355d0f3d,6800ea72-6db3-4446-8b35-a1dc5ccc82b8,ba952af1-6fd5-49fe-ba55-bdc465f95ca2,85,,2026-09-24T07:51:26+07:00
526cccd8-73e1-4dde-8789-6ea7622fd225,5ea88e5c-41da-41c7-88a2-3f14398fe723,46d4a03e-c262-49ec-8695-987a04d7dc4b,85,,2026-09-21T19:37:38+07:00
c2f38f16-3eac-4471-9bc1-1fef0cf483c9,76b5d43b-95dc-44a3-aa94-838400df657e,028dcdfd-b509-4967-81ff-593ef33bb7ae,92,,2026-09-22T03:11:22+07:00
72264a7d-102a-46cd-a46f-dd3b2c2ba971,76b5d43b-95dc-44a3-aa94-838400df657e,6ac69667-8033-4d4c-8a2c-fb6006a2c00e,89,,2026-09-22T03:25:07+07:00
d96279f9-b909-4365-875c-0b59031dd12a,76b5d43b-95dc-44a3-aa94-838400df657e,a12b0378-6739-4162-9eba-0b93ccfdfff0,89,,2026-09-22T04:43:18+07:00
abd3f96d-a20e-426a-bfe1-eb1de4ba2d44,74789b29-5083-44e1-8a8b-4e765cc43cc9,73832518-b9b2-4f5a-bff7-cd820a5da9c8,77,,2026-09-23T05:12:20+07:00
86aa9b72-de3f-42c5-bf1c-bf2a277a45bb,74789b29-5083-44e1-8a8b-4e765cc43cc9,,95,,2026-09-25T07:01:43+07:00
1c37f2e5-3223-4fb4-9f75-79f96e95f3a3,1b6538fc-a12d-4873-b438-ceeb91797ee9,52e73b62-4559-490f-bc2e-7ada5e1bb367,83,,2026-09-22T12:15:18+07:00
0dd1f266-40cf-4214-8682-af8ee2683033,1b6538fc-a12d-4873-b438-ceeb91797ee9,66637ead-7b55-4701-918c-347f1ff9573c,79,,2026-09-25T18:36:06+07:00
ad9e7b41-fbed-4ee2-a12d-524f3ae05e8d,1b6538fc-a12d-4873-b438-ceeb91797ee9,1b18c38d-637d-4ecd-a2a1-77ed14d655bb,76,,2026-09-26T18:25:41+07:00
d5983a4c-b67c-499b-a8cb-892f4c2e42db,b688bbeb-5f81-45e8-b148-f657a8da258d,d2c29091-0e3c-43d4-916f-76666e797354,79,,2026-09-22T20:45:49+07:00
80faa216-3d77-44d3-a4b5-e32b30ef4581,b688bbeb-5f81-45e8-b148-f657a8da258d,3d6b328b-442b-40b7-8f09-18653f0b20a1,93,,2026-09-24T02:54:11+07:00
351a777a-1b07-4874-924b-52085c1ccaa0,710d5096-5688-483d-a486-3a2d847db0e6,461e2ef5-600f-436b-8b20-ff6b5e1c1561,96,,2026-09-22T05:15:00+07:00
8e42bd6e-e359-44ed-b150-64a16ddb4790,db871701-03d5-4912-8b07-10c9b4bd4b02,ec2e17a2-948e-44b3-915f-caa14df50aa9,89,,2026-09-25T19:46:17+07:00
d417f561-b991-4601-b963-57d511b0e31e,db871701-03d5-4912-8b07-10c9b4bd4b02,88be6602-74af-4f89-b7fa-596e620aa8e4,99,,2026-09-25T22:36:15+07:00
c278f66f-3002-4c91-b5a2-38ce3468c42c,eb35bc5f-553f-470e-9eb1-fc7263862c21,52e73b62-4559-490f-bc2e-7ada5e1bb367,90,,2026-09-28T21:31:14+07:00
5c6c86cd-4b63-4236-a3d2-e8b95cd6a96a,eb35bc5f-553f-470e-9eb1-fc7263862c21,fcd40acc-4f8f-45c8-82df-e9d0f8206796,84,,2026-09-29T07:03:35+07:00
06a162c0-5ad8-4a56-a4ad-afb25c16f8d7,ba4c6925-b741-4e73-bcd7-de263aa94cbd,f07af7a6-e284-4594-bf88-9240894b8c96,91,,2026-09-30T01:12:05+07:00
b5676bee-82ad-42db-96ca-8e5acfb837f9,d0e65dfd-99b0-4669-81f9-670ad82223ca,f1eb7eeb-a8ef-4cb0-a886-09d74d3af598,87,,2026-09-23T20:09:23+07:00
e078f20c-17f0-4d7a-af5c-5a474d40fa6a,d0e65dfd-99b0-4669-81f9-670ad82223ca,73832518-b9b2-4f5a-bff7-cd820a5da9c8,95,,2026-09-25T08:12:27+07:00
c175fe79-6b69-4a01-85c7-88ffb037bbb1,d0e65dfd-99b0-4669-81f9-670ad82223ca,028dcdfd-b509-4967-81ff-593ef33bb7ae,79,,2026-09-29T12:01:15+07:00
749dae61-a1c3-4013-8508-07bd2d4ebc46,d0e65dfd-99b0-4669-81f9-670ad82223ca,ba952af1-6fd5-49fe-ba55-bdc465f95ca2,93,,2026-09-30T19:12:14+07:00
ec701695-5137-4243-a54c-32df7019db64,e241bf90-c0fa-49af-81c1-4394882d5d30,6ac69667-8033-4d4c-8a2c-fb6006a2c00e,79,,2026-09-24T02:25:06+07:00
f35051d3-f8c4-4ab3-9b76-2c8f91daadd3,d755b1e6-0f98-4156-ba8f-1634b0bd221a,1c9b4737-176c-445e-859d-330a859b0f5e,86,,2026-09-23T18:36:02+07:00
e2371c87-bf9c-427e-829a-3f1909c4dd52,d755b1e6-0f98-4156-ba8f-1634b0bd221a,83d2e570-56ce-4981-937c-fd58fd390509,84,,2026-09-23T23:12:29+07:00
5fd9d368-bed6-4b8c-b3ad-d8206ac5b5e2,46eac836-949c-41f9-aa0e-cd9fcbc7c716,f07af7a6-e284-4594-bf88-9240894b8c96,77,,2026-09-23T06:49:12+07:00
55048567-295d-470f-9c5d-ee79648c763d,46eac836-949c-41f9-aa0e-cd9fcbc7c716,506eaccd-4997-418d-8a64-a67ed9a58eaa,84,,2026-09-24T15:51:47+07:00
17e846af-ab58-4b22-ba35-5331ec3b8a1a,21888c70-e448-4579-a211-cdd230cb47ad,a12b0378-6739-4162-9eba-0b93ccfdfff0,86,,2026-09-25T01:58:40+07:00
b8763e69-a049-420d-adc4-f25caf8e36d1,21888c70-e448-4579-a211-cdd230cb47ad,3d6b328b-442b-40b7-8f09-18653f0b20a1,84,,2026-09-28T02:26:30+07:00
900a78ab-38ff-4683-a05f-18a093ebaaf1,6de178b0-0135-4ae4-9dea-3d88bdfd928c,49ee8f81-45d9-4cdc-83e5-abf8f1539d56,84,,2026-09-26T19:56:41+07:00
2bbb520d-990b-49a0-96eb-d1d86a3663dc,e7e0c022-1276-4533-89fe-6869163b0c42,385d7299-b7a7-4793-a42a-5185f3adf474,92,,2026-09-25T10:30:10+07:00
4adde57e-b4be-4c92-9a23-4fff89ec2d96,61243500-54fe-4e3f-95e9-368430010818,4227322f-3efc-4249-9c82-bbd652717878,84,,2026-09-24T10:01:46+07:00
ddecd08b-e05b-49bd-a159-534c49ae4b3d,61243500-54fe-4e3f-95e9-368430010818,61345fcc-db36-431c-b4cb-70b3963078a8,90,,2026-09-25T01:38:10+07:00
391ee22e-6ef2-4f5c-842c-6d011f58b37d,9d7301f0-cb46-4d7b-ae6a-72c377672c17,1c9b4737-176c-445e-859d-330a859b0f5e,84,,2026-09-23T20:35:08+07:00
dcae7635-f2c8-44e4-b2b5-2ec3ca6fd5b6,9d7301f0-cb46-4d7b-ae6a-72c377672c17,66637ead-7b55-4701-918c-347f1ff9573c,92,,2026-09-24T07:18:05+07:00
0230505c-059c-474d-b057-bea1a000f81c,9d7301f0-cb46-4d7b-ae6a-72c377672c17,c337fe45-7f56-472a-8155-a61796ad3a76,99,,2026-09-30T04:52:19+07:00
5e34b84b-2e0d-48b9-96d2-93db84ed0e59,47d254bf-3566-4e29-8f9d-2cb645bf47e2,1b920a71-baaf-4adc-94e8-cd83874a8d54,79,,2026-09-23T19:04:41+07:00
3fbaef71-3000-4e87-a3a7-c37c137fd444,47d254bf-3566-4e29-8f9d-2cb645bf47e2,c337fe45-7f56-472a-8155-a61796ad3a76,86,,2026-09-29T05:54:28+07:00
7880b3ef-d56f-474d-a428-0ecdb990179d,8ffca0ac-be70-437f-84da-ed7aaaec1d82,506eaccd-4997-418d-8a64-a67ed9a58eaa,96,,2026-09-23T20:49:54+07:00
30930578-c639-4f08-b573-5f066d8c7f3e,8ffca0ac-be70-437f-84da-ed7aaaec1d82,506eaccd-4997-418d-8a64-a67ed9a58eaa,95,,2026-09-28T22:55:58+07:00
703d9141-ddb6-4581-9bf3-7c94f41859e0,03bd750b-45f0-4167-8456-32f9298899fb,2c00434b-be5e-45ee-8122-ed4c038e59ae,91,,2026-09-24T12:09:26+07:00
16b84df0-f30f-404a-85c5-2d5308cbe8fe,03bd750b-45f0-4167-8456-32f9298899fb,1b18c38d-637d-4ecd-a2a1-77ed14d655bb,89,,2026-09-29T14:08:53+07:00
19ac3487-f239-472e-9691-391582c2d70c,2369e170-9e22-4759-b04f-999f2aad481c,73832518-b9b2-4f5a-bff7-cd820a5da9c8,94,,2026-09-24T17:52:44+07:00
2760dcf3-f7c6-4298-ac50-a799653c8dc2,2369e170-9e22-4759-b04f-999f2aad481c,1b18c38d-637d-4ecd-a2a1-77ed14d655bb,76,,2026-09-25T03:37:14+07:00
78aa7fda-474d-457b-8100-1a0a4e425885,2369e170-9e22-4759-b04f-999f2aad481c,,92,,2026-09-25T15:44:41+07:00
e83f20df-f207-45b8-b187-4ab2263a27a1,50fdab0b-47f3-4ebf-a798-7c81f52f46ce,,83,,2026-09-26T06:52:18+07:00
2da7f723-5f76-4969-b9e4-ea9541dc6cac,50fdab0b-47f3-4ebf-a798-7c81f52f46ce,b405bb76-c190-4857-97dd-8ee547b0c179,78,,2026-09-27T20:48:37+07:00
11629b6f-7541-429a-93e9-96284a5a2657,b326f385-67b0-44c6-8a69-f17e014b1dc2,,92,,2026-09-25T00:18:20+07:00
9f3fc814-bebd-4a28-b617-24fcc496045c,b326f385-67b0-44c6-8a69-f17e014b1dc2,385d7299-b7a7-4793-a42a-5185f3adf474,87,,2026-09-28T00:42:57+07:00
f5c4c6a0-9895-446f-80c9-d5d42b25598d,b32f6fec-9ed2-4139-a736-513f02d73ef6,ec2e17a2-948e-44b3-915f-caa14df50aa9,99,,2026-09-25T05:31:26+07:00
8422bbe1-3493-4227-9f26-4bffc716fe63,b32f6fec-9ed2-4139-a736-513f02d73ef6,c337fe45-7f56-472a-8155-a61796ad3a76,90,,2026-09-30T21:49:24+07:00
d9a94b2c-2341-4dea-b603-8e58fd3738f3,0fda75e8-fc97-4ef8-80db-10d48b989a5a,ba952af1-6fd5-49fe-ba55-bdc465f95ca2,88,,2026-09-28T22:31:51+07:00
b3c3bff5-5db0-4c41-b8cc-b5887085f371,0fda75e8-fc97-4ef8-80db-10d48b989a5a,2c00434b-be5e-45ee-8122-ed4c038e59ae,98,,2026-09-29T03:15:14+07:00
cfcc6e5c-624e-4954-9818-75f0a8176def,39b41df4-caea-4fa0-8eca-b5a0c9e79091,,93,,2026-09-25T20:24:29+07:00
4bacdb22-5b8c-431f-81b3-1729f3a4feed,f0ec4212-9d93-4b2d-a7d8-260651f0a448,f07af7a6-e284-4594-bf88-9240894b8c96,93,,2026-09-25T06:26:47+07:00
ac879d0b-c287-49f8-ab54-e0bc14401f6a,f0ec4212-9d93-4b2d-a7d8-260651f0a448,61345fcc-db36-431c-b4cb-70b3963078a8,89,,2026-09-30T21:09:09+07:00
c05677fd-faff-4fe6-a597-98004ba79e49,8b2008c9-7acf-48b3-a75d-f25545e12a41,ba952af1-6fd5-49fe-ba55-bdc465f95ca2,84,,2026-09-25T19:44:08+07:00
de2012bc-5371-4e16-987a-cbd295f65fc3,8b2008c9-7acf-48b3-a75d-f25545e12a41,f1eb7eeb-a8ef-4cb0-a886-09d74d3af598,94,,2026-09-29T21:13:48+07:00
8ce90a4f-723c-43d4-bca8-72d003d94e23,612141c9-a0ea-4a4a-8727-26ecb5d9b403,ec2e17a2-948e-44b3-915f-caa14df50aa9,83,,2026-09-30T10:50:33+07:00
b5e64390-4604-4436-be27-0c7d1a6ff071,79e17854-808d-475d-942f-af739a6b2935,ba952af1-6fd5-49fe-ba55-bdc465f95ca2,90,,2026-09-26T23:40:16+07:00
7b62dd03-c991-49b8-bd1d-5c1e7babe423,79e17854-808d-475d-942f-af739a6b2935,1427b036-c60b-4c81-a3c6-d573dda80136,82,,2026-09-29T17:50:23+07:00
c6237308-cb67-4bb9-9555-9d2214486595,785c25cf-082b-4751-bb0e-72fcb75892c8,,86,,2026-09-30T20:55:59+07:00
e1576839-3cd7-47e9-a4b7-eb71caa7c6db,785c25cf-082b-4751-bb0e-72fcb75892c8,b405bb76-c190-4857-97dd-8ee547b0c179,86,,2026-09-30T21:25:57+07:00
7d5919b7-6ff6-4f4b-ac48-46476e6f931d,11bcac5b-455b-470d-8aca-ce7587274aad,,85,,2026-09-27T11:13:05+07:00
fa8d32ad-0558-4df2-af43-c70422f7b676,23277cb2-2beb-4c7a-a8e1-f6651f6686a8,,96,,2026-09-27T04:06:12+07:00
ae69e28e-b1ba-432c-a7ea-67a6f62efb88,23277cb2-2beb-4c7a-a8e1-f6651f6686a8,,86,,2026-09-28T16:20:37+07:00
155e1b03-a2f0-4afe-a284-8ef4931965b5,c8471d8c-6e1a-496f-a56c-0196595edf9e,461e2ef5-600f-436b-8b20-ff6b5e1c1561,85,,2026-09-26T08:23:11+07:00
6a2c1809-90c7-4411-b5ab-51accfa233fb,c8471d8c-6e1a-496f-a56c-0196595edf9e,83d2e570-56ce-4981-937c-fd58fd390509,89,,2026-09-28T04:20:01+07:00
a373cc1a-be00-4e3c-8d26-cc3b994174d3,8b6957a1-9c68-4772-9b63-f6a1471d1671,,78,,2026-09-25T20:25:04+07:00
620e7f43-2605-4a43-b6a5-86da7f98305e,8b6957a1-9c68-4772-9b63-f6a1471d1671,3d6b328b-442b-40b7-8f09-18653f0b20a1,97,,2026-09-26T13:31:40+07:00
cdf82fce-cd08-4afa-8086-13dd24b40514,8b6957a1-9c68-4772-9b63-f6a1471d1671,,88,,2026-09-27T08:47:19+07:00
2b11556f-9049-46df-8dd4-06e640403abd,8b6957a1-9c68-4772-9b63-f6a1471d1671,ec2e17a2-948e-44b3-915f-caa14df50aa9,85,,2026-09-30T02:45:44+07:00
8e2f810c-139e-43e2-8a21-b28ef72f96a0,8b6957a1-9c68-4772-9b63-f6a1471d1671,,94,,2026-09-30T13:57:27+07:00
e4e3cb6a-2323-4f2a-8b89-b3d5a856a91e,0afaf312-d291-4d8a-b75c-0780c2ecc8e4,1b920a71-baaf-4adc-94e8-cd83874a8d54,95,,2026-09-27T10:19:06+07:00
7b321dae-5a93-4f9b-839b-c378deb29024,0afaf312-d291-4d8a-b75c-0780c2ecc8e4,ec2e17a2-948e-44b3-915f-caa14df50aa9,99,,2026-09-27T12:21:57+07:00
3594d6c9-2242-45d0-a547-ba7112344b93,0afaf312-d291-4d8a-b75c-0780c2ecc8e4,c337fe45-7f56-472a-8155-a61796ad3a76,91,,2026-09-28T04:37:01+07:00
e80662a6-98d7-4316-82d3-475dc0a04361,5d30b449-89a3-430d-af6e-607a045603e5,461e2ef5-600f-436b-8b20-ff6b5e1c1561,92,,2026-09-30T03:14:56+07:00
5753fa52-66c7-4ed5-986d-c7e794e839bc,5d30b449-89a3-430d-af6e-607a045603e5,73832518-b9b2-4f5a-bff7-cd820a5da9c8,89,,2026-09-30T14:43:44+07:00
9896eeb3-8a39-445b-a9fd-661f9387e9dc,5884556a-1029-4bb3-b105-e5bcc44e8782,028dcdfd-b509-4967-81ff-593ef33bb7ae,78,,2026-09-29T02:57:33+07:00
98701d7b-6e7f-402c-a6d7-d795470b80eb,5fdab3ea-ab7e-49d5-9b11-69a7fdc029f5,6ac69667-8033-4d4c-8a2c-fb6006a2c00e,84,,2026-09-29T21:25:51+07:00
97cfe818-bd42-47d2-8340-e3394034b04d,5fdab3ea-ab7e-49d5-9b11-69a7fdc029f5,73832518-b9b2-4f5a-bff7-cd820a5da9c8,92,,2026-09-29T21:26:39+07:00
b761f754-a4f5-47ce-8798-1680ecf562d8,74e08d5d-54e6-47d9-a6cc-641103a590af,1c9b4737-176c-445e-859d-330a859b0f5e,87,,2026-09-26T22:38:30+07:00
c4bdcb70-5323-41f9-ab84-de92cf8a7e4b,74e08d5d-54e6-47d9-a6cc-641103a590af,d2c29091-0e3c-43d4-916f-76666e797354,87,,2026-09-27T15:09:27+07:00
fe97debd-a6de-41ea-9413-ea195947cedf,74e08d5d-54e6-47d9-a6cc-641103a590af,52dd34ca-96f4-4b5c-b960-b9886b7f2605,95,,2026-09-28T23:06:32+07:00
b9ebbea5-066a-40a3-b177-db6eb819500b,7bbd48ae-ebb6-4f73-a41b-6f99349e0028,10d05c09-bdb2-4253-8e44-856ad5336f34,88,,2026-09-26T22:28:01+07:00
af91159f-339a-4b9e-bbb2-41ab70fc4186,b7329589-f10d-4910-aa36-99751bcc4982,a12b0378-6739-4162-9eba-0b93ccfdfff0,92,,2026-09-30T05:16:27+07:00
8a84b34a-eca8-462c-a354-2f641ddf280b,2a88c3a4-9b29-498d-bf70-85fd5af17e71,1b18c38d-637d-4ecd-a2a1-77ed14d655bb,87,,2026-09-28T23:07:23+07:00
e1b50cdc-411d-48c8-b6c2-d6bb1e02900a,6589ca64-3ccf-429e-afd3-af9c07cc3d0d,46d4a03e-c262-49ec-8695-987a04d7dc4b,88,,2026-09-29T23:48:04+07:00
b4be69be-8ea5-4ba0-8ac4-2e3f2cbc64e1,da0d7b54-8e8a-4f15-8cb6-47ddf9d5cdbd,,96,,2026-09-28T21:47:52+07:00
43e70a4f-96a2-4b77-a73e-13cabcedf159,da0d7b54-8e8a-4f15-8cb6-47ddf9d5cdbd,2c00434b-be5e-45ee-8122-ed4c038e59ae,87,,2026-09-29T00:17:10+07:00
4ec176c9-860c-4243-a02f-c5a5501c7705,7663bc2b-6e69-4828-86b3-d23933853ec8,1b920a71-baaf-4adc-94e8-cd83874a8d54,86,,2026-09-28T14:23:46+07:00
741223c5-0051-460f-b786-a80335380114,8db1a93c-78ac-4dcb-b53c-967a193092f5,1b920a71-baaf-4adc-94e8-cd83874a8d54,74,,2026-09-29T01:56:49+07:00
38093a14-baed-46b8-8de6-eddbf34df676,8db1a93c-78ac-4dcb-b53c-967a193092f5,,81,,2026-09-29T10:52:36+07:00
397c1b15-1408-4674-a7c9-126cd416b1d4,08cec20b-60e8-4861-a47b-0d41434ea0df,,80,,2026-09-29T18:45:14+07:00
6b02d854-5168-4fdf-a2a4-01fd617d4c80,b6cc26fb-f906-4840-9dc5-f574c61daf0c,fcd40acc-4f8f-45c8-82df-e9d0f8206796,85,,2026-09-27T23:41:34+07:00
5cd2e6a8-e66f-4f39-a1e7-4a195f2c81f3,b6cc26fb-f906-4840-9dc5-f574c61daf0c,83d2e570-56ce-4981-937c-fd58fd390509,84,,2026-09-28T06:58:59+07:00
af98d9ac-9a0e-4eb1-9773-7264c445e5e8,b6cc26fb-f906-4840-9dc5-f574c61daf0c,ec2e17a2-948e-44b3-915f-caa14df50aa9,88,,2026-09-30T01:40:22+07:00
b10d6798-118c-415c-97df-64327b09a7b6,9e29b0f0-08f5-41b7-9fc1-198bec2126a3,461e2ef5-600f-436b-8b20-ff6b5e1c1561,74,,2026-09-28T06:10:47+07:00
22f26e8a-fade-4e87-9188-fc3aa7970fe6,12cc30af-e4b6-4f0c-82a0-1398d56a40d9,506eaccd-4997-418d-8a64-a67ed9a58eaa,85,,2026-09-28T03:07:28+07:00
1e2e5fac-65ff-4feb-9bfc-c33537686b46,12cc30af-e4b6-4f0c-82a0-1398d56a40d9,3d6b328b-442b-40b7-8f09-18653f0b20a1,80,,2026-09-30T09:08:14+07:00
32dea0c5-29f9-4332-aae7-32202f67953b,5c37fc14-de19-4628-9912-d555b04aef88,10d05c09-bdb2-4253-8e44-856ad5336f34,95,,2026-09-28T23:27:46+07:00
ee5b7dde-bdc5-4fe6-9bda-0b5328852eba,5c37fc14-de19-4628-9912-d555b04aef88,52e73b62-4559-490f-bc2e-7ada5e1bb367,90,,2026-09-29T00:21:53+07:00
c3e6d886-9f0d-4cc7-9de4-3996d45d5ae1,80468470-5ada-4d79-a3a1-36a11fea4646,385d7299-b7a7-4793-a42a-5185f3adf474,96,,2026-09-29T01:15:38+07:00
2a4a58f4-b230-4afe-9dc2-dbc1cfa3252c,e23a4ca9-ba5d-4be8-8853-16dc8b6bb12b,52e73b62-4559-490f-bc2e-7ada5e1bb367,84,,2026-09-29T05:09:06+07:00
c4d041b5-5670-4694-8d3a-615bf7d489fa,34f061d2-e44c-4698-aeea-38788691a702,506eaccd-4997-418d-8a64-a67ed9a58eaa,90,,2026-09-28T23:23:14+07:00
c06bbe4f-2782-4e41-806c-aca78c5b90bf,8d9ac745-35bd-4f1d-ab9d-c02631797eab,88be6602-74af-4f89-b7fa-596e620aa8e4,87,,2026-09-28T20:21:06+07:00
19606d4e-2e60-403b-814b-5ef12b187473,8d9ac745-35bd-4f1d-ab9d-c02631797eab,9d3a744a-0add-4abc-9dee-e537ac062393,87,,2026-09-28T20:36:32+07:00
c52bf046-fe33-483b-8db6-554da171291f,a45afc80-9f3b-4ee7-9344-3412b4f0ba98,52dd34ca-96f4-4b5c-b960-b9886b7f2605,68,,2026-09-28T13:56:45+07:00
11b6ae6f-c928-4f65-878f-c779b0c226f7,1ce7d5df-d1b1-4efa-b925-3d8e043a8d3b,ba952af1-6fd5-49fe-ba55-bdc465f95ca2,83,,2026-09-29T22:19:17+07:00
7d9729ec-4859-4d23-87c0-cf32d57b3a6e,de074f2b-c366-4bab-91ee-4c5a1b3984a7,edb26a70-31be-4abe-8303-15f94d51175b,88,,2026-09-30T01:39:47+07:00
4d48be2a-4015-4a0c-87af-464c6642ca69,1f20b337-dd45-480e-ba07-8ed8f1c6d006,73832518-b9b2-4f5a-bff7-cd820a5da9c8,90,,2026-09-30T04:32:06+07:00
88a826fe-9503-4ec7-9562-5763b0631df4,a695b721-12c6-4758-8ad2-2de9c2802c4b,88be6602-74af-4f89-b7fa-596e620aa8e4,88,,2026-09-30T17:59:59+07:00
